dataset,image,region_class,site_r,site_c,site_size,n_query,S1_mean,base_grad_raw,base_grad_fastgp,base_grad_dist,S2_mean_q2.0,S2_se_q2.0,S3_p90_q2.0,S3_p90_se_q2.0,S3_p95_q2.0,S3_p95_se_q2.0,S3_p99_q2.0,S3_p99_se_q2.0,S2_mean_q1.5,S2_se_q1.5,S3_p90_q1.5,S3_p90_se_q1.5,S3_p95_q1.5,S3_p95_se_q1.5,S3_p99_q1.5,S3_p99_se_q1.5
nuclei,nuclei_figure_1,A_merged_interface,553,62,92,81,3.125754288753484,7.216965869054966,2.8663067020586737,0.8973776812260308,3.2485579785051195,0.004190008382007261,0.1306271604938272,0.0012308680740565892,0.01642962962962963,0.0004763349649764821,6.17283950617284e-07,6.172685183256124e-07,3.3163286579178237,0.005309626351653154,0.14354691358024693,0.001450289162609846,0.031437654320987655,0.0007673421129098202,0.0004703703703703704,8.772373878984413e-05
nuclei,nuclei_figure_1,A_merged_interface,444,196,92,81,3.7587987923365533,6.738167678720286,3.691773954845876,0.9066854639455294,3.843950786125314,0.004334169439627148,0.2387432098765432,0.0012146448396264413,0.10788148148148148,0.0007705490388332376,0.007265432098765432,0.00015107324087541293,3.8959128035912967,0.005472649647865527,0.24773703703703706,0.0014846087824817399,0.11916049382716051,0.0010548145653313525,0.011337037037037038,0.00029726198168615326
nuclei,nuclei_figure_1,A_merged_interface,562,52,83,81,3.7323738204277976,6.738408754407729,3.7384180763238035,0.8941577726489802,3.8391879665314894,0.004189078941908862,0.32911296296296294,0.0011603813680889639,0.14675061728395064,0.0012091200640671072,0.0008753086419753085,9.177846457512444e-05,3.8986336858371793,0.005301969203880944,0.3279012345679012,0.0014080914567229624,0.1564246913580247,0.0013705827871917668,0.005621604938271605,0.00030696113560480323
nuclei,nuclei_figure_1,A_merged_interface,801,200,71,81,3.444433671917433,6.752878865326363,2.7984100987575795,0.9192096632643053,3.5319324631429017,0.004347274879438454,0.19806543209876545,0.0009978752521019056,0.0717179012345679,0.0007637458720237594,0.00024382716049382717,3.990261808268174e-05,3.5862897453319125,0.005478731693561747,0.20253950617283956,0.0012808610810130141,0.08106049382716049,0.0009621175100780172,0.002760493827160494,0.00018171968678404597
nuclei,nuclei_figure_1,A_merged_interface,365,495,66,81,1.8121451968007753,6.029306005334642,1.901410781215233,0.8998521828630195,1.9713846016189402,0.004161294443456013,0.00059320987654321,5.9611544484374175e-05,5.555555555555556e-06,3.002000087268815e-06,0.0,0.0,2.0652366383582823,0.005187321842792742,0.004151234567901235,0.0002699533488592236,0.00046728395061728403,7.794166824693517e-05,1.234567901234568e-06,1.2345370366512249e-06
nuclei,nuclei_figure_1,A_merged_interface,738,114,64,81,2.206902409146022,6.68089018624127,2.2635950269514407,0.8825178134045792,2.3264855267227387,0.004193249143503277,0.001054320987654321,6.620354892264844e-05,1.2962962962962962e-05,4.500554698241192e-06,0.0,0.0,2.4016959678355976,0.005247049196314953,0.005125308641975308,0.00033517495401485994,0.000537037037037037,9.138938509686923e-05,3.703703703703704e-06,3.3420017584426477e-06
nuclei,nuclei_figure_1,A_merged_interface,693,654,64,81,3.9926210181402144,6.576600529452812,4.0836232256796405,0.9129111419548807,4.064067797896499,0.0045312170213595016,0.23883333333333331,0.0017172217982329625,0.06425432098765432,0.000939968476526253,0.0001574074074074074,3.3695608416153126e-05,4.1074554508664445,0.005733559737507424,0.25176049382716054,0.0019806115980230544,0.08282283950617285,0.0013001869938532914,0.002419135802469136,0.0002122179482118431
nuclei,nuclei_figure_1,A_merged_interface,450,391,64,81,4.477194816540019,7.618484206481245,3.600489908586969,0.8931056507842571,4.551690961476978,0.004377692621679956,0.4057660493827161,0.0012501756091132582,0.23632530864197532,0.0011426849889311919,0.04174567901234568,0.00045625877511636814,4.595919992840948,0.005543172368512491,0.4086981481481481,0.0015366798945203584,0.24421172839506172,0.0014165168088212327,0.04845061728395062,0.0006619254024343863
nuclei,nuclei_figure_1,A_merged_interface,817,187,59,81,2.119833054921486,5.241672743840066,1.9069760028830078,0.8991234336039375,2.2647017563273404,0.004127704089390951,0.03697098765432099,0.0002944062707573072,0.00878456790123457,0.00014551551759979433,1.234567901234568e-05,3.8578194721508465e-06,2.349220909786818,0.005177545170740096,0.04071481481481481,0.0004769713741529813,0.011855555555555553,0.00024087812495767334,0.00030432098765432097,3.0993682155626805e-05
nuclei,nuclei_figure_1,A_merged_interface,1007,40,56,81,1.9572620989134426,7.729182729524868,1.830474255143482,0.9033081614551284,2.1061885641668443,0.00420055513557346,0.0002024691358024691,3.8244039280137785e-05,1.851851851851852e-06,1.4901962034658106e-06,0.0,0.0,2.1920641931447737,0.005254199903022215,0.0032456790123456787,0.00028032907689620214,0.0003222222222222222,7.275649848294984e-05,1.234567901234568e-06,8.729276851401981e-07
nuclei,nuclei_figure_1,A_merged_interface,279,162,56,81,3.4737359671628214,6.514763689942136,3.368179722569749,0.884816813353711,3.5508015211588537,0.004468079996138231,0.14089814814814816,0.0012304242250305985,0.02456358024691358,0.0005492396667514346,1.1728395061728396e-05,6.096963010547185e-06,3.5994931179272758,0.005628841371028205,0.1545074074074074,0.001525584926274754,0.03919938271604938,0.0008542895342359177,0.000791358024691358,0.00010978246573424319
nuclei,nuclei_figure_1,A_merged_interface,57,834,54,81,1.4949010207127973,3.2573884481096966,1.5112532778659933,0.9256837781772516,1.6724222032889904,0.004099610980032951,1.234567901234568e-06,1.2345370366512249e-06,0.0,0.0,0.0,0.0,1.7759983370537435,0.005095895707705803,0.0005074074074074074,0.00011481666542521991,3.7654320987654326e-05,2.130884389825418e-05,0.0,0.0
nuclei,nuclei_figure_1,A_merged_interface,179,889,54,81,4.362821470862274,7.296586870783585,4.234080605995014,0.90345953693305,4.4486504696303335,0.004447707870583174,0.4019123456790124,0.0006818127533350353,0.3119246913580247,0.0008774489846983477,0.053374074074074074,0.0007166470225755655,4.496195847943604,0.005630796085592398,0.4021617283950618,0.0010367415709098,0.30912962962962964,0.0011379403746084671,0.06413765432098766,0.0008846086583964445
nuclei,nuclei_figure_1,A_merged_interface,224,318,54,81,3.00654838182498,6.3062248927468,3.1745630453931684,0.8933527258216121,3.0973524993052672,0.004451708810729634,0.015555555555555555,0.0005543898903788911,0.00038148148148148145,7.33306447200466e-05,0.0,0.0,3.152467410344437,0.0056088128847307074,0.03568827160493827,0.0010105558834958353,0.005188271604938271,0.00037854621224041963,4.0740740740740745e-05,2.3613390331649763e-05
nuclei,nuclei_figure_1,A_merged_interface,195,162,53,81,5.608739051090801,8.074220912298037,5.503476075655146,0.8858718970293937,5.684261180006127,0.004500697180217214,0.5282438271604939,0.0004796414264908954,0.47498827160493823,0.0005147518457764848,0.30601851851851847,0.0007881086556099146,5.725619032611572,0.005706499065797117,0.53034012345679,0.0007205593862526198,0.47374259259259255,0.0007554822096809,0.3063358024691358,0.0010051691569868608
nuclei,nuclei_figure_1,A_merged_interface,326,461,52,81,3.502588262909113,6.615010846682938,3.3966615799872937,0.9196575589925429,3.587909172797124,0.004347416104118767,0.1849827160493827,0.0013541487522957597,0.040127160493827155,0.0006965319055753876,2.839506172839506e-05,9.282721164597878e-06,3.6417065279056904,0.0054769167990773105,0.19599753086419752,0.0015886230252808815,0.0556351851851852,0.0009785388520456592,0.0012000000000000001,0.00013776502399852317
nuclei,nuclei_figure_1,A_merged_interface,342,948,52,81,1.245501604601619,1.7493433976819115,1.429089616829481,0.9064585715061536,1.575753624396166,0.0036770849047454567,0.023801234567901237,0.0001883762184473181,0.008654938271604937,8.837399668095069e-05,5.802469135802468e-05,6.55628280673058e-06,1.703867569910267,0.0048247616602916845,0.0264179012345679,0.0002878344008027163,0.010582098765432098,0.0001507589851621589,0.0004425925925925927,2.6186723301583056e-05
nuclei,nuclei_figure_1,A_merged_interface,36,162,52,81,2.0819738883144643,5.092513614029415,2.0666321382253523,0.8937004924179683,2.245413081502548,0.004200684557140029,0.022480864197530866,0.00027576938211510647,0.002830864197530865,8.544097046706776e-05,6.17283950617284e-07,6.172685183256124e-07,2.331802634012372,0.005274992488643054,0.02840432098765432,0.0005067273209660254,0.005935185185185186,0.0002100002309061274,8.580246913580249e-05,1.6751606021604853e-05
nuclei,nuclei_figure_1,A_merged_interface,7,336,48,81,2.9790179482144263,5.012557881314459,2.950604325241671,0.9203416118862274,3.06546778871646,0.004313613686359948,0.023898765432098765,0.0005348069576964191,0.0009438271604938272,9.200895784722705e-05,0.0,0.0,3.119350156813468,0.005427270153474104,0.03917654320987654,0.0009176850717956674,0.0059395061728395055,0.0003393854034342143,4.506172839506172e-05,2.1404967596635408e-05
nuclei,nuclei_figure_1,A_merged_interface,9,384,47,81,1.9238568959610476,3.558736549367014,1.8583757311501279,0.8777216115473981,2.065191069187645,0.004232227323560188,0.00019876543209876543,3.985034258775804e-05,0.0,0.0,0.0,0.0,2.150728601420481,0.005259489184108671,0.0030888888888888884,0.00026350141520479543,0.0002814814814814815,6.698049865636936e-05,1.234567901234568e-06,1.2345370366512249e-06
nuclei,nuclei_figure_1,A_merged_interface,1017,312,47,81,2.209187231535346,4.81166799112936,2.083634003994047,0.8755922317361446,2.323654371906132,0.004280250669198992,0.0034179012345679004,0.00010029648196929786,0.0001154320987654321,1.3663494397009168e-05,0.0,0.0,2.397938741962541,0.005330095970446677,0.007907407407407406,0.0003601515226238595,0.001039506172839506,0.00011243007544070471,7.407407407407408e-06,4.357627230280613e-06
nuclei,nuclei_figure_1,A_merged_interface,46,300,44,81,2.1014769077538094,5.287853748498875,2.0799012717910474,0.8490906488376816,2.22660125048753,0.004239474763785444,0.0003617283950617284,5.2215077576973356e-05,1.851851851851852e-06,1.4901962034658106e-06,0.0,0.0,2.303972110933086,0.005286130028496089,0.0037160493827160493,0.0002986739233989835,0.0003777777777777777,8.533590753678804e-05,1.234567901234568e-06,1.2345370366512249e-06
nuclei,nuclei_figure_1,A_merged_interface,779,142,40,81,3.076979682895697,5.777012054587719,2.7118917962931697,0.8113135404829478,3.169242595171171,0.004320254976022669,0.14196481481481482,0.0008489759607414572,0.03560679012345679,0.0005351433359378875,2.2839506172839506e-05,1.124814727805906e-05,3.2286868614141326,0.005412863205626158,0.14756358024691357,0.0010932242186357521,0.045004938271604934,0.0007140098937215481,0.0009716049382716049,0.00010114300978471727
nuclei,nuclei_figure_1,A_merged_interface,354,954,38,81,5.696201421336323,8.118063019547765,5.288321378971359,0.9955195663686905,5.734766246168808,0.004468531683670824,0.5557506172839507,0.0016837384880555365,0.3475956790123457,0.001352235297644339,0.12241913580246912,0.0006331390569997381,5.760206878836388,0.005682341265363644,0.5619351851851853,0.0019659214009881834,0.35889567901234565,0.0017261670691084065,0.1279574074074074,0.000913356137956105
nuclei,nuclei_figure_1,A_merged_interface,121,841,37,81,3.1378658328820133,4.973191141704303,2.957606206788571,0.7866849660597767,3.230992923472932,0.004421481718776192,0.07521975308641976,0.0010309888326492643,0.006241975308641976,0.00028969207403774325,0.0,0.0,3.2885404714343327,0.0055616902878482454,0.09140802469135802,0.001322472991969006,0.018087037037037037,0.0006096012835315028,0.0002487654320987654,6.307188102953381e-05
nuclei,nuclei_figure_1,A_merged_interface,113,765,36,81,3.034329613247937,6.028812044117445,2.975101328451224,0.9020487124925619,3.1158621396122497,0.004471433493855421,0.023821604938271606,0.0006498255362193354,0.0007450617283950617,0.00010409470217631474,0.0,0.0,3.1693292934870487,0.005600154595921133,0.04365987654320987,0.0010515804482156296,0.006756172839506173,0.0004058632547166734,6.419753086419753e-05,3.02698029244103e-05
nuclei,nuclei_figure_1,A_merged_interface,1031,407,35,81,3.8681747460310696,6.169326562787478,3.820657129202441,0.8548750960063424,3.933092440929797,0.00438261930195334,0.18340061728395066,0.001155250299736501,0.07258148148148147,0.0006264598649640025,0.0028512345679012345,8.335801987433793e-05,3.975129401948573,0.005542899706613383,0.19777901234567902,0.001536738706977365,0.08332098765432099,0.0009570510213994101,0.00567037037037037,0.00020662883898685713
nuclei,nuclei_figure_1,B_separated_interface,1032,386,86,81,2.2499997615220484,5.67481160179769,1.852344985510075,0.792229008315891,2.3813704885521,0.00427109366549222,0.004207407407407407,0.0002092866402740248,4.506172839506172e-05,1.5761548255596782e-05,0.0,0.0,2.4597265525034704,0.005340109294645875,0.013386419753086418,0.0005109905979464748,0.001720987654320988,0.00016866315561105352,1.1111111111111112e-05,8.822177466127952e-06
nuclei,nuclei_figure_1,B_separated_interface,862,289,61,81,2.6008146645347057,5.79619755184744,2.512692550676917,0.4553808680496574,2.7104001627600054,0.004233268750327304,0.004594444444444444,0.00023357282390771937,7.098765432098765e-05,1.9736928153677744e-05,0.0,0.0,2.7759132968580262,0.005315114954861081,0.01566358024691358,0.0006164755751114901,0.00187037037037037,0.00019811907874062474,8.641975308641977e-06,7.195321850514466e-06
nuclei,nuclei_figure_1,B_separated_interface,1082,336,56,81,1.6699283995950638,5.933159968431421,1.5369260870470467,0.7472908565475505,1.9253274966549678,0.0038650146847387765,0.05225123456790124,0.0003374692688926049,0.015006172839506173,0.00020279893314490108,2.7777777777777782e-05,6.2071043324536e-06,2.0374762036158405,0.004977845806932206,0.05532901234567902,0.00045973576118844926,0.018515432098765435,0.00028401883391349693,0.0004975308641975309,4.466468004036112e-05
nuclei,nuclei_figure_1,B_separated_interface,507,426,52,81,3.1483077238338235,8.035795438056661,2.736950635048115,0.7225848629496259,3.2598489726444306,0.004244975037997015,0.2145672839506173,0.000871263911667607,0.08590308641975308,0.0008140524526042678,0.0002808641975308642,4.6025313040852985e-05,3.3256560890386186,0.005345797228636666,0.21473827160493825,0.0010896692592128412,0.09374444444444444,0.0009489930246458273,0.0029450617283950614,0.00018854185091600397
nuclei,nuclei_figure_1,B_separated_interface,614,584,49,81,4.563933479096574,8.36641250284638,4.091041498932314,0.9050419843947152,4.620818357262111,0.004490317859558219,0.37773703703703704,0.0016379287568968014,0.18180555555555555,0.0013062307891980648,0.007257407407407407,0.00021723514734213424,4.656551173095649,0.005692009218330634,0.3833302469135803,0.0019379877249256507,0.19496913580246913,0.00161432893777813,0.01489320987654321,0.0004716402246746466
nuclei,nuclei_figure_1,B_separated_interface,1081,202,48,81,3.7367861089879644,6.799600526471259,3.6463170676057617,0.8631489917567516,3.8182380436283325,0.004486859616857131,0.2293703703703704,0.0011652259411321143,0.0880216049382716,0.0009042737491688665,0.00038271604938271603,5.714554681574881e-05,3.8666157728981583,0.005670103217166526,0.2376425925925926,0.001521886372184346,0.09791913580246914,0.001156316560850265,0.0036160493827160495,0.00022875062168141257
nuclei,nuclei_figure_1,B_separated_interface,887,326,48,81,3.568139461228363,5.333083328185502,3.114254024783879,0.23934277249233885,3.6659516672569787,0.004352681557531331,0.26676172839506174,0.0005568667752972661,0.1916753086419753,0.0006972846327922732,0.0188179012345679,0.0003703678962856555,3.723960023853056,0.005485633125659259,0.2674098765432099,0.0008700868986748206,0.19076666666666667,0.0008743314591638899,0.026805555555555558,0.0005031549007894416
nuclei,nuclei_figure_1,B_separated_interface,836,130,46,81,3.5588551492448985,5.930644791990671,3.4637841052623184,0.5975261499051229,3.660776035712461,0.004137323219190645,0.22455987654320989,0.0010665419453260896,0.07239999999999999,0.0008413999087583104,9.074074074074073e-05,2.509751111798101e-05,3.717366039909782,0.005258062818348601,0.22981728395061726,0.0013796641233600566,0.08300246913580246,0.001047746950318401,0.0019506172839506173,0.0001672673342887224
nuclei,nuclei_figure_1,B_separated_interface,163,527,46,81,3.2552054205289602,6.103134323163746,3.1310050974394006,0.9020954401551217,3.3436025960475027,0.004451071344664188,0.12015617283950616,0.0011005877835642492,0.017645061728395063,0.0004660783906246094,3.08641975308642e-06,2.724733240117035e-06,3.397268819922985,0.005610384508372633,0.13069444444444447,0.001375392467225085,0.031206790123456788,0.0007370287777406583,0.0006074074074074073,9.392641276527501e-05
nuclei,nuclei_figure_1,B_separated_interface,940,414,41,81,2.4967844775835903,5.655275465080459,2.3366896553211527,0.421807900285025,2.625827755714157,0.004303483351124465,0.02411172839506173,0.0005432242740085462,0.0010166666666666668,0.00010077162294825236,0.0,0.0,2.7006392520357014,0.005392554066189078,0.038692592592592584,0.0008255016667427465,0.006422839506172839,0.0003283449953749773,7.407407407407406e-05,3.070309869943413e-05
nuclei,nuclei_figure_1,B_separated_interface,385,488,39,81,3.823437953391707,5.95096665477836,3.7769480733154945,0.8881507459432286,3.9138313967764007,0.004479903599315778,0.210479012345679,0.0015755592241643226,0.05100493827160494,0.0008290064911056709,0.00010617283950617284,2.2160502394553742e-05,3.9598942836414075,0.005700006403730565,0.2230413580246913,0.0018554854410325948,0.0687432098765432,0.0011705130773153657,0.001911111111111111,0.00018004087126260028
nuclei,nuclei_figure_1,B_separated_interface,1098,342,38,81,2.024091310641834,5.198410958062006,2.207802310656106,0.888524224756139,2.1743825914015678,0.004176228240292344,0.03879197530864197,0.00027270823660453195,0.010319135802469136,0.00015265272882314797,1.2962962962962962e-05,4.771771961810785e-06,2.262413753223624,0.005210854392723762,0.04201111111111111,0.0004463827366718499,0.01312654320987654,0.00023672051350078657,0.0003351851851851852,3.145805000621104e-05
nuclei,nuclei_figure_1,B_separated_interface,153,806,36,81,2.9589383064803108,5.49133275094253,2.8152607114987793,0.6386925951012676,3.0821082070438672,0.0042489383519129,0.19796172839506174,0.0007447666567472026,0.09565864197530864,0.0007112953009745548,0.0012598765432098767,8.164134281828998e-05,3.1554540576875194,0.00533262776977402,0.19922777777777778,0.0009538025746351035,0.10145432098765432,0.0008456543423739545,0.005048765432098765,0.00021920315111551036
nuclei,nuclei_figure_1,B_separated_interface,408,667,35,81,4.106373038214404,6.889158736047258,3.896244593857015,0.9119460258706451,4.177449720221393,0.004372032604414225,0.30384506172839504,0.0011886830894284387,0.16241481481481482,0.0008782216218079733,0.02572469135802469,0.00028962846988985505,4.222230689196426,0.005519007286257878,0.3099635802469136,0.0014862024599510174,0.1721320987654321,0.0011647304380466299,0.030825308641975312,0.00044929115002809763
nuclei,nuclei_figure_1,B_separated_interface,266,177,34,81,4.3542254176466395,7.59110250351229,3.8595500187449066,0.8960740964778665,4.4149547119106405,0.004415915805027674,0.3231283950617283,0.0011359340603541114,0.18075493827160494,0.0010890399090531884,0.004782716049382716,0.00019850987688542043,4.453222097818252,0.005594143721257427,0.3303012345679013,0.0015605237087569536,0.18768209876543213,0.0013693981469442389,0.012344444444444444,0.0004189137205136349
nuclei,nuclei_figure_1,B_separated_interface,1079,428,33,81,2.7507288921343225,5.835643450635665,2.634106314575711,0.9065472145629764,2.846041826331881,0.004285260589722316,0.011866666666666666,0.00034028041603802623,0.00046296296296296303,4.7352861678391586e-05,0.0,0.0,2.9066762702088944,0.005385969751707588,0.02410493827160494,0.0007274353288617592,0.003518518518518518,0.0002514845832404035,2.5308641975308642e-05,1.39963477855257e-05
nuclei,nuclei_figure_1,B_separated_interface,318,825,33,81,3.191129719610696,5.16954505732599,3.09819261009123,0.8934019137392984,3.283132853047736,0.004440220925559048,0.10629876543209878,0.0011761748341364933,0.012787037037037036,0.0004160814553096612,3.08641975308642e-06,1.942014659761526e-06,3.340079564502944,0.00557329641282119,0.12098641975308644,0.001423621110291858,0.026713580246913577,0.0007212629493783006,0.0004728395061728395,8.76733196519641e-05
nuclei,nuclei_figure_1,B_separated_interface,318,92,32,81,2.5841973023582465,5.853410082134597,2.3133551982913576,0.677625919053443,2.708008363321381,0.004279388833683766,0.08970987654320989,0.0007847504699982544,0.013317901234567902,0.0003408484118719529,2.469135802469136e-06,2.107464721791423e-06,2.7836995080515443,0.005344076251643192,0.09718456790123456,0.0009629461329274026,0.023101234567901235,0.0005221851304704438,0.0003771604938271605,6.188741559994455e-05
nuclei,nuclei_figure_1,B_separated_interface,1071,404,32,81,3.630904836447816,6.211609480930194,3.2557998412867457,0.5994957679542515,3.720871014266513,0.004372452183030251,0.2547598765432099,0.0005393912915824604,0.187341975308642,0.0005704257489460414,0.04577407407407407,0.0004258730468194555,3.7755029602145087,0.005504739228341031,0.2565432098765432,0.000836802914025666,0.18833703703703705,0.0007690180076382597,0.05094259259259259,0.0005343323138596187
nuclei,nuclei_figure_1,B_separated_interface,1114,161,31,81,3.9197095652584912,6.876401478438548,3.6288124103509745,0.9230952024857985,3.9879829093241366,0.004417673238162419,0.2583759259259259,0.0013881793687039068,0.08066234567901234,0.0009916101309580645,0.0002259259259259259,3.962821349707949e-05,4.031794467547035,0.005578097973833235,0.2657635802469136,0.0016859314690782366,0.09465432098765432,0.0012487169325232027,0.0027753086419753086,0.00021425513534319108
nuclei,nuclei_figure_1,B_separated_interface,830,180,29,81,3.977644860474185,6.3081887746803655,3.6049607164382262,0.6115038360802719,4.049119888498014,0.004438427195317232,0.29234938271604943,0.0011934879483917566,0.13130617283950616,0.0010916747408047543,0.0013376543209876546,0.00010157587623551525,4.094113690982833,0.0056064540519075185,0.2959098765432099,0.0015280751772955175,0.14068518518518516,0.0013149956018340188,0.00637283950617284,0.0003080204718951208
nuclei,nuclei_figure_1,B_separated_interface,1066,375,29,81,2.988071637857956,5.401247851649994,2.7645921701091214,0.6581524464450774,3.069412290714325,0.004321348437161565,0.01612098765432099,0.00036563121272665974,0.0011722222222222223,6.233395769628175e-05,1.234567901234568e-06,8.729276851401981e-07,3.121718631995239,0.005439743299466901,0.028784567901234574,0.000806318035311742,0.004614814814814815,0.00028935396882303266,4.444444444444445e-05,1.5346334205323214e-05
nuclei,nuclei_figure_1,B_separated_interface,138,807,28,81,3.27118417732541,6.185308482957901,3.1673725830201773,0.7112295023531839,3.3572258508807065,0.004341310762346383,0.09749567901234568,0.0011284483326738357,0.011133333333333334,0.00036286421957210454,5.555555555555556e-06,3.487581049897063e-06,3.412027212942283,0.005458221488629861,0.11311172839506174,0.0014055206756375192,0.02394938271604938,0.000676869615575763,0.0003938271604938271,7.675699296235338e-05
nuclei,nuclei_figure_1,B_separated_interface,1093,221,28,81,3.2039326921099227,5.625504894036341,2.880919018486791,0.8802153149421826,3.2834196578944983,0.004317727382745851,0.024903086419753088,0.0006513482112186331,0.0008037037037037037,9.419293374879859e-05,0.0,0.0,3.333901312116605,0.0054407184069069706,0.045516666666666664,0.0010967008380305331,0.006491358024691358,0.00040553291649221606,5.308641975308642e-05,2.729635929760483e-05
nuclei,nuclei_figure_1,B_separated_interface,916,419,25,81,2.871198810446137,4.524414892124947,2.805465803408918,0.39836997653945405,2.9543397732316725,0.0044340415326029545,0.009903086419753085,0.00034267522422792043,0.0002969135802469135,4.17335270114971e-05,0.0,0.0,3.009058848685899,0.005564113696104572,0.023535802469135805,0.0007841860824686819,0.003420987654320988,0.0002815264773642255,2.5925925925925925e-05,1.4407581971417945e-05
nuclei,nuclei_figure_1,B_separated_interface,178,183,24,81,4.0063748809189255,6.2902964726815505,3.7593113975239154,0.8069825476309812,4.088979953580349,0.004340959379011546,0.34398703703703704,0.0005607967795111431,0.26796913580246917,0.000682544704756968,0.05596049382716049,0.0006446960770477656,4.142303941715752,0.005453377102128291,0.34459074074074075,0.000845195807903315,0.2665401234567901,0.0009078904243449547,0.06379691358024692,0.0007749063551966046
nuclei,nuclei_figure_1,B_separated_interface,482,425,23,81,3.0891443269392584,5.2941507744995535,3.2748408924189163,0.8564719159184365,3.173371682946237,0.004384561395290363,0.09401543209876542,0.0005143984831546588,0.047650000000000005,0.00031648312936749843,0.0012827160493827162,5.600370125111958e-05,3.227290373520661,0.005512387304585615,0.1017320987654321,0.0008746962052114664,0.05149691358024692,0.000517081726571805,0.003471604938271605,0.00012342550780689368
nuclei,nuclei_figure_1,B_separated_interface,1026,366,22,81,2.823779303969839,5.846119601916866,2.290442086550917,0.5059968030295643,2.9108385342614693,0.004341888051700125,0.004241975308641975,0.00025989368636785624,5.493827160493827e-05,1.8576479675097392e-05,0.0,0.0,2.967662605980397,0.005450750553475425,0.01681728395061728,0.0007080126633209447,0.001976543209876543,0.00023173370047025442,9.876543209876545e-06,8.791468238676718e-06
nuclei,nuclei_figure_1,B_separated_interface,625,78,19,81,4.044098028907097,6.877763211679068,3.745551429706851,0.8494722373762728,4.110760289923216,0.004449774379809301,0.3006598765432099,0.0011364941404569122,0.1423172839506173,0.0011129858156096629,0.0014475308641975309,0.00011354517411988321,4.151546434558793,0.005629906517109553,0.3019876543209876,0.0014844352981229652,0.1506259259259259,0.0013218594998120514,0.006930864197530864,0.0003243485802237181
nuclei,nuclei_figure_1,B_separated_interface,721,140,18,81,3.3310395203981273,6.05159255407879,3.2260054225114385,0.8982662353568586,3.4112281338526538,0.004281690388524454,0.0846716049382716,0.0008956225058861313,0.017878395061728395,0.0003176497377415861,4.0123456790123456e-05,8.494724874875766e-06,3.4631145830732755,0.00539722069952104,0.1010783950617284,0.0012620369870982146,0.026866666666666667,0.00061240156436652,0.0006938271604938272,7.158759601654199e-05
nuclei,nuclei_figure_1,B_separated_interface,1013,19,18,81,3.0428135650444674,5.276482870080998,2.9430498870231485,0.7756625319026855,3.13219190018125,0.004347029063476238,0.042448148148148145,0.0007420183747703184,0.003658641975308642,0.00016886443714352108,6.17283950617284e-07,6.172685183256124e-07,3.1889576772566586,0.005465902329150028,0.06046172839506173,0.0011031679958507187,0.011117901234567901,0.00045755136928619087,0.00016790123456790124,4.274857777612356e-05
nuclei,nuclei_figure_1,B_separated_interface,48,165,18,81,4.456293615476865,6.135429835580485,4.430734116166035,0.8978739795098089,4.51572803310942,0.004521899728287644,0.3533802469135803,0.002033977945924019,0.11284753086419753,0.001326455905765625,0.0016697530864197528,8.771407580559091e-05,4.552229116716103,0.0057368475862786365,0.3608,0.0022496736691589104,0.1347524691358025,0.0016539994779999091,0.006110493827160494,0.0003376141707676611
nuclei,nuclei_figure_1,B_separated_interface,72,958,15,81,4.288122899476344,7.084172319501791,4.1264615088189975,0.5267809804258708,4.353388001551709,0.004510731978223738,0.37278765432098765,0.0012484516255576268,0.20936604938271602,0.0012751722408716377,0.00578641975308642,0.00024760629744361936,4.395889651468974,0.00569080374119156,0.37219382716049376,0.0015748732832802789,0.21645555555555557,0.0015069278292703123,0.01515493827160494,0.0005029837434479082
nuclei,nuclei_figure_1,B_separated_interface,25,321,13,81,2.753071611495744,4.88832112488112,2.6369513577665042,0.27331810091439734,2.8471634022183236,0.004305916497316065,0.06404320987654322,0.0005661317282334694,0.009792592592592592,0.00023031276633595372,1.851851851851852e-06,1.8518055549768374e-06,2.9093709726708563,0.0053845247221720426,0.07134135802469137,0.0008306237651865586,0.01648271604938271,0.00040991035414212875,0.00024012345679012349,4.124639060884673e-05
nuclei,nuclei_figure_1,B_separated_interface,1050,374,10,81,2.490603450057573,6.089413674559091,2.3332965350322783,0.08536066126386536,2.5871141364446855,0.004366384685311691,0.0013506172839506173,0.00011774814101864846,1.2962962962962962e-05,6.284131551700805e-06,0.0,0.0,2.6507406511056524,0.005454535803796394,0.00836604938271605,0.0004785230026171588,0.0009820987654320986,0.00015116508523528878,4.938271604938272e-06,4.214929443582846e-06
nuclei,nuclei_figure_1,B_separated_interface,695,123,4,81,4.355457811629903,7.211074743387115,4.026736464833964,0.8603927157431229,4.420797085541564,0.004430432100667238,0.32298333333333334,0.0009568907606157525,0.225591975308642,0.0007832188829214934,0.04385185185185185,0.00046824362193916827,4.462641211898665,0.005597942399357094,0.33189135802469133,0.0013255884021203062,0.22917654320987652,0.0010990992321681034,0.05147716049382716,0.0006321875656653548
nuclei,nuclei_figure_1,C_outer_boundary,214,700,2,81,3.389287366921853,5.011600450688966,3.3764188927972096,0.8897433632450588,3.4658771292981743,0.004472376594660013,0.06540555555555556,0.0010417952700397099,0.005833333333333334,0.0002596939410559003,6.17283950617284e-07,6.172685183256124e-07,3.514643480653233,0.00563451277276556,0.08708765432098765,0.00142760575257004,0.01701666666666667,0.0006336329337131217,0.00024135802469135804,6.289859071081369e-05
nuclei,nuclei_figure_1,C_outer_boundary,716,118,2,81,4.030144090286462,6.446210843344065,3.614548430212292,0.8783198304590806,4.0981320879111225,0.004391282039327167,0.2677734567901235,0.0015830275182381398,0.07715555555555555,0.001014121551678843,0.00022592592592592594,3.5253306893403725e-05,4.140191265297083,0.005557142975604688,0.27659320987654323,0.0018465767747590635,0.09459506172839506,0.0013073760436521273,0.0026339506172839504,0.00021484987176720606
nuclei,nuclei_figure_1,D_interior,985,551,1167,81,1.1449539756922633,6.660966176228869,1.0373903413836576,0.8974484219453371,1.3779893173466193,0.003943487544460415,0.0,0.0,0.0,0.0,0.0,0.0,1.5008185790351056,0.0049285050370852755,0.0001419753086419753,6.156296377297464e-05,8.02469135802469e-06,6.459053577521943e-06,0.0,0.0
nuclei,nuclei_figure_1,D_interior,476,749,780,81,2.4526516853523246,3.808852611225841,2.4190432555823893,0.900020142063674,2.603259519454157,0.004111538363865837,0.05059506172839506,0.0005111686686959372,0.006942592592592593,0.00017770180964859903,1.234567901234568e-06,1.2345370366512249e-06,2.6825468393455814,0.005207171167070007,0.05943641975308641,0.0007676596504396365,0.012728395061728397,0.0003557564138406504,0.0001648148148148148,3.180176501604504e-05
nuclei,nuclei_figure_1,D_interior,786,128,694,81,1.6943792152675636,5.686079455612414,1.2607552714962682,0.9076411808996351,1.8757383677741957,0.003993261926879718,0.00012839506172839505,2.5889760171955946e-05,0.0,0.0,0.0,0.0,1.9745603837137145,0.005019729090120231,0.0019333333333333331,0.0001858115538045955,0.00016481481481481482,4.321880575862225e-05,0.0,0.0
nuclei,nuclei_figure_1,D_interior,875,96,654,81,1.1710199603915805,6.09887716619423,1.0300645606761174,0.9032257241000233,1.430712966757441,0.003855317886456311,1.851851851851852e-06,1.4901962034658106e-06,0.0,0.0,0.0,0.0,1.553557063761597,0.004901680373586609,0.00040987654320987654,8.396901907902525e-05,3.0246913580246912e-05,1.623942413428281e-05,0.0,0.0
nuclei,nuclei_figure_1,D_interior,344,183,645,81,0.9139322107148361,4.527105073923336,0.8797132428941298,0.8962078155851072,1.2102430028500673,0.003689852557882589,0.0,0.0,0.0,0.0,0.0,0.0,1.3469752751288282,0.00472995323536034,6.0493827160493825e-05,3.3296651993245364e-05,3.08641975308642e-06,2.7247332401170356e-06,0.0,0.0
nuclei,nuclei_figure_1,D_interior,256,194,615,81,1.8344894129823652,5.997871039100297,1.6678401832311254,0.9070327205849777,1.9848123806906355,0.004125840834217982,5.925925925925925e-05,1.69511922347648e-05,0.0,0.0,0.0,0.0,2.073457740163907,0.0051575324978295235,0.0016919753086419753,0.00020006608751785008,0.00014938271604938272,5.0192281104350866e-05,6.17283950617284e-07,6.172685183256124e-07
nuclei,nuclei_figure_1,D_interior,1086,408,596,81,2.7266736102307787,6.395201639050782,2.7371031559692973,0.8918260287176893,2.8147258785509526,0.004486278608482691,0.012327777777777776,0.000333005812424927,0.0006246913580246913,5.1811031032742086e-05,0.0,0.0,2.874276284863795,0.005604612283618432,0.024005555555555554,0.000730329543577449,0.003816666666666667,0.00026858070691840357,4.5061728395061736e-05,1.6182222225952225e-05
nuclei,nuclei_figure_1,D_interior,875,222,578,81,0.8443199058275228,5.637549736136599,0.8520863044921689,0.8977386922451017,1.161125718224399,0.003660721743088494,0.0,0.0,0.0,0.0,0.0,0.0,1.3013858647975975,0.004715475874136313,4.9999999999999996e-05,3.242371187203755e-05,3.08641975308642e-06,3.0863425916280622e-06,0.0,0.0
nuclei,nuclei_figure_1,D_interior,570,500,559,81,1.6627565268509543,6.343348211518453,1.6401370430854112,0.898270301030764,1.8050256396384228,0.004229590260034146,0.0009932098765432099,2.73303326421636e-05,2.2222222222222223e-05,3.7003688690188497e-06,0.0,0.0,1.8980222004932215,0.005201101917174829,0.002220370370370371,0.0001532074697742137,0.0003067901234567901,3.34241514426561e-05,6.17283950617284e-07,6.172685183256124e-07
nuclei,nuclei_figure_1,D_interior,836,142,545,81,1.1339993990083972,5.12951468203653,1.0649268261228861,0.8880083726852727,1.375634960732041,0.003888561499286326,0.0,0.0,0.0,0.0,0.0,0.0,1.5001524907270158,0.004900201106542274,0.0001845679012345679,6.61906604678299e-05,9.259259259259259e-06,8.174199720351106e-06,0.0,0.0
nuclei,nuclei_figure_1,D_interior,629,363,541,81,0.7799220513531361,5.785627337506038,0.8118456553022518,0.8941235500315278,1.140350495352554,0.0035270973079407466,3.7037037037037033e-06,1.511803883803004e-06,0.0,0.0,0.0,0.0,1.284392144239835,0.004641950758777976,0.00019012345679012344,3.919746776307767e-05,1.4814814814814813e-05,5.052523872908781e-06,0.0,0.0
nuclei,nuclei_figure_1,D_interior,700,604,533,81,1.2504461624072831,5.3597634560477365,1.1878747498196096,0.8958994388706962,1.457823858494782,0.003959571957100725,0.0,0.0,0.0,0.0,0.0,0.0,1.5749510609745883,0.004930140832540208,0.00016975308641975305,6.51022851550167e-05,9.259259259259259e-06,8.535809071862133e-06,0.0,0.0
nuclei,nuclei_figure_1,D_interior,302,542,522,81,1.7900206672729784,6.2789567271804225,1.7379502896252752,0.9072214317732865,2.0128925677216816,0.003996804043446118,0.02575679012345679,0.0002641956141774477,0.00593395061728395,0.00010193858329914897,8.02469135802469e-06,2.2249254819872686e-06,2.116907759663485,0.005110185790748244,0.03099938271604938,0.00045642171318588756,0.008616666666666667,0.00021140032404625832,0.00021790123456790124,2.5145435068418067e-05
nuclei,nuclei_figure_1,D_interior,205,475,514,81,1.5987100543821322,6.2750692323833155,1.712307434650558,0.8922776976414828,1.7811424018710342,0.004138829094661369,0.0002771604938271605,2.976814503938639e-05,3.08641975308642e-06,2.303624011272553e-06,0.0,0.0,1.8826295951183296,0.005169928984963812,0.002274691358024691,0.0001920873786630107,0.0002537037037037037,5.202765041781494e-05,6.17283950617284e-07,6.172685183256124e-07
nuclei,nuclei_figure_1,D_interior,442,792,504,81,1.0855187464915996,5.8342825615333656,1.0618299241043128,0.9093217179312874,1.3581792306658318,0.0037602575468540784,0.00043765432098765437,2.1963507336013067e-05,4.938271604938272e-06,1.7455934461366554e-06,0.0,0.0,1.487754326768305,0.004805027242375264,0.0015296296296296293,9.45424540875162e-05,0.00019320987654320988,2.2697833836435994e-05,6.17283950617284e-07,6.172685183256124e-07
nuclei,nuclei_figure_1,D_interior,807,89,500,81,1.0428387047552001,6.590061717708521,0.8806645181586916,0.8838726282922867,1.2871127726830227,0.00382352466059195,0.0,0.0,0.0,0.0,0.0,0.0,1.4169991585057873,0.004804663110669143,5.8641975308641984e-05,4.081918267945537e-05,2.469135802469136e-06,2.4690740733024497e-06,0.0,0.0
nuclei,nuclei_figure_1,D_interior,635,707,493,81,2.9688752179748463,5.317547489027396,3.0368146503357525,0.8911885006246889,3.079845218727206,0.0042701112545293655,0.1288074074074074,0.0007116955741316618,0.055851234567901246,0.0004191484230338312,0.004534567901234568,8.164285130653337e-05,3.146111977075453,0.005365575908140269,0.13650679012345676,0.0009749384527612475,0.06209938271604938,0.0006223753530865884,0.006509259259259259,0.00015731670469653353
nuclei,nuclei_figure_1,D_interior,884,131,482,81,1.0803558046222586,5.192617117905108,0.7578918199786024,0.8977295766667718,1.332454455539231,0.0038654795649258767,1.234567901234568e-06,8.729276851401981e-07,0.0,0.0,0.0,0.0,1.4595698644417172,0.004872432282811656,0.00014012345679012344,5.2363107226145396e-05,7.407407407407408e-06,6.6840035168852955e-06,0.0,0.0
nuclei,nuclei_figure_1,D_interior,479,76,468,81,1.8354693368078412,6.5684620514501955,1.8105734006445924,0.8865959436949279,2.0234050101392795,0.0040082959137285185,0.0012098765432098765,8.051271764259475e-05,1.1111111111111112e-05,6.60454027059612e-06,0.0,0.0,2.117358873702319,0.005074949371033016,0.005533950617283951,0.00029054131346956585,0.0005962962962962964,8.140335065895723e-05,1.234567901234568e-06,1.2345370366512249e-06
nuclei,nuclei_figure_1,D_interior,1030,463,463,81,0.8806236632980371,6.295245428470661,1.092994636385857,0.8926742139683018,1.2135168732373207,0.003595638015363545,0.0007919753086419753,2.454017362604703e-05,1.419753086419753e-05,2.9586871153825443e-06,0.0,0.0,1.3546832440609917,0.004690100535339762,0.0016962962962962967,7.437437877903256e-05,0.00022530864197530868,1.8849225876964995e-05,6.17283950617284e-07,6.172685183256124e-07
nuclei,nuclei_figure_1,D_interior,183,165,454,81,1.1734016682834647,4.95807171518017,1.015560543461098,0.9079207510210003,1.3872831482929933,0.003988904036571776,6.17283950617284e-07,6.172685183256124e-07,0.0,0.0,0.0,0.0,1.5080062867869906,0.004948096543846909,0.0001308641975308642,6.0147898611785343e-05,4.938271604938272e-06,4.576538795093873e-06,0.0,0.0
nuclei,nuclei_figure_1,D_interior,1070,195,449,81,1.122333599829507,5.742406336162027,1.0150197672409946,0.892049957127273,1.3475555769453063,0.003969428663486557,0.0,0.0,0.0,0.0,0.0,0.0,1.4719728110305235,0.0049331733720956675,9.814814814814815e-05,5.3409918550650096e-05,7.407407407407408e-06,7.045612868396323e-06,0.0,0.0
nuclei,nuclei_figure_1,D_interior,770,409,444,81,1.3107782369828271,4.035863301777154,1.1736063979999702,0.8740174627606684,1.5042869534537073,0.004065388856669449,0.0,0.0,0.0,0.0,0.0,0.0,1.6171529887219507,0.005029837300293134,0.00021666666666666666,8.323056822170206e-05,1.3580246913580245e-05,1.1350751416763858e-05,0.0,0.0
nuclei,nuclei_figure_1,D_interior,75,387,436,81,1.0805156756291259,5.437391777737704,1.0307629070312825,0.8834292492357009,1.3293767310446718,0.0038638509192908204,0.00021049382716049387,1.4779581637167429e-05,1.234567901234568e-06,8.729276851401981e-07,0.0,0.0,1.4597854187027577,0.0048694488307481345,0.0010030864197530863,8.283593513110345e-05,0.00012222222222222224,1.696226859461209e-05,0.0,0.0
nuclei,nuclei_figure_1,D_interior,491,249,434,81,3.1965545761701515,6.591024320701395,3.2796569474598813,0.8909374445153407,3.3129946466980953,0.0043046304490318415,0.2117462962962963,0.0006205830601280401,0.13902654320987656,0.0005636501188110749,0.018379012345679013,0.00028579824582683933,3.38035922177404,0.005413120410518582,0.21516975308641975,0.0008771596760269322,0.14180925925925925,0.0007493322336738257,0.02336851851851852,0.000392089101743628
nuclei,nuclei_figure_1,D_interior,393,817,430,81,2.623770375347401,7.3495351835589995,2.8213159170454056,0.8957112533807701,2.7453630081162235,0.0042573573341655405,0.0768932098765432,0.00035200957555025955,0.041746296296296295,0.00022519555248062256,0.007319135802469137,7.738745342265722e-05,2.8152575616931057,0.005358375518360016,0.0813216049382716,0.0006241509826594288,0.04482037037037037,0.0003600647325022037,0.00862777777777778,0.0001234788434961519
nuclei,nuclei_figure_1,D_interior,603,172,416,81,2.3633558829744192,5.773021724943432,2.5615893547723974,0.8933639106961059,2.491009120635791,0.004175649512578594,0.04078456790123457,0.00031643053682853587,0.013567283950617282,0.00014467308127068192,7.839506172839507e-05,8.17741332443682e-06,2.5682566149838006,0.00522545425863647,0.04658950617283951,0.0005653880708509605,0.01659074074074074,0.00027036213631178007,0.0005203703703703704,3.4503684609329504e-05
nuclei,nuclei_figure_1,D_interior,880,338,413,81,1.2927438149740107,3.7424326776669776,1.21937418946371,0.159658877951684,1.4881143359530344,0.004060673041800443,0.0,0.0,0.0,0.0,0.0,0.0,1.6012741097669707,0.005022895952348878,0.00015925925925925927,7.393727788759559e-05,7.407407407407408e-06,7.045612868396323e-06,0.0,0.0
nuclei,nuclei_figure_1,D_interior,859,507,406,81,0.9678539889641494,4.917066140182597,0.9095334365048637,0.4120549924466515,1.2231983123543568,0.0038461523533911564,0.0,0.0,0.0,0.0,0.0,0.0,1.358258736439775,0.004817545545847177,6.666666666666667e-05,4.117953020352357e-05,4.938271604938272e-06,4.938148146604899e-06,0.0,0.0
nuclei,nuclei_figure_1,D_interior,724,153,403,81,1.3267443131817707,5.010663788846655,1.2922994333180224,0.9127368634542121,1.5340760568007774,0.003920510449206107,0.0,0.0,0.0,0.0,0.0,0.0,1.6475525501194743,0.00491486582260926,0.0002493827160493827,8.27569416349705e-05,1.1111111111111112e-05,8.310766534118543e-06,0.0,0.0
nuclei,nuclei_figure_1,D_interior,168,897,396,81,1.8702893977610895,6.540231749681113,2.0176453294899384,0.8752131825387234,2.0464547733914755,0.004147985903624939,0.01588395061728395,0.00026306519302277473,0.001119753086419753,6.152803880820856e-05,0.0,0.0,2.1425021619202123,0.00519702567388473,0.021678395061728393,0.0004435038921871948,0.003990740740740741,0.00017395220801764158,4.7530864197530866e-05,1.4647586046321342e-05
nuclei,nuclei_figure_1,D_interior,7,717,385,81,3.2632034443098363,5.287387519981999,3.1730087794623176,0.6951039961465277,3.373415703477443,0.0043657929496880785,0.12769753086419752,0.0013870615294012938,0.015135185185185184,0.0004939867107310979,1.851851851851852e-06,1.8518055549768374e-06,3.4355438044136632,0.005521208848195873,0.14383827160493828,0.0016117507765202423,0.031929012345679006,0.0008398225195225687,0.0005592592592592592,0.00010295635355467601
nuclei,nuclei_figure_1,D_interior,720,235,376,81,2.253823753720315,6.539231022103073,2.4066687957566613,0.885108673989494,2.399809323562148,0.004150875824805846,0.06825555555555557,0.00030216661766762075,0.03769320987654321,0.0001969162320963938,0.004620987654320988,6.551714150732806e-05,2.484578090389808,0.005191454795965132,0.07184135802469135,0.0005009956460233786,0.039872222222222226,0.00030225429499383617,0.005853703703703703,0.0001031066038176174
nuclei,nuclei_figure_1,D_interior,666,232,371,81,2.33090511700528,6.767086735407278,2.5657727624386713,0.8959878550327725,2.4667730020678653,0.004157650186795247,0.049288888888888896,0.00031399363212796546,0.01885679012345679,0.00017498697017025988,0.00018024691358024692,1.3280185093810264e-05,2.5466115881843128,0.005208690861252662,0.05416666666666667,0.0005572308410075645,0.021660493827160492,0.00029420951401748263,0.0008907407407407407,4.659830147379146e-05
nuclei,nuclei_figure_1,D_interior,610,947,369,81,0.9134953366757197,4.295132893644665,0.9567585115217512,0.6150443496165204,1.2268386745120967,0.0036523821919035096,0.0,0.0,0.0,0.0,0.0,0.0,1.3644277058249823,0.004728731099404061,0.00014876543209876546,4.578452505832254e-05,9.876543209876543e-06,6.302523394798788e-06,0.0,0.0
nuclei,nuclei_figure_1,D_interior,612,14,361,81,2.8926404661181286,6.310913759450329,2.956505114332651,0.887630664600678,3.023897638958346,0.004097309696729096,0.11938086419753087,0.00071147356648076,0.045413580246913575,0.00040948324580207236,0.0006907407407407408,3.584315552940891e-05,3.0952714993734407,0.0051867272151740135,0.12743765432098766,0.0009775466733895934,0.05216419753086421,0.0006058156187563955,0.00237962962962963,0.00010929272119137428
nuclei,nuclei_figure_1,D_interior,32,620,359,81,2.104870469186317,4.350706469218183,1.9667073960132504,0.8819782412563436,2.2367862221265153,0.004204207069523601,0.020188271604938274,0.00020964560047443637,0.0030117283950617285,7.719175506303724e-05,6.17283950617284e-07,6.172685183256124e-07,2.317764360470981,0.005243136041305383,0.02384691358024691,0.00040276896009822837,0.00549074074074074,0.0001665982663409048,9.814814814814815e-05,1.6917859521335417e-05
nuclei,nuclei_figure_1,D_interior,834,775,356,81,1.4842115227640276,5.951353786128794,1.5498864974818323,0.6613401611078795,1.6748372668588645,0.004011463114543044,0.0003098765432098765,2.4942686843440537e-05,1.8518518518518517e-06,1.069086974621328e-06,0.0,0.0,1.7812861760070864,0.005005153282048015,0.0018037037037037034,0.00013900860086284785,0.0001845679012345679,3.035320845616321e-05,6.17283950617284e-07,6.172685183256124e-07
nuclei,nuclei_figure_1,D_interior,666,609,354,81,1.7611808166701937,4.148633761984781,1.6386000989363518,0.9098969087608602,1.9088051887123791,0.004111601754037124,0.0002302469135802469,2.182232666778195e-05,2.469135802469136e-06,1.2344444382709875e-06,0.0,0.0,2.000208353912652,0.005113003853220032,0.0016395061728395066,0.00016720780396870652,0.00016543209876543208,3.6793842792925304e-05,1.234567901234568e-06,8.729276851401981e-07
nuclei,nuclei_figure_1,D_interior,972,161,347,81,3.5873332321036133,6.982906828103553,3.255232668815357,0.9003511888660773,3.6644529060637456,0.004464667910477262,0.17084814814814814,0.0010728712381238932,0.07226851851851851,0.000544931108983001,0.011082098765432096,0.0001221380027470342,3.7131083629820587,0.0056218024956694755,0.18300185185185186,0.0013870854077109032,0.08268703703703703,0.0008461238090168287,0.013530864197530863,0.00022985185189473655
nuclei,nuclei_figure_1,D_interior,110,108,344,81,1.471787088287222,4.5429881167243575,1.6093437255550593,0.8897836297250311,1.6369044810243403,0.004081279444691745,0.0001296296296296296,1.2037238830500029e-05,1.234567901234568e-06,8.729276851401981e-07,0.0,0.0,1.7415980394792512,0.005036704365325669,0.0010067901234567902,0.00010837081070503236,0.00010123456790123456,2.0629766383469912e-05,0.0,0.0
nuclei,nuclei_figure_1,D_interior,757,303,338,81,1.0294126334845,5.800617901834086,0.8078793953108152,0.7402662058771708,1.2855447980177408,0.003793208002409937,1.234567901234568e-06,8.729276851401981e-07,0.0,0.0,0.0,0.0,1.4162618911271765,0.00479566629259677,9.259259259259259e-05,4.149046518028926e-05,5.555555555555556e-06,5.555416664930512e-06,0.0,0.0
nuclei,nuclei_figure_1,D_interior,1115,815,333,81,1.5618087733196255,5.911043730155498,1.528237516066968,0.8159826916878083,1.7450423493564207,0.00409269701989373,1.2962962962962962e-05,5.370226175469449e-06,6.17283950617284e-07,6.172685183256124e-07,0.0,0.0,1.846092251501263,0.005113851452483313,0.0009123456790123457,0.0001484095611920637,8.271604938271604e-05,3.0762543778801814e-05,0.0,0.0
nuclei,nuclei_figure_1,D_interior,202,566,327,81,3.357240407203709,6.772731742393973,3.3493483039348706,0.8896228353368516,3.464965016616039,0.0043941474922338,0.21462469135802467,0.0008179516965988985,0.12022901234567901,0.0006660793990107638,0.01443888888888889,0.00020654391494562925,3.526421397415562,0.005541712133088418,0.21941234567901233,0.0010959481482207911,0.12629753086419754,0.0008749463930476821,0.01866851851851852,0.0003347015528007919
nuclei,nuclei_figure_1,D_interior,339,231,313,81,2.3651732347069894,5.502759993375433,2.406214856106011,0.8858179786102276,2.4855557093691063,0.004264635516956273,0.036539506172839506,0.0003922865531943058,0.005469135802469135,0.00014287927821227223,1.234567901234568e-06,8.729276851401981e-07,2.5601591713747465,0.005323437783814476,0.043501851851851854,0.0006272683109380883,0.009787654320987653,0.00027673182960185873,0.00016049382716049382,2.7222644233242942e-05
nuclei,nuclei_figure_1,D_interior,421,827,301,81,1.2799808577505267,4.439464770233243,1.3091936533005235,0.8820626083402335,1.5004762306624606,0.003913541958092244,0.003720987654320988,6.829344036939162e-05,0.00021666666666666666,1.4564624105975697e-05,0.0,0.0,1.6211258242419748,0.004907320108974696,0.0055481481481481475,0.00015404551490282796,0.0009141975308641976,4.9259030831150916e-05,4.938271604938272e-06,2.746340920454229e-06
nuclei,nuclei_figure_1,D_interior,929,412,296,81,1.2540827736223847,4.538627884393308,1.2749670479178825,0.8634177920333805,1.4822038499777839,0.0039321841856360595,8.08641975308642e-05,1.0722384966307984e-05,0.0,0.0,0.0,0.0,1.6015433010267386,0.004947459962444992,0.0009290123456790123,0.00010409350717759585,9.259259259259259e-05,2.402348864512084e-05,6.17283950617284e-07,6.172685183256124e-07
nuclei,nuclei_figure_1,D_interior,606,923,290,81,6.19100209916488,8.116512130311568,6.162550376459294,0.8968613940846576,6.253951512076862,0.004340184369557234,0.5550703703703704,0.000546042174162454,0.48732962962962967,0.0005167444480383492,0.3588617283950617,0.0004952594971742203,6.293131407259203,0.005504127552282418,0.5577098765432098,0.0007589952360552337,0.489312962962963,0.0007140367343166108,0.3597043209876543,0.0006914535304930332
nuclei,nuclei_figure_1,D_interior,765,41,283,81,3.760126519141947,6.9258470057789125,3.8511701360096273,0.8988332289552903,3.8672037907058376,0.004218307528630592,0.29640925925925926,0.0006953013092004341,0.20825617283950615,0.000663267130717342,0.04874012345679012,0.00044912969940155717,3.9275527781151927,0.005328604405490441,0.2996537037037037,0.000970836514374427,0.21095679012345678,0.0008888816572415031,0.054368518518518524,0.0005771202573362221
nuclei,nuclei_figure_1,D_interior,511,725,280,81,2.268653767263621,5.666044857619502,2.3580883402812285,0.8865184686360139,2.4183452971901516,0.004184656307646242,0.021561728395061725,0.0004330648360540054,0.0010635802469135802,8.610515433153433e-05,0.0,0.0,2.5014603598944527,0.0052532476083358105,0.032438888888888885,0.000673936405790036,0.0054913580246913575,0.00026513400472272984,5.7407407407407406e-05,2.3492624917664282e-05
nuclei,nuclei_figure_1,D_interior,219,7,273,81,2.7172924855656397,5.550548267869029,2.800671706533515,0.8903935936777126,2.8160922722418045,0.004227531160505929,0.04788086419753087,0.0006085426527224551,0.0045456790123456796,0.00017060875814541788,6.17283950617284e-07,6.172685183256124e-07,2.8816992450105197,0.005284322565110811,0.05897530864197531,0.0008744864608568216,0.011212962962962961,0.0003766506135023833,0.00013703703703703705,3.309775309272338e-05
nuclei,nuclei_figure_1,D_interior,367,951,267,81,1.4969908356990462,5.897493092426667,1.7815113531807532,0.9098454461672396,1.7617088764166322,0.0038063698408042795,0.043995061728395055,0.00020657998295089622,0.022393209876543214,0.0001463840582312023,0.0008999999999999999,2.8014198447274794e-05,1.8816531949149995,0.004900196131497109,0.046051234567901236,0.0003219554922307754,0.023827777777777774,0.00020932621872662508,0.0018246913580246915,5.7113554828175076e-05
nuclei,nuclei_figure_1,D_interior,752,188,257,81,3.5703463823286947,5.843907216067907,3.743480809093079,0.8636366238754559,3.679615350195984,0.004384974391328845,0.24810925925925925,0.0008579935848119806,0.1493395061728395,0.0006666284153060847,0.04580802469135803,0.0002860945800864256,3.740014709733454,0.00553656426634523,0.2539006172839506,0.001126474688753668,0.15601728395061729,0.000891135665532732,0.04866419753086419,0.00041916160594059694
nuclei,nuclei_figure_1,D_interior,811,196,248,81,1.2577495791174496,5.688053432146578,1.1522018468575084,0.8887924088872694,1.4621161028370366,0.00398743169339306,6.17283950617284e-07,6.172685183256124e-07,0.0,0.0,0.0,0.0,1.578270887711316,0.004951700380055735,0.0001851851851851852,7.143733523317008e-05,1.1728395061728396e-05,8.154328949775625e-06,0.0,0.0
nuclei,nuclei_figure_1,D_interior,8,397,234,81,2.409418082347475,4.149480459575111,2.4555460785366257,0.8127912030235963,2.575059104163029,0.004120512148067425,0.010710493827160494,0.00039508762004604605,0.00023827160493827156,4.851650930542653e-05,0.0,0.0,2.6558064182523196,0.005256692091440227,0.0254395061728395,0.00073324964489868,0.0035839506172839508,0.00026773834667506534,3.888888888888889e-05,2.0880953719907044e-05
nuclei,nuclei_figure_1,D_interior,5,322,202,81,3.2808108140444117,4.820853204088746,3.336889899324437,0.6466776429403672,3.347567628855244,0.004532308946347954,0.023920987654320987,0.000739055105005378,0.0006148148148148149,0.00010662646602628247,0.0,0.0,3.39377394003447,0.0056945616928508825,0.0482037037037037,0.0012030112486742855,0.007385802469135802,0.0004691677539226984,6.0493827160493825e-05,3.2250510662560284e-05
nuclei,nuclei_figure_1,D_interior,411,202,157,81,1.9094060543689977,1.1686145768907021,2.1734194192442553,0.9086052296226184,2.085427286751059,0.0040624937511154835,0.06583024691358025,0.00019516979279055583,0.04189197530864198,0.00016388853195728147,0.01566851851851852,6.907850526539837e-05,2.186391807055422,0.005081748825485041,0.06752777777777777,0.00032851805755532647,0.04335185185185186,0.00022747924873663027,0.016025925925925926,0.00010403110324414044
nuclei,nuclei_figure_1,D_interior,2,499,153,81,0.9146913341163987,3.7800751512477264,0.8530992908391206,0.0,1.268039278061868,0.0036094294480511703,4.938271604938272e-06,3.4917107405607925e-06,0.0,0.0,0.0,0.0,1.4056774217892176,0.004758597741103106,0.0005012345679012345,7.644710921318195e-05,4.0123456790123456e-05,1.759203574317739e-05,0.0,0.0
nuclei,nuclei_figure_1,D_interior,334,466,102,81,3.697472386981563,6.583075722682582,3.4937978016656404,0.8760404579205712,3.7637107817308255,0.004349735852307633,0.06776604938271605,0.0012830632409696046,0.003059876543209877,0.0002499224913763518,0.0,0.0,3.8068294504615414,0.005498298522310062,0.09744135802469137,0.0016890007893344981,0.015866666666666668,0.0007039384313807013,0.00015802469135802467,6.164568567014658e-05
nuclei,nuclei_figure_1,D_interior,114,173,33,81,5.423616602654146,7.900982914323973,4.740990437959517,0.6464518819695396,5.467168092607681,0.004400517700755228,0.5820524691358024,0.0016342964933756408,0.3485611111111111,0.0017291113687657143,0.02410987654320988,0.0005066171232259169,5.49498452600061,0.005595923473979548,0.5817253086419752,0.0019763461191790533,0.35705061728395054,0.0020453266902834104,0.037663580246913575,0.0008426322590176488
nuclei,nuclei_figure_1,D_background,571,510,653924,81,2.085629200337439,5.199562091479235,2.132074336811138,0.9286301872271746,2.2266849623028167,0.0040871174620766915,0.05307345679012345,0.00030058328267894334,0.019793827160493827,0.00019373198889572414,0.00012160493827160493,1.2094835443655868e-05,2.3157696092315354,0.00508936480731329,0.05600061728395062,0.00046335882517144813,0.022609876543209877,0.000275572708129214,0.0008067901234567902,4.7152811373724574e-05
nuclei,nuclei_figure_1,D_background,1107,380,1008,81,0.49754984102047267,5.123463331832064,0.5490265177849047,0.0,0.9214672706953547,0.0033335627472605056,0.0,0.0,0.0,0.0,0.0,0.0,1.0836413494650663,0.004499301218877095,9.876543209876543e-06,8.641666658178337e-06,1.234567901234568e-06,1.2345370366512249e-06,0.0,0.0
nuclei,nuclei_figure_1,D_background,763,161,912,81,1.42267389877993,3.9555668776524033,1.4465697988243336,0.018518518518518517,1.6631728430680006,0.003935252778543754,0.005717283950617284,0.00011346644453185885,0.0003080246913580247,2.226052653420187e-05,0.0,0.0,1.7760161853200824,0.004988709610534835,0.008784567901234568,0.00023204766204891258,0.0014660493827160495,8.082075800254245e-05,2.2839506172839506e-05,7.812400159247959e-06
nuclei,nuclei_figure_1,D_background,377,106,661,81,0.7147571969174531,4.8511665652544185,0.6587713003045088,0.09259259259259259,1.0753178473213825,0.00353605744436509,0.0,0.0,0.0,0.0,0.0,0.0,1.223569463329477,0.004629548682176541,3.148148148148148e-05,2.3016291460998556e-05,1.851851851851852e-06,1.8518055549768374e-06,0.0,0.0
nuclei,nuclei_figure_1,D_background,1120,215,595,81,0.9143198157239739,5.616007538703665,0.8780864529467561,0.12962962962962962,1.1712823606495633,0.0037876157607437287,0.0,0.0,0.0,0.0,0.0,0.0,1.3109586292424429,0.004752097602381975,3.395061728395062e-05,2.7052999090878e-05,1.851851851851852e-06,1.8518055549768374e-06,0.0,0.0
nuclei,nuclei_figure_1,D_background,903,956,422,81,3.376530348252164,5.2944354258494135,3.4291485720244688,0.04938271604938271,3.6117472868305254,0.003820408422349004,0.29833024691358023,0.0004059968716175525,0.23944691358024695,0.00033888175815655584,0.14676234567901233,0.0004412184982602289,3.701674104539285,0.004986090199115005,0.29997716049382717,0.0005454499866998407,0.24209876543209877,0.0004833122862649899,0.14670802469135802,0.0005510904898861832
nuclei,nuclei_figure_1,D_background,843,88,421,81,0.6291940575561189,4.673658032707981,0.6636682123128256,0.0,1.0133697871126695,0.0034413239858338564,0.0,0.0,0.0,0.0,0.0,0.0,1.1669152962092075,0.004563815710593255,2.469135802469136e-05,1.8155580667504837e-05,1.234567901234568e-06,1.2345370366512249e-06,0.0,0.0
nuclei,nuclei_figure_1,D_background,846,201,350,81,0.5267128286155839,4.627967191045554,0.5492722662056441,0.0,0.948603304217993,0.003359861859973175,0.0,0.0,0.0,0.0,0.0,0.0,1.1079848473992433,0.004519011957448662,1.419753086419753e-05,1.3473957218467033e-05,0.0,0.0,0.0,0.0
nuclei,nuclei_figure_1,D_background,1116,326,170,81,0.6036195793327822,4.287160581980884,0.5281099548865169,0.0,0.9892625043451869,0.003454510025162813,0.0,0.0,0.0,0.0,0.0,0.0,1.1451932764839403,0.004573139142355979,2.1604938271604937e-05,1.6886297311118888e-05,0.0,0.0,0.0,0.0
nuclei,nuclei_figure_1,D_background,817,156,144,81,0.8001795799170278,4.550240171913735,0.7000481470210521,0.0,1.1428321326831925,0.003582629107513163,0.0,0.0,0.0,0.0,0.0,0.0,1.2864997662722626,0.004679517047779262,8.024691358024692e-05,3.555316433929991e-05,3.703703703703704e-06,2.920892529598165e-06,0.0,0.0
nuclei,nuclei_figure_1,D_background,804,4,142,81,1.9151209761643961,4.817412267191462,1.9803175431525186,0.16788573345931818,2.1028641091210405,0.003984087768990889,0.06293395061728395,0.0002896348017920142,0.029848765432098762,0.0002161299240615127,0.0006308641975308641,3.006604405094874e-05,2.2053128415652985,0.005028820292095682,0.06587345679012346,0.0004398506552345048,0.0323037037037037,0.0002973104038209675,0.0018382716049382716,7.115493670503751e-05
nuclei,nuclei_figure_1,D_background,581,1,44,81,4.151737903283355,6.643440980196737,4.112280700365773,0.7335898772044505,4.232759971550115,0.004403087789376162,0.3504796296296296,0.0014519563931185925,0.1500462962962963,0.0013091987556213037,0.00135679012345679,0.00010787910436961999,4.279616268354486,0.0055789464206058475,0.3525012345679013,0.0017428717246228103,0.16253209876543212,0.0015424694958475326,0.006796913580246915,0.00034922299769347406
nuclei,nuclei_figure_1,D_background,97,122,34,81,0.8699303619928254,4.522529327758972,0.6638287251347555,0.0,1.1583139054576046,0.0036678695314608075,0.0,0.0,0.0,0.0,0.0,0.0,1.3000000101022717,0.004685534735032768,5.987654320987654e-05,2.6726895978606386e-05,4.938271604938272e-06,2.746340920454229e-06,0.0,0.0
nuclei,nuclei_figure_1,D_background,1,70,22,81,2.369803125836949,3.754952521150024,2.3707087798885516,0.033421071372673423,2.5615822685146257,0.003913483940484406,0.04460000000000001,0.0006884327814235663,0.0023487654320987652,0.00015340184781827918,0.0,0.0,2.651114694808394,0.005030260883459153,0.05736111111111111,0.0009042639833607032,0.009651851851851852,0.0003817994765627046,9.506172839506172e-05,3.186740485990595e-05
nuclei,nuclei_figure_1,D_background,848,43,9,81,0.6632088432473052,3.8031091273271973,0.8657134299824202,0.0,1.056172222734365,0.0034839890609682854,0.0,0.0,0.0,0.0,0.0,0.0,1.2060750925426245,0.004615515096789997,3.827160493827161e-05,2.1885846779041574e-05,0.0,0.0,0.0,0.0
nuclei,nuclei_figure_1,D_background,68,937,7,81,0.9051946606095469,4.523444964559425,0.8127121785376594,0.0457667503850191,1.2023717442553905,0.0036918515042996904,0.0,0.0,0.0,0.0,0.0,0.0,1.3411082563363455,0.004738649251818138,0.00011913580246913581,4.115094733460459e-05,7.407407407407408e-06,6.262894288040813e-06,0.0,0.0
nuclei,nuclei_figure_1,D_background,331,106,6,81,0.947326068686236,5.231568441152414,0.9782734896259758,0.1532618958317666,1.2091473126122239,0.0038174916522089345,0.0,0.0,0.0,0.0,0.0,0.0,1.3454954179393197,0.004801629896912719,5.617283950617284e-05,3.7234100840274244e-05,1.851851851851852e-06,1.8518055549768374e-06,0.0,0.0
nuclei,nuclei_figure_1,D_background,1047,402,6,81,1.0070858231962987,4.764185993367584,1.1065832675227543,0.0,1.3012800053517548,0.0037380234279509776,1.728395061728395e-05,8.17558210758884e-06,0.0,0.0,0.0,0.0,1.4354316488839847,0.004809235746537209,0.0007117283950617285,8.20133870398621e-05,6.234567901234569e-05,1.8600997897186038e-05,0.0,0.0
nuclei,nuclei_figure_1,D_background,334,62,4,81,0.9282627191474201,3.93199500825517,0.9024617377923378,0.15837564351538505,1.2475183675441284,0.003665029478237066,1.234567901234568e-06,1.2345370366512249e-06,0.0,0.0,0.0,0.0,1.3838035189536007,0.004747022765149531,0.00028209876543209883,5.682023145650369e-05,2.5308641975308642e-05,1.1390145426655638e-05,0.0,0.0
nuclei,nuclei_figure_1,D_background,464,411,2,81,1.310757342597524,4.391398408924008,1.2159196263942815,0.1841260933626308,1.532754972867684,0.003897204096428139,0.0006814814814814815,3.0662060684522707e-05,9.259259259259259e-06,3.3316515082954223e-06,0.0,0.0,1.6498623634885792,0.004904726305768115,0.002202469135802469,0.00012306679990193195,0.0002537037037037037,2.9196316772568333e-05,6.17283950617284e-07,6.172685183256124e-07
nuclei,nuclei_figure_1,D_background,992,70,2,81,1.1829289162918637,5.820305216618566,1.3157440388222563,0.3926755116116333,1.4361304901645402,0.003793479232711375,1.4814814814814817e-05,3.993641554150865e-06,0.0,0.0,0.0,0.0,1.5588091331075056,0.004831880279106894,0.0004351851851851852,7.620634986188665e-05,3.148148148148148e-05,1.221280230573389e-05,0.0,0.0
nuclei,nuclei_figure_1,D_background,0,359,1,81,5.1737865199975825,6.052192867052168,5.015029183716215,0.812287020606282,5.224367399817838,0.004381032354757263,0.564683950617284,0.0012782704446163788,0.3651129629629629,0.0017069990325680958,0.014252469135802472,0.0004765741498517529,5.256292302443138,0.005561638406189752,0.5603796296296296,0.001665644481436265,0.3671512345679012,0.001948038277661427,0.030127777777777778,0.0008200825450271124
whole_cell,whole_cell_figure_1,A_merged_interface,198,563,136,81,14.855812171479508,14.696099132076892,14.479601546981272,0.8764811599182937,14.948559184277645,0.007122045798089795,0.048369135802469126,8.398511914679012e-05,0.02457283950617284,1.1122802435202974e-05,0.0,0.0,15.000258401386699,0.0090842204314904,0.048672839506172835,0.00012214548919246525,0.024410493827160495,3.0369850025673645e-05,6.17283950617284e-07,6.172685183256124e-07
whole_cell,whole_cell_figure_1,A_merged_interface,177,289,81,81,15.42088769373239,15.373222447930857,15.22644741104727,0.9020305528333445,15.495133442396847,0.0075661274855389,0.013950617283950617,0.00016816397902809387,0.0,0.0,0.0,0.0,15.54061963710775,0.009660989809694064,0.016303086419753088,0.00021667617746728017,8.641975308641975e-06,2.842194000312881e-06,0.0,0.0
whole_cell,whole_cell_figure_1,A_merged_interface,581,114,77,81,11.372327061447768,11.194914670830215,11.070285888023543,0.883862103727811,11.448071807329782,0.008133448287797397,0.0,0.0,0.0,0.0,0.0,0.0,11.49619804194227,0.010346625780458403,2.9629629629629627e-05,7.651927632988647e-06,0.0,0.0,0.0,0.0
whole_cell,whole_cell_figure_1,A_merged_interface,528,588,76,81,18.455475046729237,18.272703461606323,18.100152118950653,0.898811456327598,18.51439801335248,0.007867448941018818,0.07326543209876543,0.00020791168286374523,0.02546296296296296,4.317203443387203e-05,0.0,0.0,18.55067642207645,0.010012447199465417,0.07708641975308642,0.00032544009835775166,0.0259141975308642,8.087096320781547e-05,0.0,0.0
whole_cell,whole_cell_figure_1,A_merged_interface,263,281,76,81,20.036923402565566,19.752371326272723,19.303849204408756,0.8801952636480425,20.093271984338557,0.00839704328511716,0.16576728395061724,0.00016645281053651736,0.11707283950617285,0.00011578697458158772,0.062096296296296295,1.9319428421095118e-05,20.12939688655686,0.010708253292066422,0.16633395061728395,0.00025177249587275425,0.1173432098765432,0.00015857009580783171,0.062468518518518514,4.291979778745229e-05
whole_cell,whole_cell_figure_1,A_merged_interface,105,216,75,81,20.280503815513686,19.30041521636906,19.257034845809514,0.8785833372062967,20.32065382528539,0.008741794221464035,0.11396728395061727,0.0003629405779807007,0.0037808641975308646,0.00010450327331246054,0.0,0.0,20.348323734914157,0.011142921599924619,0.11472962962962964,0.0004923841469285205,0.006656790123456792,0.0001713123160984498,0.0,0.0
whole_cell,whole_cell_figure_1,A_merged_interface,219,229,68,81,22.925201883639396,24.005687068565766,23.087961103748853,0.8937788343009582,22.96566835961025,0.00842070500717032,0.23028333333333328,0.00029424903409815345,0.13207839506172842,0.00016131400994944428,0.045749382716049385,4.203418890011928e-05,22.993427349555674,0.010723918566310265,0.2312432098765432,0.0003865111164291479,0.13287716049382717,0.00025119164430920376,0.04571049382716049,5.5108550139919813e-05
whole_cell,whole_cell_figure_1,A_merged_interface,348,412,65,81,13.525005357546975,13.728080113086953,13.444555440775261,0.9125247776020537,13.590048551401404,0.007761919240284665,0.0029259259259259256,3.7737001043663516e-05,0.0,0.0,0.0,0.0,13.633534269339926,0.009882918731697688,0.003308641975308642,4.744475453414766e-05,6.17283950617284e-06,1.9515351801897824e-06,0.0,0.0
whole_cell,whole_cell_figure_1,A_merged_interface,541,191,64,81,10.927021194861645,10.95370648972406,10.743229538965362,0.8980253997002879,11.037793805030423,0.007341919739657935,0.018035185185185185,4.6768859428458145e-05,0.007587037037037038,4.3362622455909654e-05,0.0,0.0,11.106076177566344,0.009351383015541047,0.018246913580246913,6.442954134569549e-05,0.007577160493827161,4.8851867740764385e-05,0.0,0.0
whole_cell,whole_cell_figure_1,A_merged_interface,577,353,63,81,10.382714827393194,10.347217352125359,10.267623305508298,0.9176322454170117,10.481926376862639,0.008557113347668621,0.0,0.0,0.0,0.0,0.0,0.0,10.545240379765593,0.010868865173006202,9.938271604938272e-05,1.648903807226133e-05,0.0,0.0,0.0,0.0
whole_cell,whole_cell_figure_1,A_merged_interface,428,20,63,81,13.559168986028565,12.685598536500338,12.52210868125057,0.919500207040942,13.61454200384018,0.009225141240494603,0.0169141975308642,0.00010175643135030459,5.555555555555556e-06,2.505821675303776e-06,0.0,0.0,13.65267534206775,0.011708298220048102,0.01728888888888889,0.00011786188531249369,0.0002012345679012346,1.7175139616299334e-05,0.0,0.0
whole_cell,whole_cell_figure_1,A_merged_interface,121,22,62,81,12.300724870100023,12.254762762398178,12.062424099277042,0.905054698026041,12.435325350456889,0.008676430933546506,0.005217283950617283,6.252907928606492e-05,0.0,0.0,0.0,0.0,12.510276936470175,0.01098783063437838,0.0058117283950617285,8.932417064061363e-05,3.7654320987654326e-05,5.888190268404607e-06,0.0,0.0
whole_cell,whole_cell_figure_1,A_merged_interface,17,15,60,81,12.805548426209228,13.147367622642113,12.650846341945897,0.8717866057190304,12.886870803977748,0.008104622109073319,0.03866481481481482,6.715633955765057e-05,0.018111728395061727,8.775708973417278e-05,0.0,0.0,12.937425394142958,0.010339599344134254,0.039799999999999995,0.00011077385048467211,0.018187654320987654,0.00010256126373146311,0.0,0.0
whole_cell,whole_cell_figure_1,A_merged_interface,363,342,59,81,19.610227175101695,19.41063000267252,19.28450947819106,0.8884708884453166,19.658202017402086,0.00846436234614984,0.12934320987654319,0.000382276499399545,0.027146913580246915,0.00017570490114956125,0.0,0.0,19.68886132188133,0.010790335164033068,0.13030123456790121,0.0004836526389280596,0.028332098765432096,0.0002276874616846495,0.0,0.0
whole_cell,whole_cell_figure_1,A_merged_interface,141,198,59,81,13.13086434227217,12.629058827787919,12.595714607813358,0.8453136479646276,13.204228681311076,0.008741032914499377,0.07987654320987655,0.00018002268792065615,0.014724074074074073,0.00014498469494870944,0.0,0.0,13.252730127962018,0.011093339032969218,0.07925617283950617,0.00022934417790996037,0.016169753086419755,0.00017800325509206976,0.0,0.0
whole_cell,whole_cell_figure_1,A_merged_interface,366,456,57,81,10.417681330946236,9.837156319112102,9.790855353196866,0.8984717156000205,10.535885750327228,0.00826029403795293,0.0,0.0,0.0,0.0,0.0,0.0,10.598830303291736,0.010551963600925151,2.469135802469136e-06,1.7458553702803963e-06,0.0,0.0,0.0,0.0
whole_cell,whole_cell_figure_1,A_merged_interface,102,179,56,81,16.61780589425408,16.83014948940841,16.4975724628504,0.8894546174197305,16.68868990742485,0.00820075974208786,0.11939753086419753,0.00011625392869800805,0.0948469135802469,6.113793267179653e-05,0.012302469135802468,2.4571481988187625e-05,16.734837506609367,0.010420807617270555,0.12010617283950617,0.00013932195535709023,0.09498086419753085,9.167002562887444e-05,0.012577777777777776,5.803991077949825e-05
whole_cell,whole_cell_figure_1,A_merged_interface,154,288,55,81,24.363713405437714,22.730317214807236,22.70772931744573,0.8615133366667754,24.406631871712214,0.008961135643663083,0.34308518518518516,0.00035855458992049307,0.2102722222222222,0.00029203868194809223,0.029244444444444448,0.00010175076249154169,24.436671974692278,0.0114086017244492,0.3426259259259259,0.0004933606166233472,0.2124456790123457,0.00040677939974519703,0.030000617283950617,0.0001585067400986679
whole_cell,whole_cell_figure_1,A_merged_interface,364,215,55,81,14.995729190452977,14.439350045720445,14.282539831367142,0.8907458842075492,15.060359840757995,0.008917579428172898,0.0613962962962963,0.00013594482781979943,0.035004320987654325,3.7763922940193635e-05,0.00013641975308641976,9.125744171069646e-06,15.102983238233053,0.01132987861986059,0.061765432098765435,0.0001724045032749327,0.03487654320987654,6.213319091574527e-05,0.0005962962962962964,2.400512605193827e-05
whole_cell,whole_cell_figure_1,A_merged_interface,450,512,54,81,15.339736227267778,14.575774475709025,14.52865970423849,0.8725628869327967,15.380225623749936,0.009744201171259688,0.01122962962962963,0.00022774852979966047,0.0,0.0,0.0,0.0,15.409679173889408,0.012377463551979077,0.01587037037037037,0.00029922330495250123,5.123456790123457e-05,1.5134040640019691e-05,0.0,0.0
whole_cell,whole_cell_figure_1,A_merged_interface,556,444,48,81,16.04437492097346,16.23197509415531,15.946102862566782,0.9101205147907923,16.11032588072576,0.007365130629797097,0.05845864197530863,0.00013218527382936776,0.008903086419753086,4.3132726888530046e-05,0.0,0.0,16.153394844280623,0.00937273187994338,0.05840185185185185,0.00015827458773755098,0.008992592592592594,5.4821790940582813e-05,0.0,0.0
whole_cell,whole_cell_figure_1,A_merged_interface,123,581,48,81,10.787782873355829,10.729620503873791,10.565393967345372,0.8934661605631904,10.887562110831283,0.00857701410442723,0.0,0.0,0.0,0.0,0.0,0.0,10.946047628374183,0.010862043290095961,6.17283950617284e-07,6.172685183256124e-07,0.0,0.0,0.0,0.0
whole_cell,whole_cell_figure_1,A_merged_interface,18,560,47,81,11.464469663561438,11.419450656667662,11.012239221577104,0.8212226634701812,11.551309229956113,0.008487677398629002,0.012088271604938272,5.1478306811100584e-05,1.3580246913580248e-05,2.8937255069998092e-06,0.0,0.0,11.606877746932232,0.010788517243862358,0.012283333333333334,7.007163930812646e-05,0.00019074074074074075,1.1966894166355696e-05,0.0,0.0
whole_cell,whole_cell_figure_1,A_merged_interface,135,187,47,81,7.344804782086701,7.4015891766027115,7.223355760692295,0.8710822139952272,7.584389775775244,0.008250576428838603,0.00011604938271604936,1.373570580943273e-05,0.0,0.0,0.0,0.0,7.7197934101128345,0.010442436227874536,0.0007111111111111111,4.293818443360516e-05,6.17283950617284e-07,6.172685183256124e-07,0.0,0.0
whole_cell,whole_cell_figure_1,A_merged_interface,469,486,46,81,12.221261880514065,12.114610758487586,11.90413043569965,0.8863231186910246,12.292647415908736,0.008166544489296846,0.0,0.0,0.0,0.0,0.0,0.0,12.334898390218143,0.010409678648146903,0.0,0.0,0.0,0.0,0.0,0.0
whole_cell,whole_cell_figure_1,A_merged_interface,199,129,44,81,18.7294858351921,18.22886328352482,18.149674229256636,0.8992453949974473,18.79763343935738,0.00881676372267054,0.19553395061728399,0.00024933243099436374,0.11302654320987653,7.69717622653889e-05,0.06040123456790124,6.633103371752531e-05,18.841996068504983,0.011199413224037714,0.1934012345679012,0.00030692873387617016,0.11546111111111111,0.000144310256298466,0.059940123456790124,0.00011288975644337263
whole_cell,whole_cell_figure_1,A_merged_interface,11,330,44,81,22.467331011443523,21.95024006306568,21.735689206746983,0.8913202631945475,22.51173748064362,0.00859145369336435,0.2162962962962963,0.0002244112612759249,0.13869567901234567,0.0003275338586694225,0.021624074074074073,8.737634822611211e-05,22.53848724783052,0.010968393896954061,0.2171358024691358,0.0003286446758969926,0.13761666666666666,0.0003866654616616594,0.021501234567901234,0.00010686645987009891
whole_cell,whole_cell_figure_1,A_merged_interface,79,12,43,81,12.147180986001707,11.442575121838823,11.068926666511762,0.8808204383857615,12.279532623104075,0.00935695770407598,0.000567283950617284,2.4288178462016963e-05,0.0,0.0,0.0,0.0,12.349593015855557,0.011867231563393019,0.001419135802469136,5.6679759574479016e-05,3.08641975308642e-06,1.942014659761526e-06,0.0,0.0
whole_cell,whole_cell_figure_1,A_merged_interface,427,357,42,81,21.385470510499914,20.108512671171,20.06846749493891,0.7911239127167695,21.423612575943512,0.009460057609052828,0.24270802469135802,0.00045720435623908983,0.1000672839506173,0.000417201902409823,0.0,0.0,21.449260951817724,0.01204385115285405,0.24451543209876542,0.0006016807647555521,0.10186481481481481,0.0005172635399998191,1.1111111111111112e-05,4.432325996723967e-06
whole_cell,whole_cell_figure_1,A_merged_interface,303,348,42,81,12.577437779861135,12.976574586165107,12.65864242082923,0.8968570143222592,12.666792953995044,0.008342679235393523,0.001178395061728395,3.82380808897324e-05,0.0,0.0,0.0,0.0,12.727589909783184,0.010544846345689059,0.0023197530864197532,6.537157023895856e-05,6.17283950617284e-06,2.7462483220739915e-06,0.0,0.0
whole_cell,whole_cell_figure_1,A_merged_interface,170,499,41,81,13.199429294683164,13.399546238667503,13.222170264814626,0.8615354089270834,13.259012903452783,0.008368336851714193,0.0007969135802469136,2.707559157727615e-05,0.0,0.0,0.0,0.0,13.29847527599323,0.010649509328527746,0.0017,5.845063868284598e-05,3.7037037037037033e-06,1.511803883803004e-06,0.0,0.0
whole_cell,whole_cell_figure_1,A_merged_interface,293,553,41,81,14.305069126616736,14.025877755042432,13.93233955298436,0.7984311639061593,14.3984846274416,0.0075937858330102775,6.17283950617284e-07,6.172685183256124e-07,0.0,0.0,0.0,0.0,14.454410800986048,0.009673942761982482,8.024691358024692e-05,1.165834271002969e-05,0.0,0.0,0.0,0.0
whole_cell,whole_cell_figure_1,A_merged_interface,146,518,40,81,17.72719979439628,17.17195698476419,17.06167910825765,0.8932836932585074,17.771828359136645,0.008701297044697633,0.15707654320987655,0.0004425257180828871,0.008585802469135803,0.00016734105012796045,0.0,0.0,17.802679113590376,0.01105684545966315,0.15545864197530865,0.0005400794825036542,0.01220925925925926,0.0002486243396511128,0.0,0.0
whole_cell,whole_cell_figure_1,A_merged_interface,332,234,40,81,18.937810482346812,16.913528365861392,16.64938184178839,0.8676924886241237,18.994604761306036,0.009057836992504705,0.12201172839506175,0.0002887662982850415,0.06986728395061728,6.879695082956195e-05,0.037021604938271606,2.2821536354536028e-05,19.02976298018451,0.01153899040153252,0.12345246913580248,0.0003640748818152612,0.06980555555555557,0.00011444750752957918,0.03701358024691358,4.4152873418513235e-05
whole_cell,whole_cell_figure_1,A_merged_interface,242,398,37,81,13.267607834508697,13.351978349121959,13.174295957006338,0.8839288564244354,13.329167107656646,0.008559440052449135,2.037037037037037e-05,3.5430996455516436e-06,0.0,0.0,0.0,0.0,13.372264491965007,0.010840690124618265,0.0002222222222222222,1.54887396860362e-05,0.0,0.0,0.0,0.0
whole_cell,whole_cell_figure_1,A_merged_interface,377,459,37,81,12.085691264647698,11.888341503146293,11.78778300026379,0.8959331999524562,12.14334539921441,0.009442426221106038,0.0,0.0,0.0,0.0,0.0,0.0,12.185146950151303,0.011947499382849523,3.08641975308642e-06,2.724733240117035e-06,0.0,0.0,0.0,0.0
whole_cell,whole_cell_figure_1,A_merged_interface,252,404,37,81,21.034813225253078,21.644523131122796,21.37438261334671,0.8987874190662866,21.07054706973083,0.0083454479407699,0.09822098765432098,0.0002354142014125933,0.029424691358024693,6.238960268332092e-05,0.0,0.0,21.094451820668734,0.010628898874286911,0.09898888888888889,0.00036343154024709397,0.030181481481481476,0.00010851967095333083,0.0,0.0
whole_cell,whole_cell_figure_1,A_merged_interface,365,557,36,81,14.58379637907178,14.944391566998325,14.63862094147413,0.8155353710650824,14.645562840251943,0.00843290936086167,0.01114753086419753,6.693650718780819e-05,1.8518518518518518e-05,3.3784667371878044e-06,0.0,0.0,14.682055001930621,0.010750589951106558,0.011483333333333332,9.362588399496543e-05,0.00017592592592592592,1.2335968759469672e-05,0.0,0.0
whole_cell,whole_cell_figure_1,A_merged_interface,473,560,34,81,15.339057592585878,14.98974589302315,14.890198702788574,0.8477953983158037,15.390835634411703,0.007811570988894852,0.014027160493827162,8.875842688379754e-05,0.0,0.0,0.0,0.0,15.4245937066088,0.009949046092900708,0.014200617283950617,0.00010114084143974471,2.2222222222222223e-05,5.183612597369813e-06,0.0,0.0
whole_cell,whole_cell_figure_1,A_merged_interface,159,430,33,81,17.67905785397834,18.0130830040235,17.635619704089336,0.8688454747155419,17.73617616138244,0.008854375771722156,0.15878024691358025,0.0003779745770576595,0.04904506172839506,0.0002371064326255531,0.0,0.0,17.772200034675116,0.011291919476327092,0.15792407407407408,0.0004657950912446211,0.050050000000000004,0.00030749434392142444,0.0,0.0
whole_cell,whole_cell_figure_1,A_merged_interface,427,118,32,81,21.89409088189456,19.548905976769866,19.43512274325472,0.8055329108266469,21.934656997255516,0.00930572610970826,0.2653851851851852,0.00029473564869728763,0.0959104938271605,0.00044048349487507894,0.01450185185185185,7.771790558884801e-05,21.962073144831887,0.011864677535521997,0.2634395061728395,0.00045772822907239735,0.0998030864197531,0.000534815877235232,0.014333333333333333,8.17623579986883e-05
whole_cell,whole_cell_figure_1,A_merged_interface,153,61,32,81,19.03507992577007,19.537244935754437,19.38023842042691,0.8830144363011111,19.087251518339702,0.00790580962378031,0.1102179012345679,0.00024151050412233192,0.060888888888888895,4.922887748474083e-05,1.604938271604938e-05,4.436569937114171e-06,19.119757771001748,0.010086225229259031,0.11047283950617283,0.0002867105480177219,0.06084506172839506,0.00010609865227376977,0.0002530864197530864,1.883623550862225e-05
whole_cell,whole_cell_figure_1,A_merged_interface,276,180,32,81,19.007430350504002,19.35337604486287,18.99021514999039,0.8466163692131374,19.070097111502953,0.007736287338452472,0.13535987654320988,7.283502887457118e-05,0.09096975308641975,0.00018736311188932006,9.876543209876543e-06,2.4681479505382325e-06,19.110475341250503,0.009868688026770333,0.1357783950617284,0.00012113537423848409,0.0909216049382716,0.0002295578807084994,0.0002024691358024691,1.9849252917326286e-05
whole_cell,whole_cell_figure_1,A_merged_interface,391,364,30,81,12.415622967452686,12.085397500681118,11.898023713522836,0.8274400740123007,12.509949184476639,0.008323672941303694,0.011028395061728395,0.00010506526741161517,4.3209876543209875e-06,1.6328939901635776e-06,0.0,0.0,12.56600136657249,0.010609910817103127,0.012233333333333334,0.0001367153147334727,0.00010864197530864199,1.0011504188247562e-05,0.0,0.0
whole_cell,whole_cell_figure_1,A_merged_interface,442,455,27,81,18.38225266833813,17.47157647739866,17.37432539593126,0.8732707224055339,18.41940768873097,0.008565971545713836,0.10746666666666665,0.00023383773412646207,0.015594444444444444,0.0001216786828344156,0.0,0.0,18.444749494599137,0.010918496489554596,0.10730555555555554,0.0003209947689025419,0.01695432098765432,0.00017863491233170516,0.0,0.0
whole_cell,whole_cell_figure_1,A_merged_interface,467,587,26,81,9.801943213458193,10.072396216070501,9.847396191234049,0.9032610614860693,9.914783746553583,0.006900619259645362,0.0,0.0,0.0,0.0,0.0,0.0,9.984860580808368,0.008803992808281624,0.0,0.0,0.0,0.0,0.0,0.0
whole_cell,whole_cell_figure_1,A_merged_interface,42,229,26,81,17.922160793021675,17.57772738116487,17.53996757387476,0.889699424361142,17.989655530483585,0.007134980024023836,0.08985432098765432,0.00010074500087454712,0.02485740740740741,2.355636054085788e-05,0.0,0.0,18.030462945724345,0.009112004857858524,0.08914012345679011,0.0001572009142359321,0.0250679012345679,5.7195950353414816e-05,0.0,0.0
whole_cell,whole_cell_figure_1,A_merged_interface,251,390,26,81,21.539977462198607,21.272530604186503,21.144319684792443,0.8637817191083527,21.597457985178625,0.008295687587408472,0.17697345679012344,0.00030678967996459447,0.08237654320987654,0.00020935902665525577,2.2839506172839506e-05,4.9460308418786105e-06,21.629628142815488,0.010592666627555937,0.1772956790123457,0.0004128848257483108,0.08295185185185186,0.00028181741743987077,0.00029382716049382714,2.2480639200308712e-05
whole_cell,whole_cell_figure_1,A_merged_interface,228,296,26,81,14.47406730303876,13.861549930221779,13.69420255395169,0.831347323939366,14.537218743028669,0.007702698463807227,7.716049382716049e-05,9.382425338256477e-06,0.0,0.0,0.0,0.0,14.578003193741058,0.009807694430485089,0.0005543209876543209,3.376842522769155e-05,0.0,0.0,0.0,0.0
whole_cell,whole_cell_figure_1,A_merged_interface,189,255,20,81,19.56621517637885,20.33292771295123,19.64671183484092,0.8067027298197613,19.62780615810087,0.008093088824078047,0.18032592592592595,0.0002688173458852126,0.08921666666666667,0.0002485622931827027,0.00017098765432098766,1.020225935121883e-05,19.667760939198676,0.0103030608720397,0.181762962962963,0.00036789204638902547,0.09113333333333333,0.0002943533978012956,0.0005962962962962964,2.1430165045981927e-05
whole_cell,whole_cell_figure_1,A_merged_interface,295,573,20,81,10.893576110341412,11.203377515075116,10.843663571874114,0.9038332485939993,11.016518253557997,0.007633126304419012,1.234567901234568e-05,2.759197115879878e-06,0.0,0.0,0.0,0.0,11.090183257241751,0.009691790983589021,0.00017098765432098766,1.1400413796538234e-05,0.0,0.0,0.0,0.0
whole_cell,whole_cell_figure_1,A_merged_interface,49,223,17,81,15.119747969647694,14.736536428410348,14.682814914869795,0.8162704947111717,15.195349221457922,0.007573566695686986,0.09860185185185184,9.072152883544004e-05,0.02560308641975309,0.00016161971783208392,0.0,0.0,15.245654747002169,0.00966891821050741,0.0984320987654321,0.00015393304575648674,0.027145679012345682,0.0001944422029246109,0.0,0.0
whole_cell,whole_cell_figure_1,A_merged_interface,300,565,14,81,9.414384529733494,9.655016734234106,9.485705861364591,0.886851802393686,9.509642627578323,0.00801732435415555,0.0,0.0,0.0,0.0,0.0,0.0,9.573901640175574,0.010158366942813564,0.0,0.0,0.0,0.0,0.0,0.0
whole_cell,whole_cell_figure_1,A_merged_interface,545,597,14,81,9.902927185797033,10.104624542234784,9.951515421582242,0.20329034464640564,10.144903937885212,0.007685052908587794,0.012169135802469134,0.00011272325920175417,1.234567901234568e-06,8.729276851401981e-07,0.0,0.0,10.275142987190959,0.009715138157242969,0.014193827160493826,0.00017344545832183262,6.851851851851851e-05,8.190176212438964e-06,0.0,0.0
whole_cell,whole_cell_figure_1,A_merged_interface,519,496,13,81,17.13864987562756,17.0380699353649,16.887706371163297,0.8227623600841848,17.186026585235776,0.007825597098287843,0.04612345679012346,9.222578218569136e-05,0.024438888888888892,1.743568590017919e-05,0.0,0.0,17.216333882726104,0.009990193550363869,0.04619567901234567,0.00011655504113613375,0.024184567901234567,4.096569043599881e-05,1.851851851851852e-06,1.4901962034658106e-06
whole_cell,whole_cell_figure_1,A_merged_interface,484,476,13,81,18.613856058107057,18.447704988343766,18.324820918872785,0.8333022047242706,18.664697687192415,0.007396165065426365,0.018290123456790125,0.0002918449726788523,3.08641975308642e-06,1.3801163281056403e-06,0.0,0.0,18.697505454716648,0.009445418665762872,0.024078395061728396,0.00040232244133917564,0.0001111111111111111,1.6849957593911905e-05,0.0,0.0
whole_cell,whole_cell_figure_1,A_merged_interface,336,210,8,81,19.727998555034112,18.656676185886106,18.534011030490593,0.8055054965027378,19.770188940762228,0.008621533004298323,0.1350641975308642,0.0003625221320553437,0.028631481481481483,0.000193142012566236,0.0,0.0,19.795516278143147,0.011003822601917434,0.13669876543209875,0.00048647515417745606,0.029840123456790126,0.00025978484005741837,0.0,0.0
whole_cell,whole_cell_figure_1,A_merged_interface,220,410,6,81,19.53068201426974,19.086331324139902,19.00964626103971,0.6959919514925192,19.60326572954723,0.008987730080200984,0.20655246913580247,0.0003244152552121309,0.06083950617283951,0.0003460649745476945,9.876543209876543e-06,2.4681479505382325e-06,19.642897351504597,0.011439251170378832,0.2052802469135802,0.00045432478801286995,0.06368333333333333,0.0004223348964979027,0.0001419753086419753,9.307589913367882e-06
whole_cell,whole_cell_figure_1,A_merged_interface,194,353,4,81,27.721397381088362,27.206921627603656,27.05161592554367,0.828634038359644,27.75686213040392,0.007159695580322915,0.36843888888888887,0.00040647161758604366,0.2371364197530864,0.00016733524619597724,0.0601783950617284,9.36985413958419e-05,27.778667108803393,0.009139078515741217,0.3701012345679013,0.0005010304353901122,0.23728765432098767,0.00024769968564389484,0.060116049382716044,0.00013440496583519066
whole_cell,whole_cell_figure_1,A_merged_interface,292,578,2,81,12.532022995399599,12.247217302157875,12.194971577632158,0.6946938079415171,12.597230554292901,0.007903996071155855,6.17283950617284e-07,6.172685183256124e-07,0.0,0.0,0.0,0.0,12.641165239136555,0.01003106779395808,9.074074074074075e-05,1.2190173972364618e-05,0.0,0.0,0.0,0.0
whole_cell,whole_cell_figure_1,B_separated_interface,99,75,93,81,15.046821874990192,14.03827874094954,13.879475494858086,0.8297239276210441,15.12017343993539,0.009317162140848285,0.058576543209876555,0.0001984657297404428,0.022871604938271606,6.44662124818805e-05,0.0,0.0,15.163169613013665,0.011858714527462915,0.06028086419753086,0.0002742455544260343,0.022972839506172838,0.0001044453344071042,1.234567901234568e-06,8.729276851401981e-07
whole_cell,whole_cell_figure_1,B_separated_interface,344,547,83,81,17.19278830568324,17.492859300409194,17.213996640661627,0.8702302659066705,17.247716628957054,0.007341221008994969,0.0015012345679012347,4.3569326177595935e-05,0.0,0.0,0.0,0.0,17.28443527425113,0.009360370690766884,0.0028543209876543208,9.59063260350162e-05,6.17283950617284e-07,6.172685183256124e-07,0.0,0.0
whole_cell,whole_cell_figure_1,B_separated_interface,399,280,57,81,19.475501469895203,18.837277821609426,18.72275541889597,0.7863627336510464,19.53295277099812,0.008929044191218025,0.16315,0.0003732628115783773,0.055979012345679015,0.00017630881423919028,4.3209876543209875e-06,1.6328939901635776e-06,19.569554663580956,0.011365951309046444,0.1626925925925926,0.00046720348734580506,0.05738333333333334,0.0002548122325015027,0.00013024691358024692,1.1045924262399768e-05
whole_cell,whole_cell_figure_1,B_separated_interface,305,578,50,81,8.650280890501078,8.901403949930822,8.870720577215137,0.4682819929326133,8.758050444977055,0.008051097392362542,0.0,0.0,0.0,0.0,0.0,0.0,8.828074886043295,0.01022396131879922,0.0,0.0,0.0,0.0,0.0,0.0
whole_cell,whole_cell_figure_1,B_separated_interface,334,398,46,81,20.342240738733594,19.765676068723288,19.70198025629178,0.874993964627724,20.391431290977806,0.007139741257112827,0.11029938271604939,0.00022389759888369679,0.04576604938271605,0.00011674852128399996,0.0,0.0,20.422319457351804,0.009125819771588434,0.11094938271604937,0.00029182539958213014,0.04595864197530864,0.000154117092720653,8.02469135802469e-06,3.1257097742422956e-06
whole_cell,whole_cell_figure_1,B_separated_interface,146,558,44,81,20.005134154014204,19.82467492938099,19.74870038267682,0.8529421100295203,20.048332159282236,0.008853450382908377,0.23421296296296298,0.00013341031251610722,0.1079216049382716,0.00027580211342274425,0.009183950617283951,0.00011595751190505975,20.078181487969943,0.011272755528933143,0.23199876543209874,0.00023142183841254498,0.11063024691358023,0.0003380034079246996,0.010320987654320988,0.00013880852072409555
whole_cell,whole_cell_figure_1,B_separated_interface,208,574,42,81,13.379113314843517,13.515439583468872,13.315231774847298,0.5914318127748599,13.459417868565772,0.00807809355659717,0.0001876543209876543,1.4477182748785977e-05,0.0,0.0,0.0,0.0,13.508838959585367,0.01030959758724093,0.000828395061728395,4.954756003319589e-05,0.0,0.0,0.0,0.0
whole_cell,whole_cell_figure_1,B_separated_interface,326,238,40,81,25.964245172267006,22.99049976664838,22.829448300243026,0.8685289499068629,26.004774839223906,0.009451079021399038,0.3315981481481482,0.0005487697401467767,0.21959629629629632,0.00016721832555463694,0.04190308641975309,0.0002182545608594368,26.02981871787357,0.01204769487149981,0.3331598765432099,0.0006586068524385459,0.2203302469135802,0.0002752201065241419,0.043864814814814815,0.0002796673477776559
whole_cell,whole_cell_figure_1,B_separated_interface,153,44,37,81,19.329775232951956,18.478372711086244,18.190455340544563,0.8866336317772001,19.37984821525908,0.008567404252029337,0.13499074074074074,0.00042070119619131785,0.06221358024691358,2.7835310567556363e-05,0.012307407407407406,8.558282557087758e-05,19.41413709917505,0.010905328038737656,0.13842839506172838,0.0005380943874533035,0.06326728395061729,8.650914908455587e-05,0.012357407407407407,9.501403035115033e-05
whole_cell,whole_cell_figure_1,B_separated_interface,231,392,37,81,18.71019604444843,17.63931284601882,17.5397387908071,0.7946398034538139,18.754116843340643,0.009443490887125988,0.18676049382716048,0.00044085969180222953,0.07463209876543209,0.00021416302029722962,0.0,0.0,18.78516724971674,0.01201122187783598,0.18704567901234567,0.0005526512706865917,0.07580864197530864,0.0003202072924446692,7.407407407407408e-06,3.6191760072141895e-06
whole_cell,whole_cell_figure_1,B_separated_interface,455,85,37,81,24.4916903200495,23.34894656226127,23.24619532746144,0.7025759908598523,24.525847220991057,0.009883001968710784,0.31445925925925927,0.00042451021407214376,0.18104506172839507,0.000335460848734708,0.028397530864197527,0.00018391407699457765,24.54814365404753,0.012617499147228536,0.31547654320987656,0.0005891745659966826,0.18278703703703703,0.0004425545692598898,0.029805555555555557,0.00021770030400569148
whole_cell,whole_cell_figure_1,B_separated_interface,458,477,32,81,21.410636172192444,20.082790423623404,20.091257585296965,0.8267407267815801,21.441721922805645,0.009622328667510047,0.12146851851851853,0.0004790642447110686,0.008254938271604938,0.00014379990794521671,0.0,0.0,21.46339872010052,0.012277617428981362,0.12481358024691358,0.0006876218223599768,0.011104938271604938,0.00022389399742518852,0.0,0.0
whole_cell,whole_cell_figure_1,B_separated_interface,334,218,30,81,17.554497797541103,15.902894773504793,15.932105694834025,0.8821325926290511,17.60687941912271,0.009014443671966667,0.10346234567901234,9.519821953481e-05,0.07201234567901235,0.00016671180330426837,0.0,0.0,17.638549051451847,0.011469374561505884,0.1050716049382716,0.00017278467703266226,0.07195432098765432,0.0001998410532679855,9.876543209876542e-06,4.634894077432392e-06
whole_cell,whole_cell_figure_1,B_separated_interface,146,305,29,81,15.256887200561343,15.502372472327183,15.211992031420909,0.5663771494052923,15.320262775894236,0.007629665423995448,0.027265432098765433,0.0002048507699182089,4.4444444444444447e-05,5.228391417784087e-06,0.0,0.0,15.361867830329262,0.009722368092082335,0.028666666666666667,0.0002472067431336963,0.0003617283950617284,2.4683042172844e-05,0.0,0.0
whole_cell,whole_cell_figure_1,B_separated_interface,147,339,27,81,20.73977544567192,20.640373042801613,20.639743986512357,0.8545198959225299,20.804897792816774,0.007791610384878858,0.261441975308642,0.00017937882221730583,0.1797425925925926,0.00021805412928543617,0.005987654320987654,9.486014891486466e-05,20.84575204357206,0.009934400606373687,0.2627925925925926,0.0002478987690268931,0.17966234567901235,0.00030020680863684544,0.007613580246913581,0.00013129210129082675
whole_cell,whole_cell_figure_1,B_separated_interface,223,376,26,81,19.451155629205665,19.23493712228241,19.046712109013214,0.6773097784341214,19.509475725419147,0.008240485705422657,0.1390395061728395,0.0004300377356002214,0.023828395061728395,0.00019155252879769346,0.0,0.0,19.548438523138707,0.010503318862254784,0.13936543209876545,0.0005440905954546566,0.026011728395061728,0.0002600997492053813,0.0,0.0
whole_cell,whole_cell_figure_1,B_separated_interface,153,31,26,81,21.164033367330646,20.85144617734467,20.706137436322336,0.8598980575894811,21.216766635879026,0.00806878262650125,0.2082808641975309,0.00037178358816963364,0.10984197530864197,0.0001034648016147216,0.030308641975308644,4.408909334986231e-05,21.251003633408192,0.010267212734205479,0.2082135802469136,0.0004681227082932137,0.11054938271604937,0.0001857279268755002,0.030276543209876543,5.585404371540864e-05
whole_cell,whole_cell_figure_1,B_separated_interface,104,194,26,81,15.035497313500294,14.595254728218075,14.416349284615077,0.8494981889889912,15.190084619002231,0.008971524702479203,0.20877037037037036,0.00029124841461003123,0.09137654320987654,0.00025893891547219513,0.00015061728395061728,1.2324142912376216e-05,15.27239329667037,0.01137706669624153,0.2071382716049383,0.0003714675075253141,0.0934,0.0003419246226925326,0.0007160493827160495,3.560488357908838e-05
whole_cell,whole_cell_figure_1,B_separated_interface,454,348,25,81,20.340258262685325,20.115356463907492,19.898855557992132,0.8120073480178321,20.390275270852975,0.006860886949261297,0.10704876543209876,0.0002009075091656653,0.02269074074074074,0.0001498184648996533,0.0,0.0,20.42102001441059,0.00877362714660315,0.1077716049382716,0.00029744982256118863,0.023811111111111113,0.0001836719102057018,0.0,0.0
whole_cell,whole_cell_figure_1,B_separated_interface,167,288,25,81,14.876234167536554,15.059855777870563,14.91763342395098,0.812720668208423,14.957223417978218,0.00805024263877698,0.006759259259259259,9.478831515923172e-05,0.0,0.0,0.0,0.0,15.008381790329144,0.010256677741492772,0.008266049382716047,0.00014398591025386874,3.024691358024692e-05,5.9418049248901275e-06,0.0,0.0
whole_cell,whole_cell_figure_1,B_separated_interface,181,258,24,81,24.89018420871203,24.713191034806307,24.465436988378514,0.7584717504950935,24.94135172281832,0.00761811003483644,0.36031913580246916,0.00020357084948084247,0.28531111111111107,0.00025744952921827156,0.05257716049382716,0.0001973939843440688,24.973479635018055,0.009721851427975981,0.36155493827160495,0.00025809015147551176,0.28461975308641974,0.00033813550212177394,0.0521253086419753,0.00024856865756241533
whole_cell,whole_cell_figure_1,B_separated_interface,184,275,24,81,13.300200857833174,13.949215505439755,13.614880119532526,0.6676697545759256,13.39924194787406,0.007597824641811201,0.03139074074074074,0.00023965878609125374,6.17283950617284e-07,6.172685183256124e-07,0.0,0.0,13.464036150186152,0.009633077065018517,0.03298518518518518,0.0002829225864105756,7.65432098765432e-05,1.2454874627111231e-05,0.0,0.0
whole_cell,whole_cell_figure_1,B_separated_interface,478,485,23,81,12.31086546033578,11.990297619073067,11.934732350142108,0.8941430874645795,12.382561238426472,0.008883764057672005,0.0,0.0,0.0,0.0,0.0,0.0,12.429959597251186,0.011277909903260951,6.790123456790124e-06,4.101968063466028e-06,0.0,0.0,0.0,0.0
whole_cell,whole_cell_figure_1,B_separated_interface,6,557,23,81,11.69261887446378,11.238091364268321,11.151745442880625,0.8269737791607988,11.767920930436388,0.008711279936073176,0.0014401234567901235,4.4048824348604646e-05,0.0,0.0,0.0,0.0,11.815987740294716,0.01104945295005035,0.0028487654320987657,8.632582067620517e-05,4.3209876543209875e-06,2.2530440132458384e-06,0.0,0.0
whole_cell,whole_cell_figure_1,B_separated_interface,149,177,22,81,19.773563293191746,18.892488458274173,18.84008004410827,0.7180717003538378,19.816037740778984,0.00975627815690147,0.17159691358024692,0.00029862912325221325,0.04367098765432099,0.0002862758183025966,0.0,0.0,19.842713345428415,0.012431174739373123,0.17085432098765432,0.0004437393943343257,0.04703888888888889,0.00036792864885779736,0.0,0.0
whole_cell,whole_cell_figure_1,B_separated_interface,51,240,22,81,20.960926612147517,20.994238141462507,20.754927468914513,0.8600051234283046,21.003992123499287,0.007978319058233726,0.14527037037037038,0.00021811394920120042,0.05372962962962963,0.00011362809015550591,0.0,0.0,21.030762338992425,0.010187230493128377,0.14524382716049383,0.0003182413057516492,0.05454320987654321,0.00017078257515841793,0.0,0.0
whole_cell,whole_cell_figure_1,B_separated_interface,480,333,21,81,4.060319248798837,4.160625618562153,4.104910438937453,0.05927728890021755,4.360470803445585,0.006418784732447935,0.0,0.0,0.0,0.0,0.0,0.0,4.519842109335508,0.008249274573962446,0.0,0.0,0.0,0.0,0.0,0.0
whole_cell,whole_cell_figure_1,B_separated_interface,127,388,20,81,22.152787886808156,22.088071297844305,21.8121215155298,0.7532854252005866,22.20970640457458,0.006183942372623732,0.21075432098765434,0.0003067019437935206,0.060668518518518524,0.0002540267527232169,0.0,0.0,22.245935270465225,0.007902237848174528,0.21132592592592597,0.00039469919675609735,0.061812962962962965,0.0003194016831512487,0.0,0.0
whole_cell,whole_cell_figure_1,B_separated_interface,478,72,20,81,18.501171502349173,17.926639186227177,17.913993972476693,0.6725462115486944,18.575066259875225,0.008658350441361895,0.07769876543209876,0.0004143156603438658,0.00029938271604938277,2.2752145581440764e-05,0.0,0.0,18.61596095519481,0.011063531770064392,0.07897962962962962,0.0005296449873886481,0.0014074074074074073,7.690541708035338e-05,0.0,0.0
whole_cell,whole_cell_figure_1,B_separated_interface,469,21,19,81,24.328442749380816,23.33430507442307,23.2893161886162,0.7957463423138311,24.3568685796198,0.009629406232811822,0.22172530864197532,0.0007992244410116355,0.09331728395061728,9.790348437284475e-05,0.02324135802469136,0.00017060894264787105,24.37582995173099,0.012292646394505412,0.22685802469135802,0.0009720358717389995,0.09551543209876545,0.0002114203513297695,0.02406604938271605,0.00018540001355566577
whole_cell,whole_cell_figure_1,B_separated_interface,205,588,19,81,10.529133603173806,10.096735004581747,10.028625003262947,0.44150144090405896,10.62355053058903,0.007765627184811449,0.0,0.0,0.0,0.0,0.0,0.0,10.681384121666113,0.009901604164658859,6.17283950617284e-07,6.172685183256124e-07,0.0,0.0,0.0,0.0
whole_cell,whole_cell_figure_1,B_separated_interface,127,425,19,81,12.771645199199833,12.805244086724416,12.699161963907049,0.7239707982036059,12.855547360931913,0.007177179938927522,0.0,0.0,0.0,0.0,0.0,0.0,12.910841539819321,0.00913360500869822,8.641975308641975e-06,3.761966392292195e-06,0.0,0.0,0.0,0.0
whole_cell,whole_cell_figure_1,B_separated_interface,17,279,19,81,21.563583792111732,20.619362696911733,20.588048797619237,0.7857738236251616,21.58793928291759,0.009354161208599446,0.06502037037037037,0.0003996884237641046,0.004406790123456791,4.5360359266625096e-05,0.0,0.0,21.603905185804795,0.011939553133227957,0.06992469135802469,0.0005757968371875644,0.00489567901234568,8.522285157704388e-05,0.0,0.0
whole_cell,whole_cell_figure_1,B_separated_interface,70,325,18,81,26.61637580554986,26.83716924638198,26.67686948038389,0.663097386807126,26.660909643420084,0.006445282834661903,0.3925253086419753,0.00020320010688245317,0.24375432098765432,0.0002649882620670293,6.17283950617284e-06,1.9515351801897824e-06,26.691535321951083,0.008215424441457545,0.3937228395061728,0.00029281994229886463,0.24536296296296298,0.00036276969654731265,0.0001382716049382716,1.2862894121441816e-05
whole_cell,whole_cell_figure_1,B_separated_interface,206,360,18,81,21.853079136855897,21.3921440670384,20.93812290354854,0.7166107694051741,21.897870253622965,0.008478701988704396,0.23526975308641973,0.0003522400560666802,0.10457592592592592,0.0002841618512420707,0.02419753086419753,1.7106674642655585e-05,21.926998554340123,0.010808120580508155,0.2342672839506173,0.0004373151222134693,0.1050222222222222,0.00037484186920123453,0.02368641975308642,2.4495212465262484e-05
whole_cell,whole_cell_figure_1,B_separated_interface,410,518,16,81,20.73952582292567,21.317126647630086,20.779093669595696,0.6084307431989543,20.79673076480016,0.0076156316180572186,0.15254876543209878,0.0003483506484079158,0.05625185185185185,9.142329293605552e-05,6.17283950617284e-07,6.172685183256124e-07,20.831591741225267,0.00971245132728604,0.15475246913580246,0.0004762777106788474,0.056792592592592596,0.0001578527708654722,2.654320987654321e-05,6.258689823405588e-06
whole_cell,whole_cell_figure_1,B_separated_interface,15,481,16,81,17.925792026477897,17.626011147126718,17.54521262355989,0.6955944896372589,17.978211583293998,0.007889079563326724,0.08201851851851852,0.0002490153538169984,0.018018518518518517,4.771145013892681e-05,0.0,0.0,18.011036634111722,0.010060882360022023,0.08237345679012345,0.00031869764370420214,0.018208024691358026,6.84957326911278e-05,0.0,0.0
whole_cell,whole_cell_figure_1,B_separated_interface,491,56,16,81,21.14195937797673,21.398401489580387,21.104965857287922,0.5313289592266499,21.20279769113106,0.008217569883549597,0.2245456790123457,0.0005362720794748046,0.09785123456790124,0.00015333654686479453,0.0,0.0,21.240251488996975,0.01047066318612373,0.22545,0.0006414452400815418,0.09818703703703703,0.00026088919406242573,9.999999999999999e-05,1.3888574464784962e-05
whole_cell,whole_cell_figure_1,B_separated_interface,252,562,15,81,8.26450145272933,8.201286698062885,8.169856553470728,0.22576726800064664,8.38040903881273,0.008091331619367743,0.0,0.0,0.0,0.0,0.0,0.0,8.453504020478933,0.010250124228886593,0.0,0.0,0.0,0.0,0.0,0.0
whole_cell,whole_cell_figure_1,B_separated_interface,291,71,15,81,20.598533878302728,20.195434301888955,20.06273236478401,0.856047710981655,20.6381853664614,0.008265617259845615,0.14144135802469135,0.00025062136468717756,0.05911543209876542,0.00019545232402377603,0.0,0.0,20.665140201180034,0.01055296100571757,0.1415679012345679,0.0003611671058224733,0.06030370370370369,0.0002606366342312244,1.234567901234568e-05,3.852272264459434e-06
whole_cell,whole_cell_figure_1,B_separated_interface,62,117,14,81,13.082199453756097,12.37117651099326,12.291713587545217,0.7355777720547866,13.188950821621614,0.009371872602967145,0.15081481481481482,0.00022216643849248588,0.0639358024691358,0.0002179295498634919,0.0,0.0,13.265643772319393,0.01172732545402401,0.15091234567901235,0.00030163481320744665,0.06565123456790124,0.0002871973719571656,1.604938271604938e-05,5.411476047308911e-06
whole_cell,whole_cell_figure_1,B_separated_interface,185,248,14,81,20.224620952654707,20.56153117004692,20.303405254035223,0.6969950177362971,20.293192567643608,0.007480176582251586,0.15007037037037035,0.00032217478819954095,0.02620555555555555,0.00014841208455715135,0.00014320987654320986,9.347497254507756e-06,20.3304212996936,0.00957145764430664,0.15017037037037037,0.00043753657050569844,0.02877839506172839,0.00021681994701073877,0.0005098765432098766,1.7370662119041237e-05
whole_cell,whole_cell_figure_1,B_separated_interface,176,393,13,81,17.76533713403483,17.318208931327604,17.156461958814955,0.7491528396993699,17.806865943965924,0.009413934035790368,0.06563641975308641,0.00036969934250089367,0.00026790123456790126,2.352173165782556e-05,0.0,0.0,17.833287885563042,0.012005334637848922,0.0670604938271605,0.0004629264592016491,0.0014228395061728393,7.214565896411743e-05,0.0,0.0
whole_cell,whole_cell_figure_1,B_separated_interface,153,128,12,81,15.362921806758957,15.50676743438617,15.31354356858949,0.8111590671186438,15.466989262506964,0.007621104375417405,0.09804629629629631,0.00022896920613963177,0.032693209876543214,0.00011792344265689871,0.0,0.0,15.525330960865446,0.009742748156181416,0.09917592592592593,0.00028313077443238636,0.03411049382716049,0.0001601859661756368,1.2962962962962962e-05,2.827264944967902e-06
whole_cell,whole_cell_figure_1,B_separated_interface,434,100,12,81,16.020851470855273,16.148476022159016,15.818175489452274,0.7517813630983701,16.088375789573835,0.008516052183881241,0.03324567901234568,0.00024638705120088824,0.012367283950617286,6.0877407068919065e-06,0.0,0.0,16.1317793011809,0.010829845082442002,0.03720987654320988,0.00031505117704103353,0.0125179012345679,3.7131367258707875e-05,4.3209876543209875e-06,1.6328939901635776e-06
whole_cell,whole_cell_figure_1,B_separated_interface,56,403,12,81,14.158642617715781,13.275902879921583,13.226574297418109,0.31818219331199105,14.252614436715339,0.009547224548603524,0.11543580246913579,0.00016329381850677758,0.0564358024691358,0.00013331244659210793,0.0,0.0,14.308858245025496,0.012098453416305971,0.11497283950617283,0.000220412495425567,0.05668148148148149,0.0001917047442103332,2.037037037037037e-05,5.5280681046428014e-06
whole_cell,whole_cell_figure_1,B_separated_interface,90,99,12,81,13.420171920245068,13.017900941145722,12.863965889682055,0.5941994448882462,13.492658609605668,0.007974070392611747,0.03872283950617284,7.584341960106923e-05,0.01277901234567901,4.9000330424120104e-05,0.0,0.0,13.543249368517426,0.010114003203757736,0.03859012345679013,0.00011628521481396267,0.013177777777777776,7.133448191470547e-05,0.0,0.0
whole_cell,whole_cell_figure_1,B_separated_interface,307,359,11,81,12.759633335072653,12.642687051523277,12.579970923263769,0.7393844941822274,12.840507532968553,0.008340089029250392,0.0,0.0,0.0,0.0,0.0,0.0,12.892155350471308,0.010589529772760472,1.851851851851852e-06,1.4901962034658106e-06,0.0,0.0,0.0,0.0
whole_cell,whole_cell_figure_1,B_separated_interface,495,309,10,81,11.34797026155512,11.325857662777905,11.198958723744147,0.4298691683145891,11.4342178057714,0.008235891143668728,0.0,0.0,0.0,0.0,0.0,0.0,11.49094488240772,0.01045932566690656,1.234567901234568e-06,8.729276851401981e-07,0.0,0.0,0.0,0.0
whole_cell,whole_cell_figure_1,B_separated_interface,263,509,10,81,8.753199764791844,8.949844018432769,8.73771814204758,0.3659361166951191,8.888592216504236,0.008197448684637742,5.555555555555556e-06,2.3628619644622678e-06,0.0,0.0,0.0,0.0,8.969501624941575,0.010421415691325384,0.00015061728395061728,1.593090193210289e-05,0.0,0.0,0.0,0.0
whole_cell,whole_cell_figure_1,B_separated_interface,103,554,9,81,15.595705354586254,15.051972781095971,15.012621575842376,0.3553339061862387,15.680833839893046,0.008151935518342894,0.07521604938271605,0.00023973539501572795,0.02127530864197531,4.2008241269904305e-05,0.0,0.0,15.732679325136022,0.010370554694720287,0.07600802469135803,0.0003103346108170781,0.021270987654320988,6.291400466473034e-05,2.7160493827160497e-05,4.090091968293528e-06
whole_cell,whole_cell_figure_1,B_separated_interface,360,240,9,81,8.32363973776326,7.837877871157669,7.680620619365791,0.2779998440784554,8.433576801626788,0.008596888783127534,0.0,0.0,0.0,0.0,0.0,0.0,8.500552077198252,0.01092751195627012,4.3209876543209875e-06,1.6328939901635776e-06,0.0,0.0,0.0,0.0
whole_cell,whole_cell_figure_1,B_separated_interface,558,595,8,81,8.146034257744878,7.9475673951824675,7.901995174193689,0.07401669620317636,8.30306180116235,0.00831079345245379,0.0,0.0,0.0,0.0,0.0,0.0,8.391118077941686,0.010574706146095474,1.234567901234568e-06,1.2345370366512249e-06,0.0,0.0,0.0,0.0
whole_cell,whole_cell_figure_1,B_separated_interface,318,522,8,81,13.752883090774073,13.501971998812392,13.448050245098436,0.6268253651936267,13.842737327281228,0.007356874604913272,0.005336419753086419,8.571925934056652e-05,1.234567901234568e-06,8.729276851401981e-07,0.0,0.0,13.895846263621117,0.009391070607748507,0.006808024691358025,0.0001266620749543932,9.259259259259259e-06,2.926125047604507e-06,0.0,0.0
whole_cell,whole_cell_figure_1,B_separated_interface,348,122,8,81,26.726298178955055,26.116698295625632,25.94476293834356,0.7694978110043915,26.76201735326401,0.008243827701979881,0.3802543209876543,0.0003578113407675142,0.20904135802469134,0.0002998979608600887,0.07867592592592593,0.00011252788882982383,26.78416875359567,0.010518904333952635,0.3789333333333334,0.0005079664558757972,0.21093641975308644,0.0004065199978871819,0.07946296296296296,0.00017024585645331717
whole_cell,whole_cell_figure_1,B_separated_interface,143,53,5,81,18.055286439908922,17.366460850553505,17.23516713567485,0.8420485673186081,18.095537533977684,0.009460396610360078,0.18056481481481482,0.00039982440534122913,0.04209567901234568,0.0002730577304972449,0.0,0.0,18.12428135712506,0.012000854026195221,0.1808172839506173,0.0005119134607925069,0.04485679012345679,0.00035486319672781657,0.0,0.0
whole_cell,whole_cell_figure_1,B_separated_interface,108,324,4,81,14.669612938113373,14.428861004490344,14.316594761736718,0.30231438564074514,14.769914286875359,0.00795813915312869,0.15177654320987655,9.861351633475287e-05,0.08008086419753085,0.00010100519338177464,0.0038382716049382717,4.040652192622706e-05,14.831381813190603,0.01008940628747847,0.15089506172839506,0.00014585696308008436,0.08126358024691357,0.00014539528265469738,0.0039475308641975316,4.330088546041251e-05
whole_cell,whole_cell_figure_1,B_separated_interface,220,368,4,81,16.195325127173543,15.982216602674796,15.870006081402082,0.4683163481841035,16.264554169963606,0.007969874478551749,0.08680987654320986,0.00014789424423991408,0.02207283950617284,6.779561476716621e-05,0.0,0.0,16.309756411003256,0.01013133772665921,0.08528024691358024,0.00022063982145716215,0.022991975308641974,0.00011948646762614756,3.08641975308642e-06,1.3801163281056403e-06
whole_cell,whole_cell_figure_1,B_separated_interface,206,42,4,81,15.520261894074434,15.436959059767105,15.232593252458985,0.6687116184191639,15.598151881528088,0.008927709211063036,0.013745061728395062,0.00016237023755695396,1.234567901234568e-06,8.729276851401981e-07,0.0,0.0,15.642147095304491,0.011361384769284638,0.015626543209876546,0.00023361293159718656,8.950617283950618e-05,1.440669294892856e-05,0.0,0.0
whole_cell,whole_cell_figure_1,B_separated_interface,364,546,2,81,13.434117867409284,13.769949142733871,13.597967940294428,0.7891952615656849,13.519895823800818,0.007453838002623804,8.39506172839506e-05,7.174188691878605e-06,0.0,0.0,0.0,0.0,13.573360638870946,0.009502308513007226,0.0004160493827160494,2.10252122879064e-05,1.234567901234568e-06,8.729276851401981e-07,0.0,0.0
whole_cell,whole_cell_figure_1,C_outer_boundary,61,154,3,81,16.208142541924502,16.495296589785823,16.214475537211772,0.6249293304732589,16.26833176790927,0.009363939741757504,0.05679753086419753,0.00015856176311459475,0.014112345679012346,9.375918053691953e-05,0.0,0.0,16.298323551178335,0.01194473678429457,0.057558024691358026,0.00022837159474791078,0.014979012345679013,0.00012274279029832828,0.0,0.0
whole_cell,whole_cell_figure_1,C_outer_boundary,201,177,3,81,13.496094533522012,12.862958471341065,12.712809298445451,0.4216299043338271,13.595943790170406,0.009269896828837111,0.02424012345679012,0.00023091155195668477,1.8518518518518517e-06,1.069086974621328e-06,0.0,0.0,13.655500553737898,0.0117681339986531,0.02587716049382716,0.00026450643273539533,0.00014012345679012344,2.1487839245909448e-05,0.0,0.0
whole_cell,whole_cell_figure_1,C_outer_boundary,108,158,2,81,8.016832342840527,7.731437025359846,7.568807057389111,0.4845252373282289,8.154407932464169,0.008886786132861995,0.0,0.0,0.0,0.0,0.0,0.0,8.236453732706252,0.01124684483281142,0.0,0.0,0.0,0.0,0.0,0.0
whole_cell,whole_cell_figure_1,C_outer_boundary,156,498,2,81,13.069849495732976,13.030670456744676,12.890854971250238,0.5482927864594905,13.150205557202105,0.008251090873345416,0.00017839506172839508,1.371949065013716e-05,0.0,0.0,0.0,0.0,13.200850686422301,0.010496260909534441,0.0008672839506172838,4.495423476245724e-05,6.17283950617284e-07,6.172685183256124e-07,0.0,0.0
whole_cell,whole_cell_figure_1,C_outer_boundary,306,524,2,81,10.701419567770085,10.849004954691113,10.647639169105075,0.533537306073682,10.789366986982289,0.008061278733244023,0.0,0.0,0.0,0.0,0.0,0.0,10.846178675515787,0.010229223098440331,1.2962962962962964e-05,3.848264278643873e-06,0.0,0.0,0.0,0.0
whole_cell,whole_cell_figure_1,C_outer_boundary,310,482,2,81,17.360030297990015,17.329950549100793,17.07708805283403,0.47625298866313864,17.438422209398503,0.008094884081810779,0.1707679012345679,0.00014916321532685534,0.10002283950617283,0.00011096265885112505,6.17283950617284e-07,6.172685183256124e-07,17.485821650495165,0.010294507353241441,0.17014999999999997,0.00019952370811277738,0.09981728395061727,0.0001557403711607777,4.567901234567901e-05,7.733447773110776e-06
whole_cell,whole_cell_figure_1,C_outer_boundary,482,448,2,81,17.848503835137933,17.30208517613984,17.230220726795967,0.6648548649604871,17.9054240417186,0.008723399608545776,0.11313456790123456,0.00035227167042314525,0.0356895061728395,0.00020945175468846007,0.0,0.0,17.94327549842524,0.011103577074408724,0.11576172839506174,0.0004550415657210984,0.03595555555555555,0.00025560610980333273,0.0,0.0
whole_cell,whole_cell_figure_1,C_outer_boundary,546,280,2,81,9.253887795626808,9.122320070698496,9.02138226606208,0.2036919366011149,9.354483322952705,0.00799020605650643,0.0,0.0,0.0,0.0,0.0,0.0,9.418634616538464,0.010159355398500903,0.0,0.0,0.0,0.0,0.0,0.0
whole_cell,whole_cell_figure_1,C_outer_boundary,588,208,2,81,19.193914303473996,17.934263017953857,17.853175136658997,0.5682979242115797,19.244453080871278,0.009395478405032713,0.18948086419753088,9.99548768367136e-05,0.144912962962963,0.00011862066663722104,0.060675925925925925,0.00017101885105897275,19.27695076657913,0.01198087407007078,0.1889783950617284,0.00013960934765341643,0.1452956790123457,0.00015831861580320388,0.0592925925925926,0.00021133323286773566
whole_cell,whole_cell_figure_1,D_interior,514,136,998,81,5.574189564970639,5.757166678600899,5.455198002255156,0.9286588056214288,5.878503859754514,0.0070389657511492195,0.0,0.0,0.0,0.0,0.0,0.0,6.029921377049044,0.008974865127782932,0.0,0.0,0.0,0.0,0.0,0.0
whole_cell,whole_cell_figure_1,D_interior,566,343,494,81,10.739784537051047,10.948687133946649,10.766420565620745,0.9111635332283515,10.837411768190675,0.007790024198079527,0.0,0.0,0.0,0.0,0.0,0.0,10.896411657982386,0.009911026882419793,0.0,0.0,0.0,0.0,0.0,0.0
whole_cell,whole_cell_figure_1,D_interior,461,196,288,81,18.857089424973097,18.422692042351642,18.344663727785953,0.8890260640737954,18.91219105004978,0.009136574392891679,0.1393450617283951,0.00022691122057473835,0.059910493827160495,0.00024883978804466554,0.0,0.0,18.94410617787998,0.011638830087119962,0.1396783950617284,0.0003186111131617564,0.0605320987654321,0.00029916154878027886,6.790123456790124e-06,2.0467361685763442e-06
whole_cell,whole_cell_figure_1,D_interior,274,543,235,81,13.399091340620044,13.659929811035504,13.43911241877191,0.8637903404243593,13.500115541229269,0.0071116266414303405,0.017228395061728397,0.00016543300386057352,0.0,0.0,0.0,0.0,13.560914575535106,0.00907657835936273,0.018899382716049382,0.0001944564373477895,1.1728395061728396e-05,4.25087118904042e-06,0.0,0.0
whole_cell,whole_cell_figure_1,D_interior,122,375,200,81,15.070449165991544,14.850142949943288,14.718146204247843,0.8978896019758374,15.11520617366417,0.008983341765801633,0.052568518518518514,3.927420245613699e-05,0.022218518518518516,6.043207516235944e-05,0.0,0.0,15.14317123068171,0.011430994432072626,0.05282839506172839,6.358128142768083e-05,0.022396913580246914,8.378047059109829e-05,0.0,0.0
whole_cell,whole_cell_figure_1,D_interior,514,448,187,81,15.201798547580399,14.809472095266669,14.74992498604176,0.8864345737085436,15.25713009675466,0.008827643903742992,0.0013160493827160493,5.4299368428147965e-05,0.0,0.0,0.0,0.0,15.293389334779878,0.011229260042327981,0.0031814814814814813,0.00010411701508226956,9.259259259259259e-06,4.56053579103838e-06,0.0,0.0
whole_cell,whole_cell_figure_1,D_interior,318,489,168,81,14.318331181762861,14.415059891727887,14.186743281982656,0.883881245811095,14.384488457373896,0.008475010498729958,0.000558641975308642,2.7514237755697723e-05,0.0,0.0,0.0,0.0,14.429697709318894,0.010760319950425682,0.001701851851851852,7.453852933896419e-05,1.234567901234568e-06,8.729276851401981e-07,0.0,0.0
whole_cell,whole_cell_figure_1,D_interior,255,586,155,81,13.015431042189467,12.975762371500025,12.973638058072108,0.9057353771953844,13.101832308560068,0.008833737429589834,0.006862345679012345,0.00010658830637863113,0.0,0.0,0.0,0.0,13.153204646571437,0.011190730171623888,0.00870925925925926,0.00013956691856945163,1.1728395061728396e-05,4.952635078680649e-06,0.0,0.0
whole_cell,whole_cell_figure_1,D_interior,19,416,144,81,12.92141822508517,12.562130645279018,12.567187584303134,0.9130536131425513,12.992586388638397,0.009004617397704584,0.0010537037037037036,3.6537511591137074e-05,0.0,0.0,0.0,0.0,13.036023633628561,0.011464798519201812,0.0022154320987654323,6.909853516780606e-05,3.703703703703704e-06,1.997384846431253e-06,0.0,0.0
whole_cell,whole_cell_figure_1,D_interior,210,69,129,81,24.36757566372756,24.330202855946197,24.16367127227096,0.8849304165439009,24.45848978922635,0.008455603098414366,0.3169981481481482,0.0003288582768659664,0.18690925925925925,0.0003543056022637043,0.07828641975308642,7.468004323559914e-05,24.502486129529377,0.01079919128708924,0.3174351851851852,0.0004584801772147943,0.18855493827160494,0.00043034158211818064,0.07886728395061728,0.00011116599113156207
whole_cell,whole_cell_figure_1,D_interior,102,445,119,81,12.611725971903422,12.416098184255183,12.316221199100912,0.9134493510827963,12.685385784710899,0.00753045498538239,0.011730246913580248,3.2140915458755264e-05,1.234567901234568e-06,8.729276851401981e-07,0.0,0.0,12.731015938633227,0.009617126403757411,0.011655555555555554,5.287433972025139e-05,6.296296296296296e-05,6.218344617749465e-06,0.0,0.0
whole_cell,whole_cell_figure_1,D_interior,299,408,114,81,18.593981627575662,18.242892759982208,18.213646061330284,0.8857443730941391,18.634595180566897,0.009242088627929277,0.040931481481481485,0.00016508405804247476,0.0009512345679012346,3.570213014941365e-05,0.0,0.0,18.659516369009122,0.011786385932688851,0.04205308641975308,0.0002779819063003842,0.002141975308641975,6.685635777158142e-05,0.0,0.0
whole_cell,whole_cell_figure_1,D_interior,267,456,113,81,24.273102783872808,23.593530611072257,23.566673800700872,0.8633423441765457,24.30116951100698,0.009472809441176018,0.27152098765432103,0.00046646859197560216,0.10066358024691356,0.0003811582457813902,2.469135802469136e-06,1.2344444382709875e-06,24.31837757701857,0.01209088111404942,0.27159629629629634,0.0006392230199514598,0.10338024691358026,0.0004948162446872041,6.296296296296296e-05,9.481031390334533e-06
whole_cell,whole_cell_figure_1,D_interior,124,218,111,81,27.578795530601916,26.905894791882705,26.717915589567838,0.8839015869880921,27.597687144699115,0.009738112707946474,0.3819148148148148,0.0006106960038009879,0.20984444444444444,0.000199672335647085,0.06340308641975309,0.0003169490168653243,27.60884819922037,0.012432204401217086,0.37883333333333336,0.0007115915882533346,0.21326481481481482,0.00032684180163011084,0.06386296296296297,0.00038359928961876884
whole_cell,whole_cell_figure_1,D_interior,490,454,107,81,16.53140470894013,16.236647933396988,16.116527476732543,0.8751685739223666,16.600907449964904,0.009288434391161953,0.1605604938271605,0.0003973156590557767,0.031132098765432093,0.0002905766005796659,0.0,0.0,16.64712819784976,0.011741646716717777,0.16035864197530864,0.0005115497508864682,0.03353086419753086,0.000351056052622303,0.0,0.0
whole_cell,whole_cell_figure_1,D_interior,458,270,103,81,23.93263866007381,23.696114418000928,23.463753868181204,0.8721117125350067,23.976952453232627,0.009261713841997879,0.2970074074074074,0.0003589109965788519,0.20233024691358023,0.00017825978218120273,0.0010401234567901235,4.1837674149956954e-05,24.000917610196783,0.011836583977776325,0.2975444444444444,0.0004816928012656904,0.2023253086419753,0.0002958373614100664,0.0025012345679012345,9.176631655465787e-05
whole_cell,whole_cell_figure_1,D_interior,404,344,97,81,18.37434583136713,18.165619404888442,18.100490678000696,0.8947160075230481,18.4232035155955,0.008590900796612956,0.07569814814814815,0.00034577573294272153,0.013083333333333332,0.00011458956719770923,0.0,0.0,18.454196778328885,0.010943261526376952,0.07834382716049383,0.0004277285993212586,0.013977777777777778,0.00015000620892524828,0.0,0.0
whole_cell,whole_cell_figure_1,D_interior,410,462,94,81,23.103325800100045,22.60270054932883,22.4556907269384,0.8403212980373042,23.16022006235674,0.006948566891636684,0.30680555555555555,0.00047007274395393425,0.08652345679012345,0.0004031137131295407,0.0,0.0,23.194212511039854,0.008866008768633415,0.30700185185185186,0.0005736987795556464,0.09001543209876543,0.0004922186470719725,0.0,0.0
whole_cell,whole_cell_figure_1,D_interior,223,424,91,81,12.988486337918442,12.95655645190261,12.797446919956302,0.8417007023463476,13.080112217889514,0.007815809843220207,0.0002888888888888889,2.344554924468744e-05,0.0,0.0,0.0,0.0,13.134389703665521,0.009960426083058234,0.0012314814814814816,6.269211394304727e-05,1.851851851851852e-06,1.4901962034658106e-06,0.0,0.0
whole_cell,whole_cell_figure_1,D_interior,32,154,87,81,27.05446770642702,26.293932874649197,26.23828977252228,0.8750866015717037,27.095095136274335,0.009677652172689254,0.3822518518518519,0.0005501177723356047,0.19913456790123457,0.0003904297971834313,0.08239259259259259,7.399713975021677e-05,27.11639795647718,0.012372383542312342,0.38055555555555554,0.0006930262202563448,0.2017240740740741,0.0005180288777636296,0.08202222222222223,9.985766498278909e-05
whole_cell,whole_cell_figure_1,D_interior,126,396,86,81,16.389312017136135,16.261986123231864,16.109191774963534,0.8890809694014598,16.4748868924948,0.007218847542254614,0.10346913580246914,0.00023132043369841879,0.0162141975308642,0.00012077393824840206,0.0,0.0,16.526224920334894,0.00918347222442963,0.10442469135802471,0.00029939113488278504,0.01707592592592593,0.00014347023638879461,0.0,0.0
whole_cell,whole_cell_figure_1,D_interior,68,333,84,81,17.653933245861875,17.478512539946525,17.58883744857103,0.8743904480280297,17.773791092861572,0.00680527730731233,0.1675296296296296,0.00018440438417606023,0.09746790123456792,0.0001552397680874955,6.17283950617284e-06,2.4687036566252483e-06,17.840654068309913,0.008684056183873886,0.17015617283950618,0.00026895376792099453,0.09842901234567902,0.00018828983780373585,0.0002006172839506173,2.0239312801310767e-05
whole_cell,whole_cell_figure_1,D_interior,358,255,81,81,21.20758839646392,20.65852985950728,20.635113406085686,0.8753207528029281,21.243841530276775,0.009268612447886586,0.17767283950617285,0.00021230725344008962,0.09036790123456791,0.00023057685828117294,0.0004413580246913581,2.5292906203036497e-05,21.267353115685864,0.011818502898801759,0.1783179012345679,0.00035793838371723596,0.09263395061728397,0.00029013924690466053,0.001387654320987654,5.178886320684583e-05
whole_cell,whole_cell_figure_1,D_interior,91,67,79,81,23.77407047892432,23.318227163416278,23.215193664709364,0.8946351304390199,23.81075656158217,0.009368848271153881,0.3323055555555556,0.0005148757866313194,0.14185185185185187,0.0006353210816741652,0.0,0.0,23.83222268537708,0.011957357318249777,0.33160987654320984,0.0006921525226740303,0.14208827160493828,0.0007609108517157749,1.8518518518518517e-06,1.069086974621328e-06
whole_cell,whole_cell_figure_1,D_interior,97,89,75,81,25.0697326085268,25.349407591822533,25.20970650553187,0.8777945870204147,25.126150564620737,0.008439052528611856,0.26027592592592597,0.0003610579683559491,0.19548456790123458,0.00012382559292643437,0.09356604938271605,5.7922127703407736e-05,25.16154315521028,0.01075010060873548,0.2632882716049383,0.00046823562958674093,0.19488888888888892,0.00019691587160104834,0.09308827160493827,8.846665675256154e-05
whole_cell,whole_cell_figure_1,D_interior,101,568,73,81,22.965160608720378,22.489883361839922,22.474713617312847,0.8781551281669888,23.004862018322143,0.008456889933271648,0.2073598765432099,0.00030667171496170085,0.1468858024691358,0.00010612024981516814,0.047262962962962965,0.00010777025856490052,23.029906026916287,0.010791168614365259,0.20950246913580248,0.0004039530578640821,0.1471320987654321,0.00016543527324624675,0.047782716049382716,0.00015818767497057675
whole_cell,whole_cell_figure_1,D_interior,582,312,69,81,23.779140578033076,23.542908939603095,23.40773542013452,0.8527472734929014,23.811188095715185,0.009446159921376955,0.2822024691358025,0.00034056639717771676,0.16961481481481483,0.00026738937539987735,0.0047197530864197534,0.00010007130535944957,23.83119844102255,0.012051798036812614,0.2822728395061728,0.00047078211750265284,0.17066172839506172,0.00036263862215970384,0.0069500000000000004,0.00014615703096059162
whole_cell,whole_cell_figure_1,D_interior,16,173,66,81,25.133189773877582,24.93265204087496,24.981434632456455,0.8845855123571564,25.198821039634755,0.0077912023210775175,0.3766697530864198,0.0005635289794482962,0.18261296296296298,0.0003550337335816144,0.047791975308641974,3.011074833282498e-05,25.236492508524698,0.009934136403996381,0.37717962962962964,0.0006794657486148268,0.18240123456790122,0.00048339084436622873,0.04732407407407407,3.9152466197440495e-05
whole_cell,whole_cell_figure_1,D_interior,166,391,65,81,20.36458397343176,19.593910335151442,19.611184156336996,0.8550464903427818,20.43360386355057,0.007817945572773837,0.2900277777777778,0.0001535731084944603,0.177070987654321,0.0003643624235115159,0.0,0.0,20.478063110914427,0.009956237312045292,0.28910493827160494,0.00024034901097070137,0.1770672839506173,0.00045374462751195213,1.419753086419753e-05,5.6446996469509835e-06
whole_cell,whole_cell_figure_1,D_interior,162,129,64,81,24.034374118983784,22.92897819542995,23.02856795121379,0.8824986807006222,24.086065807149836,0.006786498369790237,0.21758518518518521,0.0001485561311183928,0.14435555555555557,0.00015610780564507182,0.030939506172839505,0.0001055748408780561,24.117560572084738,0.008662414305505538,0.21836604938271603,0.00021842160389461623,0.1456320987654321,0.00020281665630312201,0.031236419753086418,0.0001334217667842604
whole_cell,whole_cell_figure_1,D_interior,86,9,60,81,19.090200615466003,19.390670173068855,18.93893991288072,0.885805929806046,19.133781910276998,0.008749820679598395,0.13570123456790126,0.00023767004486498764,0.05715,0.00018426936331604262,0.0,0.0,19.161578347344868,0.011168189582344586,0.13695617283950617,0.0003254505474703088,0.05833333333333333,0.0002421958888253354,1.1728395061728396e-05,4.222310328418521e-06
whole_cell,whole_cell_figure_1,D_interior,36,264,58,81,20.665596397919984,20.175478245834036,20.0845391345433,0.844117214135758,20.72273424175984,0.009366395686833109,0.2800382716049382,0.00028467808001741296,0.13190864197530863,0.0004393123544214919,0.020480246913580247,4.5131340875846076e-05,20.758001548626833,0.011933050392443509,0.2778098765432098,0.0004052295496594715,0.13408703703703703,0.0005370996748152144,0.0202320987654321,5.906789887339774e-05
whole_cell,whole_cell_figure_1,D_interior,460,120,58,81,24.51358753549608,23.493587543297348,23.514596426623186,0.8624670158664782,24.562952004554113,0.008635929422562161,0.293191975308642,0.00042462065378616893,0.17943827160493828,0.0001959571512481715,0.09504691358024692,9.66269211091367e-05,24.593233190989444,0.011011188823042943,0.2944833333333333,0.0005178411450989038,0.181170987654321,0.00028391406689543474,0.09469938271604939,0.00012744706531894116
whole_cell,whole_cell_figure_1,D_interior,175,93,53,81,26.37661726172613,25.431926311118623,25.42210070162191,0.8487976643751047,26.42869683487945,0.008557197655040016,0.3471222222222222,0.00048653711918523215,0.23824259259259262,0.0002081718633581114,0.09742283950617284,0.00013846937367235457,26.460727558068076,0.010903516276462456,0.3482827160493827,0.0005822276099775527,0.23797283950617285,0.0003028063522617226,0.0970388888888889,0.00018588952226809765
whole_cell,whole_cell_figure_1,D_interior,522,241,51,81,18.94967694896267,18.349034778672085,18.373682072419843,0.7950403743922012,19.01654874871631,0.006849312463833587,0.1459037037037037,0.000368256382477747,0.027351851851851853,0.0001942078185122234,0.0,0.0,19.05929118907709,0.008710683972890937,0.14761913580246916,0.000435423643862379,0.02944691358024691,0.000241823687814538,0.0,0.0
whole_cell,whole_cell_figure_1,D_interior,309,345,49,81,24.92744794737179,24.457126048055553,24.34261667850654,0.9138081863156586,24.965395427349126,0.009157581194070504,0.32107777777777774,0.00026403023430276914,0.22667530864197533,0.00045537746902092553,0.0013635802469135802,6.776665722467171e-05,24.98725519321951,0.011700569495805268,0.32303518518518515,0.0004051048449955711,0.22469012345679013,0.0005454942867082036,0.003725925925925926,0.00011960910986931335
whole_cell,whole_cell_figure_1,D_interior,586,110,47,81,18.031321724096998,17.68916330948819,17.62721993047732,0.8489507017524598,18.082377584205748,0.009653010772526529,0.1707783950617284,0.0002552702177029154,0.07696604938271605,0.0002122673243583689,0.002835185185185185,3.671785070136907e-05,18.11486909172598,0.012275166518409934,0.17007160493827161,0.00035579848046536237,0.0781425925925926,0.000293209075593393,0.003123456790123457,3.9627196181653725e-05
whole_cell,whole_cell_figure_1,D_interior,22,591,46,81,17.845309336338076,17.29455395830381,17.261139620647576,0.8187116512952103,17.890291323382538,0.009446760212749128,0.10381543209876544,0.0003155930256793339,0.007484567901234569,0.00015962980017036123,0.0,0.0,17.919247346007978,0.012016439860029704,0.10554876543209876,0.0004626359092756863,0.01080246913580247,0.000216509787054323,0.0,0.0
whole_cell,whole_cell_figure_1,D_interior,486,484,44,81,26.270104772635055,25.549129667009492,25.414753493779333,0.8775982075360722,26.297858993205864,0.008252629654723669,0.24935493827160493,0.00042260430606483925,0.13813333333333333,0.00025993911988356357,0.001615432098765432,4.7593002764128204e-05,26.31463197605987,0.010539103092541425,0.25150185185185187,0.0005417831027398001,0.13920308641975307,0.00033444306226375163,0.0029691358024691353,7.478994378564407e-05
whole_cell,whole_cell_figure_1,D_interior,245,571,42,81,11.45581000187364,11.30465052789228,11.242664005184407,0.6256583901309113,11.525380065897833,0.008361986716453652,0.0,0.0,0.0,0.0,0.0,0.0,11.571615119539855,0.010613587364926349,3.148148148148148e-05,7.597624314618743e-06,0.0,0.0,0.0,0.0
whole_cell,whole_cell_figure_1,D_interior,535,52,39,81,31.596103698150856,31.027371694329325,30.63376088463711,0.8014050940268826,31.63096062802643,0.006814019294730741,0.5249938271604939,0.0002680918038270766,0.41765987654320985,0.0003043659488636825,0.10347160493827161,0.00022844037126331954,31.65234889976741,0.008710770215134653,0.5267697530864198,0.0003546298958112242,0.41696728395061733,0.00035581610356396877,0.10558518518518518,0.00027851926513699615
whole_cell,whole_cell_figure_1,D_interior,331,410,38,81,15.898115828918492,15.490255192085819,15.387483970965366,0.8940525939483054,15.952149125369136,0.008929684330848781,0.06022407407407407,0.00020216842019571237,0.01755432098765432,7.737020901065892e-05,0.0,0.0,15.987450916581,0.011343430139534242,0.06050493827160494,0.00026689315025944983,0.01758888888888889,0.0001103165948427795,0.0,0.0
whole_cell,whole_cell_figure_1,D_interior,566,594,35,81,15.033714038973189,15.016067614945905,15.00997287714707,0.5597315262649145,15.099564613016641,0.00769224647766172,6.17283950617284e-07,6.172685183256124e-07,0.0,0.0,0.0,0.0,15.140540851980802,0.009812358362301076,4.506172839506173e-05,1.0670742725627382e-05,6.17283950617284e-07,6.172685183256124e-07,0.0,0.0
whole_cell,whole_cell_figure_1,D_interior,156,69,34,81,16.496195962255083,16.334944227812155,16.066418856400116,0.8858384480770092,16.598409373922664,0.008555079863115038,0.10239999999999999,0.0003164462326695721,0.025141975308641977,9.888653521038377e-05,2.1604938271604937e-05,3.6487042879977077e-06,16.656206664644813,0.010895198317588822,0.10372901234567902,0.0004253097285177918,0.026886419753086418,0.00016039693415963912,0.00019444444444444443,1.086908472427574e-05
whole_cell,whole_cell_figure_1,D_interior,368,410,30,81,15.944024037493765,15.485415664258134,15.485613319740429,0.8132954399472432,16.015136580938467,0.007776216536922244,4.320987654320988e-06,2.6146533647568654e-06,0.0,0.0,0.0,0.0,16.05973553931492,0.00990378827968489,0.0002950617283950617,4.11800328654934e-05,0.0,0.0,0.0,0.0
whole_cell,whole_cell_figure_1,D_interior,402,9,29,81,21.621399517333074,21.22941363085034,21.216915318590917,0.7504339331339592,21.65434338078757,0.00892417365515875,0.20449382716049383,0.0005660814458144051,0.04214876543209877,0.00023981222316710158,6.17283950617284e-07,6.172685183256124e-07,21.677025958214504,0.011368963218061206,0.20471728395061728,0.0007164039445260966,0.0446216049382716,0.0003272018196012754,6.975308641975308e-05,6.543255007997161e-06
whole_cell,whole_cell_figure_1,D_interior,244,184,28,81,25.505071303520186,24.803302106732357,24.91693406381748,0.8647955345711114,25.547206436018236,0.008598488008777001,0.32697654320987657,0.00048709038926219857,0.1457253086419753,0.0002166766340671182,0.049804320987654326,4.058456517809531e-05,25.572562713992962,0.01096535845528982,0.32765123456790124,0.0006561854291468245,0.1488320987654321,0.00033451884862316546,0.050136419753086414,8.424992963956307e-05
whole_cell,whole_cell_figure_1,D_interior,407,444,26,81,36.547389159358495,35.76985030603484,35.50823902143836,0.8842986465381952,36.570208547842036,0.008442569627561375,0.7466203703703703,0.00029550543513287797,0.5536,0.000599388216126788,0.144429012345679,0.0003802305768822022,36.5845224260904,0.01077831175467014,0.745561111111111,0.00042053077052077887,0.5530561728395061,0.0007833679736522152,0.14583395061728394,0.0004504149120824641
whole_cell,whole_cell_figure_1,D_interior,237,393,25,81,20.225712040136553,19.707689669290293,19.560983622412504,0.8283485090136932,20.274996962496175,0.00924820223252031,0.23512777777777777,0.0004444061106915322,0.10963765432098764,0.00032905076401851794,0.0,0.0,20.308508305181157,0.011731919147850312,0.23463456790123455,0.0005430177592711064,0.10908086419753085,0.0004296426647632223,6.790123456790124e-06,3.2357896496024654e-06
whole_cell,whole_cell_figure_1,D_interior,102,125,23,81,35.76832010363932,34.13523969098719,34.13346576852541,0.7952315392697146,35.79707418849477,0.009845358690878728,0.5467641975308642,0.00014313200174721665,0.4942666666666667,0.0001295268882950961,0.3153296296296296,0.00036833924848937624,35.815624778297995,0.012544340310588977,0.5467882716049383,0.0002234642079627578,0.4946524691358024,0.00018689875881675594,0.3142975308641975,0.0004952498986298133
whole_cell,whole_cell_figure_1,D_interior,103,464,21,81,33.50358064814318,31.820917131677593,31.739288747470006,0.7996557425001012,33.529557995143186,0.008648626592723535,0.5362061728395061,0.00028963243439537867,0.4067432098765433,0.000368153600750038,0.17887839506172837,0.00021659216739474847,33.54513211047573,0.01105195358140496,0.5365024691358025,0.0003864228656090291,0.40688580246913575,0.000494147150761144,0.17810802469135803,0.0002831256124848354
whole_cell,whole_cell_figure_1,D_interior,101,217,19,81,28.203678829058315,26.989088653352425,26.94894849506427,0.8483263913390852,28.229132873003426,0.008985108214471446,0.33635,0.0004192634213689915,0.18859814814814815,0.00036495058804195097,0.09838271604938272,0.00011342551704604327,28.24510505612891,0.01146930997601161,0.33621913580246915,0.0005680693871953664,0.19126604938271607,0.0004539443560353317,0.09867037037037037,0.0001355821083404844
whole_cell,whole_cell_figure_1,D_interior,592,390,15,81,3.4232738121280795,3.2974813808977426,3.2784016204603894,0.04215078472065549,3.728362886258488,0.008254956586374885,0.0,0.0,0.0,0.0,0.0,0.0,3.8824325008576537,0.01040811956811654,0.0,0.0,0.0,0.0,0.0,0.0
whole_cell,whole_cell_figure_1,D_interior,220,222,12,81,31.188486248286726,31.0057529117062,30.60442095182761,0.815325440182405,31.22874012613714,0.007649794501228248,0.5103444444444444,0.00036734033349460765,0.3290018518518518,0.0004051183964791621,0.09964074074074074,7.325961430369741e-05,31.253598303544443,0.00976867249874656,0.5115055555555555,0.000522106432311488,0.33040802469135805,0.0005357909698381139,0.10056666666666668,0.0001280454286767108
whole_cell,whole_cell_figure_1,D_interior,382,71,8,81,20.58221303460198,20.910736771062542,20.781143269253423,0.5018175550908626,20.687199717330458,0.007201892437300691,0.2769185185185185,0.00043663749860654296,0.040235185185185186,0.00023689696664763743,0.0,0.0,20.74472320076479,0.009206586816050624,0.27381728395061733,0.0005842537366363494,0.04455123456790124,0.0003473085254769329,0.0,0.0
whole_cell,whole_cell_figure_1,D_interior,369,549,6,81,15.319370868047807,15.380623896681591,15.156467976858236,0.79573452043336,15.40711512397799,0.007075723725650828,0.0006722222222222222,2.367424332313608e-05,0.0,0.0,0.0,0.0,15.461685164069925,0.00901527363131263,0.0014172839506172842,4.882413799731161e-05,1.8518518518518517e-06,1.069086974621328e-06,0.0,0.0
whole_cell,whole_cell_figure_1,D_interior,548,48,3,81,19.870316061879574,19.89909357268485,19.831952757383892,0.5280037312181284,19.945867814439264,0.005705720433594511,0.11876234567901234,0.00044914028522523286,6.17283950617284e-07,6.172685183256124e-07,0.0,0.0,19.9913969716887,0.007327136661157966,0.12006481481481482,0.0005580897075766171,7.839506172839506e-05,1.7946178419113062e-05,0.0,0.0
whole_cell,whole_cell_figure_1,D_interior,285,18,1,81,23.663579098234674,23.299037335576493,22.992425573073742,0.6467553301675462,23.714349930257043,0.009059501156090569,0.3193395061728395,0.00037833889479674027,0.20094938271604934,0.0003808719117945696,0.001377777777777778,4.630380448411975e-05,23.743723714262675,0.011558753633176119,0.32070802469135806,0.0005082911586384683,0.2000611111111111,0.0005001734593334854,0.0027771604938271605,7.701518561827376e-05
whole_cell,whole_cell_figure_1,D_interior,67,57,1,81,25.110641113379916,23.645591812569332,23.572471924766596,0.5694366515691591,25.161148843724852,0.009094015865177302,0.40680493827160497,0.00018664728139688278,0.2900302469135802,0.0005140122560236484,0.021733333333333334,0.00018132234159733165,25.194881199399113,0.011565069199084113,0.4078413580246914,0.00030987208023074093,0.29021604938271606,0.0005915880749700874,0.023822222222222224,0.00024801184516221226
whole_cell,whole_cell_figure_1,D_interior,472,41,1,81,16.52750544230306,15.86569549310897,15.800058005053629,0.5943025987193031,16.576660006079464,0.008607243674457157,0.014577160493827164,7.693544667637877e-05,7.407407407407407e-06,2.1376927337789244e-06,0.0,0.0,16.60853673549019,0.010968986042874714,0.01489320987654321,0.00012630072267260604,0.0001308641975308642,1.2435999712392237e-05,0.0,0.0
whole_cell,whole_cell_figure_1,D_background,313,110,28520,81,0.5975708544632343,0.5571625260760269,0.5422239964161426,0.0,1.5436272259097608,0.006287970659139371,0.0,0.0,0.0,0.0,0.0,0.0,1.8382057427543887,0.0086543540376638,0.0,0.0,0.0,0.0,0.0,0.0
whole_cell,whole_cell_figure_1,D_background,543,99,11773,81,3.9171583167253137,4.13486930119584,3.967814879514071,0.05310444939404471,4.507266029183444,0.0073626569155916385,6.17283950617284e-07,6.172685183256124e-07,0.0,0.0,0.0,0.0,4.707325943295952,0.009657248087966367,5.432098765432098e-05,8.633306397018648e-06,0.0,0.0,0.0,0.0
whole_cell,whole_cell_figure_1,D_background,459,243,6048,81,1.0798400751249693,1.064278855755979,0.9981727587524243,0.0,1.7565793579262863,0.0069845173668683395,0.0,0.0,0.0,0.0,0.0,0.0,2.0337161837061246,0.00907384487890325,0.0,0.0,0.0,0.0,0.0,0.0
whole_cell,whole_cell_figure_1,D_background,524,556,4700,81,1.0017973524731483,1.078509045580646,0.9926526404296386,0.0,1.7500419665045102,0.006705434062409664,0.0,0.0,0.0,0.0,0.0,0.0,2.026859203463639,0.008906798694575195,0.0,0.0,0.0,0.0,0.0,0.0
whole_cell,whole_cell_figure_1,D_background,170,129,4694,81,19.367667931234752,18.62252958268769,18.542773619947617,0.7572488624961595,19.41893492610431,0.009084059249595369,0.01894135802469136,0.0002872832023459564,0.0,0.0,0.0,0.0,19.449543247875084,0.011592157725360432,0.024093209876543207,0.0004181168214463762,3.0246913580246912e-05,1.1570368282716222e-05,0.0,0.0
whole_cell,whole_cell_figure_1,D_background,22,167,4427,81,19.58903040797742,19.301212351518213,18.928794421420438,0.4149896038144647,19.78701800208885,0.00825301393534408,0.2670962962962963,0.0002847395979599753,0.19170432098765433,0.000178084595418609,0.09322777777777778,0.00020001100258877194,19.879409182170246,0.01053819422632343,0.26754814814814815,0.0003500693845934112,0.19083703703703703,0.00024342009182362964,0.09083395061728394,0.00022941875143797145
whole_cell,whole_cell_figure_1,D_background,213,481,3481,81,2.759052710732458,3.2307100497154617,3.048655456380105,0.012345679012345678,3.1970405129605033,0.005943857956636114,0.0,0.0,0.0,0.0,0.0,0.0,3.401912910068121,0.007941353076681638,0.0,0.0,0.0,0.0,0.0,0.0
whole_cell,whole_cell_figure_1,D_background,43,48,2185,81,0.30106733019955556,0.3002530020048608,0.298353801534358,0.0,1.4488391061497108,0.005935406897825503,0.0,0.0,0.0,0.0,0.0,0.0,1.749595002648232,0.008480484801355529,0.0,0.0,0.0,0.0,0.0,0.0
whole_cell,whole_cell_figure_1,D_background,140,89,2128,81,0.5048154816377057,0.49193102718007914,0.48605803036818834,0.0,1.5144286950169683,0.006194387638106182,0.0,0.0,0.0,0.0,0.0,0.0,1.810620042034816,0.008616762040701416,0.0,0.0,0.0,0.0,0.0,0.0
whole_cell,whole_cell_figure_1,D_background,302,312,2026,81,4.4312221864872265,4.396577065505018,4.3552783470267284,0.006172839506172839,4.601764809280571,0.008543211880069396,0.0,0.0,0.0,0.0,0.0,0.0,4.716256680462687,0.010586151201994827,0.0,0.0,0.0,0.0,0.0,0.0
whole_cell,whole_cell_figure_1,D_background,465,431,1070,81,2.5238727953565574,2.3441497283859363,2.3049690233206754,0.0,2.9877998976918545,0.008037592986925933,0.0,0.0,0.0,0.0,0.0,0.0,3.187782606031979,0.010210212107640006,0.0,0.0,0.0,0.0,0.0,0.0
whole_cell,whole_cell_figure_1,D_background,566,289,893,81,1.3163660767404703,1.3040525391868738,1.2653828072518118,0.0,1.9231470843695913,0.007261375339701358,0.0,0.0,0.0,0.0,0.0,0.0,2.185947113522839,0.009294444726020477,0.0,0.0,0.0,0.0,0.0,0.0
whole_cell,whole_cell_figure_1,D_background,166,536,780,81,0.5922869513576171,0.6202847144161796,0.5917865961909891,0.0,1.59434607612713,0.006304095531393591,0.0,0.0,0.0,0.0,0.0,0.0,1.8843055060064646,0.008718602672095295,0.0,0.0,0.0,0.0,0.0,0.0
whole_cell,whole_cell_figure_1,D_background,240,551,761,81,0.7964517155391188,0.7831327153739945,0.7705258197774585,0.0,1.6205417184729143,0.006545179610296985,0.0,0.0,0.0,0.0,0.0,0.0,1.9091578747231186,0.008781844965299719,0.0,0.0,0.0,0.0,0.0,0.0
whole_cell,whole_cell_figure_1,D_background,373,432,662,81,1.4641291618399512,1.6245287212485198,1.480101259408006,0.0,2.0573724673779976,0.006714230353608046,0.0,0.0,0.0,0.0,0.0,0.0,2.311970932646297,0.008819392850277778,0.0,0.0,0.0,0.0,0.0,0.0
whole_cell,whole_cell_figure_1,D_background,145,151,612,81,1.8889934007493507,1.89331896102401,1.7666322369843135,0.0,2.4746651244302305,0.007198530523954212,0.0,0.0,0.0,0.0,0.0,0.0,2.715261158705398,0.009345591814452596,0.0,0.0,0.0,0.0,0.0,0.0
whole_cell,whole_cell_figure_1,D_background,273,583,510,81,1.6366877010252658,1.6846590999908746,1.6287847279197825,0.0,2.2023441636202934,0.007312070967350966,0.0,0.0,0.0,0.0,0.0,0.0,2.445442971093026,0.009337698777897575,0.0,0.0,0.0,0.0,0.0,0.0
whole_cell,whole_cell_figure_1,D_background,4,461,431,81,12.77767006601774,12.20543416869683,12.157556342843193,0.420014412675212,13.004003013354215,0.008439383588983782,0.10894135802469135,8.068099316559819e-05,0.07274567901234569,0.00018545089349726726,0.0,0.0,13.112189716939358,0.010776400716172968,0.10907716049382717,0.0001349310326103033,0.07133703703703703,0.00023493236818011786,1.234567901234568e-06,8.729276851401981e-07
whole_cell,whole_cell_figure_1,D_background,594,330,407,81,1.7523264278224209,1.5749458517680386,1.6211988064652014,0.0,2.495707578296265,0.0069874232625931525,0.0,0.0,0.0,0.0,0.0,0.0,2.7410726014139626,0.009350540811032988,0.0,0.0,0.0,0.0,0.0,0.0
whole_cell,whole_cell_figure_1,D_background,587,466,398,81,1.6389827286303507,1.6178871601712,1.5611654662578496,0.0,2.1630952087072153,0.007015138605422842,0.0,0.0,0.0,0.0,0.0,0.0,2.410945729959437,0.009002504447456313,0.0,0.0,0.0,0.0,0.0,0.0
whole_cell,whole_cell_figure_1,D_background,3,379,362,81,7.1530644611572844,6.84508158531358,6.809040868664276,0.05645842203667884,7.363189889566966,0.00900697618482414,0.013893827160493826,6.438335627336995e-05,9.074074074074073e-05,7.4566151050509685e-06,0.0,0.0,7.4711803534167505,0.011376038968169954,0.013880864197530863,7.925827428968327e-05,0.000395679012345679,1.765720634948077e-05,0.0,0.0
whole_cell,whole_cell_figure_1,D_background,105,382,277,81,1.201354617565244,1.1633845317040235,1.1487505035054604,0.0,1.8949310484329405,0.007046165458619235,0.0,0.0,0.0,0.0,0.0,0.0,2.1600332946788723,0.00920130155476667,0.0,0.0,0.0,0.0,0.0,0.0
whole_cell,whole_cell_figure_1,D_background,195,375,228,81,3.7674823547299496,3.9312974089431263,3.8573403554285304,0.07226384137195704,4.237915355683809,0.007168143218316381,0.0,0.0,0.0,0.0,0.0,0.0,4.436125547137149,0.00933425943053136,0.0,0.0,0.0,0.0,0.0,0.0
whole_cell,whole_cell_figure_1,D_background,310,390,228,81,1.091217711560619,1.4506142137419547,1.2829382258364412,0.0,1.8150724295454261,0.0065581027843528185,0.0,0.0,0.0,0.0,0.0,0.0,2.0872086380766897,0.008755173910067734,0.0,0.0,0.0,0.0,0.0,0.0
whole_cell,whole_cell_figure_1,D_background,449,4,202,81,3.1030602959073565,3.211342487568251,3.04836462896568,0.0,3.5723192444299343,0.007119537651125234,0.0,0.0,0.0,0.0,0.0,0.0,3.7732718050571914,0.009186340841365064,0.0,0.0,0.0,0.0,0.0,0.0
whole_cell,whole_cell_figure_1,D_background,583,79,163,81,3.070525783288903,2.9778833364665314,2.906631825418115,0.006172839506172839,3.5682313590553005,0.007533406044152387,0.0,0.0,0.0,0.0,0.0,0.0,3.7738698114106874,0.009679593508549144,4.3209876543209875e-06,1.6328939901635776e-06,0.0,0.0,0.0,0.0
whole_cell,whole_cell_figure_1,D_background,100,27,150,81,1.6219089491571486,1.5016010245973181,1.4814717938031767,0.0,2.2821616786401306,0.006837591823696605,0.0,0.0,0.0,0.0,0.0,0.0,2.536804612672171,0.009051409243701746,0.0,0.0,0.0,0.0,0.0,0.0
whole_cell,whole_cell_figure_1,D_background,42,400,134,81,2.6720748591104924,2.763832612317618,2.7234522044438334,0.0,3.0264540401529736,0.007522432346862337,0.0,0.0,0.0,0.0,0.0,0.0,3.2144712025280673,0.009488467135016965,0.0,0.0,0.0,0.0,0.0,0.0
whole_cell,whole_cell_figure_1,D_background,2,20,122,81,10.355341048461774,10.480921458324184,10.154895721776379,0.9147059764723506,10.470532368461912,0.007746717552856511,0.0025672839506172837,5.837084567758291e-05,0.0,0.0,0.0,0.0,10.542283036451611,0.009840332342152747,0.003929012345679013,7.752166001291671e-05,6.17283950617284e-06,2.6185211312768537e-06,0.0,0.0
whole_cell,whole_cell_figure_1,D_background,1,536,83,81,7.041125236272734,6.891656611291848,6.844700785289652,0.3362850787582901,7.172674174003909,0.007932757757074652,0.0,0.0,0.0,0.0,0.0,0.0,7.252863668790729,0.010107559695251008,0.0,0.0,0.0,0.0,0.0,0.0
whole_cell,whole_cell_figure_1,D_background,329,430,58,81,4.885070963512753,5.003043206952301,4.876683035555454,0.08174469559950176,5.113984218214385,0.007672412326984542,0.0,0.0,0.0,0.0,0.0,0.0,5.243175059263043,0.009687976360223725,0.0,0.0,0.0,0.0,0.0,0.0
whole_cell,whole_cell_figure_1,D_background,118,561,52,81,11.157067016339056,10.026505094145477,9.974681111576357,0.1532618958317666,11.30348377672669,0.009181880591410223,0.003069753086419753,9.074506195306923e-05,0.0,0.0,0.0,0.0,11.38672521229172,0.011623844074227785,0.00575,0.0001504940470160419,1.419753086419753e-05,5.7878605413555285e-06,0.0,0.0
whole_cell,whole_cell_figure_1,D_background,54,82,45,81,1.6812844896425372,1.7201008417071944,1.642914580448861,0.0,2.278416511466933,0.006637035384290566,0.0,0.0,0.0,0.0,0.0,0.0,2.526045627884893,0.008737357524103297,0.0,0.0,0.0,0.0,0.0,0.0
whole_cell,whole_cell_figure_1,D_background,210,600,43,81,6.995619957863231,7.001810672587408,6.8770350300539205,0.18568800030269975,7.171082133953482,0.007874230355410763,0.0,0.0,0.0,0.0,0.0,0.0,7.276564103375608,0.009997848084959736,0.0,0.0,0.0,0.0,0.0,0.0
whole_cell,whole_cell_figure_1,D_background,81,91,35,81,3.2160598501782167,2.9904536596657683,2.904821856212415,0.0,3.512332070957522,0.00842491530977917,0.0,0.0,0.0,0.0,0.0,0.0,3.688863745035934,0.010427395887387702,0.0,0.0,0.0,0.0,0.0,0.0
whole_cell,whole_cell_figure_1,D_background,496,118,31,81,2.316934022607864,2.85067943098493,2.471147597915691,0.0,2.690215744666634,0.007823317442454488,0.0,0.0,0.0,0.0,0.0,0.0,2.8971218556269545,0.009750709454447944,0.0,0.0,0.0,0.0,0.0,0.0
whole_cell,whole_cell_figure_1,D_background,26,507,28,81,3.5113453004966764,3.667877073966314,3.447969654231103,0.008729713347982069,3.837586559061022,0.007605225275444646,6.17283950617284e-07,6.172685183256124e-07,0.0,0.0,0.0,0.0,4.009352508802003,0.00964005970897271,2.9629629629629627e-05,4.271533575369068e-06,0.0,0.0,0.0,0.0
whole_cell,whole_cell_figure_1,D_background,288,487,25,81,2.7315178303498824,2.8599266383120634,2.7681927135359734,0.0,3.081768217211356,0.007163056640128521,0.0,0.0,0.0,0.0,0.0,0.0,3.2780764935166764,0.009039763711928125,0.0,0.0,0.0,0.0,0.0,0.0
whole_cell,whole_cell_figure_1,D_background,534,490,24,81,2.687666989313346,3.025430912452474,2.91026748866756,0.0,3.1227726904210473,0.006541544503735518,0.0,0.0,0.0,0.0,0.0,0.0,3.327764745031164,0.00850963032466685,0.0,0.0,0.0,0.0,0.0,0.0
whole_cell,whole_cell_figure_1,D_background,115,200,22,81,3.4809382119862273,3.533092282678408,3.4309718056962435,0.012345679012345678,3.8560961841225727,0.0077012940117150265,0.0,0.0,0.0,0.0,0.0,0.0,4.031475001411555,0.00982885401817071,0.0,0.0,0.0,0.0,0.0,0.0
whole_cell,whole_cell_figure_1,D_background,299,518,20,81,1.356112193041192,1.6701149575975962,1.4805525001653468,0.0,2.029098855251335,0.006783262268785822,0.0,0.0,0.0,0.0,0.0,0.0,2.2885007357368,0.008920718556578867,0.0,0.0,0.0,0.0,0.0,0.0
whole_cell,whole_cell_figure_1,D_background,331,468,14,81,3.2164358591205477,3.108298393594698,3.0223060831192314,0.0,3.6006307870019847,0.006945677323463051,0.0,0.0,0.0,0.0,0.0,0.0,3.791040009376808,0.008904744897401506,0.0,0.0,0.0,0.0,0.0,0.0
whole_cell,whole_cell_figure_1,D_background,179,600,11,81,16.822980480452923,16.543896045541217,16.43042858377107,0.48950293851967863,16.933269152135093,0.0078061731669078985,0.10201296296296296,0.00025439546348596026,0.0006018518518518519,4.07496244542327e-05,0.0,0.0,16.993588244225315,0.00995324872197086,0.10314259259259259,0.0003643064239693497,0.0023049382716049385,9.425307708081374e-05,0.0,0.0
whole_cell,whole_cell_figure_1,D_background,413,2,8,81,5.679948026773851,5.714214222041238,5.634234365611654,0.043209876543209874,5.974772504027696,0.008438797840218636,0.0,0.0,0.0,0.0,0.0,0.0,6.1293342251000995,0.010672036260159699,0.0,0.0,0.0,0.0,0.0,0.0
whole_cell,whole_cell_figure_1,D_background,172,241,6,81,1.6440372440429323,1.8650107749180795,1.7015312779096021,0.0,2.1944387535428227,0.007102641158930548,0.0,0.0,0.0,0.0,0.0,0.0,2.43669932393058,0.009147367168485344,0.0,0.0,0.0,0.0,0.0,0.0
whole_cell,whole_cell_figure_1,D_background,75,111,5,81,5.060364529954417,4.887804482573418,4.822212282724419,0.13564624379437137,5.337487832203927,0.008136990712870626,0.0,0.0,0.0,0.0,0.0,0.0,5.477462631752308,0.010355398748467127,0.0,0.0,0.0,0.0,0.0,0.0
whole_cell,whole_cell_figure_1,D_background,318,456,4,81,4.011475784933623,3.9799922933402536,3.9048291717988897,0.008729713347982069,4.274312324937364,0.007542413379818485,0.0,0.0,0.0,0.0,0.0,0.0,4.4230210364269515,0.009557898892434665,0.0,0.0,0.0,0.0,0.0,0.0
whole_cell,whole_cell_figure_1,D_background,27,397,3,81,3.699796235262692,3.609031991588068,3.6027246272275053,0.0,3.9372687886199134,0.008189270493446546,0.0,0.0,0.0,0.0,0.0,0.0,4.079871974184018,0.010238978377791011,0.0,0.0,0.0,0.0,0.0,0.0
whole_cell,whole_cell_figure_1,D_background,461,380,3,81,2.558830481158713,2.523921454911622,2.4428325955693353,0.0,2.9258882948149583,0.0077350266491862055,0.0,0.0,0.0,0.0,0.0,0.0,3.120494703608424,0.009700385351905977,0.0,0.0,0.0,0.0,0.0,0.0
whole_cell,whole_cell_figure_1,D_background,599,112,2,81,15.951995997511796,15.853837483332867,15.764471718614033,0.8300865743081387,16.008908095717242,0.00931598070376286,0.11933827160493826,0.00029978564162144315,0.02800864197530864,0.0001819782647430643,0.0,0.0,16.046287993276575,0.01183790383729512,0.11945432098765432,0.00039450380126102377,0.02971604938271605,0.00023865237404241426,0.0,0.0
whole_cell,whole_cell_figure_1,D_background,65,306,2,81,2.0051717729254848,1.9726406329529167,1.9101546751587914,0.0,2.5232950779993897,0.007069341271135393,0.0,0.0,0.0,0.0,0.0,0.0,2.752679001118166,0.009127181195016754,0.0,0.0,0.0,0.0,0.0,0.0
whole_cell,whole_cell_figure_1,D_background,314,458,2,81,4.347808738769486,4.317637927369766,4.1525606851608075,0.018518518518518517,4.593958292363628,0.007554990354940747,0.0,0.0,0.0,0.0,0.0,0.0,4.738412416413122,0.009545638071269763,0.0,0.0,0.0,0.0,0.0,0.0
whole_cell,whole_cell_figure_1,D_background,100,52,2,81,3.1036287734489605,3.32656072355633,3.078982229065896,0.006172839506172839,3.4037509244093247,0.007592896109755256,0.0,0.0,0.0,0.0,0.0,0.0,3.5797833974305044,0.00949219670965875,0.0,0.0,0.0,0.0,0.0,0.0
whole_cell,whole_cell_figure_1,D_background,581,256,1,81,3.3517140285446096,3.68719447302971,3.515399119568154,0.0,3.655989391864487,0.008092611880472703,0.0,0.0,0.0,0.0,0.0,0.0,3.8234171571423907,0.010166844298144951,0.0,0.0,0.0,0.0,0.0,0.0
whole_cell,whole_cell_figure_1,D_background,132,568,1,81,2.4052394238520654,2.433464211460846,2.3308541337345825,0.0,2.888490239734591,0.007066754269033106,0.0,0.0,0.0,0.0,0.0,0.0,3.1140834132592072,0.009093937330051425,0.0,0.0,0.0,0.0,0.0,0.0
whole_cell,whole_cell_figure_1,D_background,438,373,1,81,3.4598614934099916,3.3361685708572746,3.341495626611711,0.0,3.7859191700502555,0.007623685473137263,0.0,0.0,0.0,0.0,0.0,0.0,3.962235119447071,0.009650462446544406,0.0,0.0,0.0,0.0,0.0,0.0
whole_cell,whole_cell_figure_1,D_background,280,489,1,81,1.8899194259329217,2.5238652753789013,2.217408573551988,0.0,2.3682440623274843,0.007316776023573863,0.0,0.0,0.0,0.0,0.0,0.0,2.6038212008124684,0.009265389785711328,0.0,0.0,0.0,0.0,0.0,0.0
whole_cell,whole_cell_figure_1,D_background,472,601,1,81,16.445741085922474,16.14059815048825,16.137912559266432,0.9206276601323734,16.513044691998484,0.0077096790997477046,0.013970987654320989,0.00019038503136913312,6.17283950617284e-07,6.172685183256124e-07,0.0,0.0,16.554635287999176,0.009841882742270908,0.01705493827160494,0.0002714015151876836,8.456790123456791e-05,1.7316033944128543e-05,0.0,0.0
whole_cell,whole_cell_figure_1,D_background,315,535,1,81,3.981424725986954,3.644457215874967,3.615213321086263,0.0,4.225602364404123,0.007727952894687484,0.0,0.0,0.0,0.0,0.0,0.0,4.36640811246265,0.009738612221445828,0.0,0.0,0.0,0.0,0.0,0.0
whole_cell,whole_cell_figure_1,D_background,242,246,1,81,3.6793349860631666,4.312716747050627,4.068006275769547,0.0,4.023557707139886,0.007378961097163177,0.0,0.0,0.0,0.0,0.0,0.0,4.202613968261801,0.009338103656244063,0.0,0.0,0.0,0.0,0.0,0.0
