dataset,image,role,arm,pred_instance,area_px,best_gt_iou,frac_on_gt_fg
nuclei,nuclei_figure_1,development,raw,207,35.0,0.0,0.0
nuclei,nuclei_figure_1,development,raw,547,91.0,0.0,0.0
nuclei,nuclei_figure_1,development,raw,633,983.0,0.0,0.0
nuclei,nuclei_figure_1,development,raw,637,174.0,0.1762917933130699,1.0
nuclei,nuclei_figure_1,development,raw,639,67.0,0.0,0.0
nuclei,nuclei_figure_1,development,raw,644,57.0,0.07335907335907337,1.0
nuclei,nuclei_figure_1,development,raw,648,77.0,0.0990990990990991,1.0
nuclei,nuclei_figure_1,development,raw,712,21.0,0.0,0.0
nuclei,nuclei_figure_1,development,raw,9131,13.0,0.0,0.0
nuclei,nuclei_figure_1,development,raw,10363,18.0,0.0,0.0
nuclei,nuclei_figure_1,development,raw,11904,24.0,0.0,0.0
nuclei,nuclei_figure_1,development,gp,74,32.0,0.0,0.0
nuclei,nuclei_figure_1,development,gp,177,182.0,0.0,0.0
nuclei,nuclei_figure_1,development,gp,229,121.0,0.1721194879089616,1.0
nuclei,nuclei_figure_1,development,gp,249,1034.0,0.0,0.0
nuclei,nuclei_figure_1,development,gp,252,51.0,0.0,0.0
nuclei,nuclei_figure_1,development,gp,257,155.0,0.1994851994851995,1.0
nuclei,nuclei_figure_1,development,gp,289,19.0,0.0,0.0
nuclei,nuclei_figure_1,development,gp,291,19.0,0.0,0.0
nuclei,nuclei_figure_1,development,gp,303,212.0,0.0,0.0
nuclei,nuclei_figure_1,development,gp,304,64.0,0.0,0.0
nuclei,nuclei_figure_1,development,qep_q2,74,32.0,0.0,0.0
nuclei,nuclei_figure_1,development,qep_q2,177,182.0,0.0,0.0
nuclei,nuclei_figure_1,development,qep_q2,229,121.0,0.1721194879089616,1.0
nuclei,nuclei_figure_1,development,qep_q2,249,1034.0,0.0,0.0
nuclei,nuclei_figure_1,development,qep_q2,252,51.0,0.0,0.0
nuclei,nuclei_figure_1,development,qep_q2,257,155.0,0.1994851994851995,1.0
nuclei,nuclei_figure_1,development,qep_q2,289,19.0,0.0,0.0
nuclei,nuclei_figure_1,development,qep_q2,291,19.0,0.0,0.0
nuclei,nuclei_figure_1,development,qep_q2,303,212.0,0.0,0.0
nuclei,nuclei_figure_1,development,qep_q2,304,64.0,0.0,0.0
nuclei,nuclei_figure_1,development,qep_q1.5,76,32.0,0.0,0.0
nuclei,nuclei_figure_1,development,qep_q1.5,176,188.0,0.0,0.0
nuclei,nuclei_figure_1,development,qep_q1.5,227,15.0,0.0,0.0
nuclei,nuclei_figure_1,development,qep_q1.5,229,120.0,0.17069701280227595,1.0
nuclei,nuclei_figure_1,development,qep_q1.5,249,1032.0,0.0,0.0
nuclei,nuclei_figure_1,development,qep_q1.5,252,56.0,0.0,0.0
nuclei,nuclei_figure_1,development,qep_q1.5,256,157.0,0.20205920205920205,1.0
nuclei,nuclei_figure_1,development,qep_q1.5,287,10.0,0.0,0.0
nuclei,nuclei_figure_1,development,qep_q1.5,289,24.0,0.0,0.0
nuclei,nuclei_figure_1,development,qep_q1.5,301,158.0,0.0,0.0
nuclei,nuclei_figure_3,heldout_candidate,raw,2593,203.0,0.0,0.0
nuclei,nuclei_figure_3,heldout_candidate,raw,3247,53.0,0.0,0.0
nuclei,nuclei_figure_3,heldout_candidate,raw,3462,52.0,0.0,0.0
nuclei,nuclei_figure_3,heldout_candidate,raw,3941,27.0,0.0,0.0
nuclei,nuclei_figure_3,heldout_candidate,gp,32,84.0,0.0,0.0
nuclei,nuclei_figure_3,heldout_candidate,gp,74,75.0,0.0,0.0
nuclei,nuclei_figure_3,heldout_candidate,gp,90,97.0,0.0,0.0
nuclei,nuclei_figure_3,heldout_candidate,gp,93,58.0,0.0,0.0
nuclei,nuclei_figure_3,heldout_candidate,gp,115,213.0,0.0,0.0
nuclei,nuclei_figure_3,heldout_candidate,gp,194,54.0,0.0,0.0
nuclei,nuclei_figure_3,heldout_candidate,gp,200,73.0,0.0,0.0
nuclei,nuclei_figure_3,heldout_candidate,gp,202,54.0,0.0,0.0
nuclei,nuclei_figure_3,heldout_candidate,gp,204,67.0,0.0,0.0
nuclei,nuclei_figure_3,heldout_candidate,gp,217,51.0,0.0,0.0
nuclei,nuclei_figure_3,heldout_candidate,gp,225,54.0,0.0,0.0
nuclei,nuclei_figure_3,heldout_candidate,qep_q2,32,84.0,0.0,0.0
nuclei,nuclei_figure_3,heldout_candidate,qep_q2,74,75.0,0.0,0.0
nuclei,nuclei_figure_3,heldout_candidate,qep_q2,90,97.0,0.0,0.0
nuclei,nuclei_figure_3,heldout_candidate,qep_q2,93,58.0,0.0,0.0
nuclei,nuclei_figure_3,heldout_candidate,qep_q2,115,213.0,0.0,0.0
nuclei,nuclei_figure_3,heldout_candidate,qep_q2,194,54.0,0.0,0.0
nuclei,nuclei_figure_3,heldout_candidate,qep_q2,200,73.0,0.0,0.0
nuclei,nuclei_figure_3,heldout_candidate,qep_q2,202,54.0,0.0,0.0
nuclei,nuclei_figure_3,heldout_candidate,qep_q2,204,67.0,0.0,0.0
nuclei,nuclei_figure_3,heldout_candidate,qep_q2,217,51.0,0.0,0.0
nuclei,nuclei_figure_3,heldout_candidate,qep_q2,225,54.0,0.0,0.0
nuclei,nuclei_figure_3,heldout_candidate,qep_q1.5,31,76.0,0.0,0.0
nuclei,nuclei_figure_3,heldout_candidate,qep_q1.5,72,79.0,0.0,0.0
nuclei,nuclei_figure_3,heldout_candidate,qep_q1.5,192,100.0,0.0,0.0
nuclei,nuclei_figure_3,heldout_candidate,qep_q1.5,195,66.0,0.0,0.0
nuclei,nuclei_figure_3,heldout_candidate,qep_q1.5,198,80.0,0.0,0.0
nuclei,nuclei_figure_3,heldout_candidate,qep_q1.5,201,58.0,0.0,0.0
nuclei,nuclei_figure_3,heldout_candidate,qep_q1.5,203,69.0,0.0,0.0
nuclei,nuclei_figure_3,heldout_candidate,qep_q1.5,215,13.0,0.13541666666666666,1.0
nuclei,nuclei_figure_3,heldout_candidate,qep_q1.5,220,50.0,0.0,0.0
nuclei,nuclei_figure_3,heldout_candidate,qep_q1.5,227,54.0,0.0,0.0
nuclei,nuclei_figure_4,heldout_candidate,raw,377,16.0,0.0,0.0
nuclei,nuclei_figure_4,heldout_candidate,raw,1704,11.0,0.0,0.0
nuclei,nuclei_figure_5,heldout_candidate,raw,71,60.0,0.1366742596810934,1.0
nuclei,nuclei_figure_5,heldout_candidate,raw,414,70.0,0.1320754716981132,1.0
nuclei,nuclei_figure_5,heldout_candidate,raw,451,95.0,0.24111675126903553,1.0
nuclei,nuclei_figure_5,heldout_candidate,raw,476,71.0,0.1488469601677149,1.0
nuclei,nuclei_figure_5,heldout_candidate,raw,555,154.0,0.22063037249283668,1.0
nuclei,nuclei_figure_5,heldout_candidate,raw,557,166.0,0.23782234957020057,1.0
nuclei,nuclei_figure_5,heldout_candidate,raw,2990,152.0,0.23937007874015748,1.0
nuclei,nuclei_figure_5,heldout_candidate,gp,1,28.0,0.0,0.0
nuclei,nuclei_figure_5,heldout_candidate,gp,72,117.0,0.24579831932773108,1.0
nuclei,nuclei_figure_5,heldout_candidate,gp,101,114.0,0.2389937106918239,1.0
nuclei,nuclei_figure_5,heldout_candidate,qep_q2,1,28.0,0.0,0.0
nuclei,nuclei_figure_5,heldout_candidate,qep_q2,72,117.0,0.24579831932773108,1.0
nuclei,nuclei_figure_5,heldout_candidate,qep_q2,101,114.0,0.2389937106918239,1.0
nuclei,nuclei_figure_5,heldout_candidate,qep_q1.5,1,31.0,0.0,0.0
nuclei,nuclei_figure_5,heldout_candidate,qep_q1.5,72,105.0,0.22058823529411764,1.0
nuclei,nuclei_figure_5,heldout_candidate,qep_q1.5,101,117.0,0.24528301886792453,1.0
whole_cell,whole_cell_figure_1,development,raw,1,71.0,0.0,0.0
whole_cell,whole_cell_figure_1,development,raw,4,22.0,0.0,0.0
whole_cell,whole_cell_figure_1,development,raw,31,62.0,0.21602787456445993,1.0
whole_cell,whole_cell_figure_1,development,raw,43,39.0,0.18396226415094338,1.0
whole_cell,whole_cell_figure_1,development,raw,103,80.0,0.0,0.0
whole_cell,whole_cell_figure_1,development,raw,145,95.0,0.17905405405405406,0.5578947368421052
whole_cell,whole_cell_figure_1,development,raw,146,72.0,0.17329545454545456,0.8472222222222222
whole_cell,whole_cell_figure_1,development,raw,165,102.0,0.19805825242718447,1.0
whole_cell,whole_cell_figure_1,development,raw,179,147.0,0.21397379912663755,1.0
whole_cell,whole_cell_figure_1,development,raw,182,99.0,0.14410480349344978,1.0
whole_cell,whole_cell_figure_1,development,raw,217,57.0,0.15841584158415842,0.8421052631578947
whole_cell,whole_cell_figure_1,development,raw,380,21.0,0.0,0.0
whole_cell,whole_cell_figure_1,development,gp,1,42.0,0.0,0.0
whole_cell,whole_cell_figure_1,development,gp,3,21.0,0.0,0.0
whole_cell,whole_cell_figure_1,development,gp,4,63.0,0.1643835616438356,0.7619047619047619
whole_cell,whole_cell_figure_1,development,gp,10,90.0,0.23306233062330622,0.9555555555555556
whole_cell,whole_cell_figure_1,development,gp,11,323.0,0.10793650793650794,0.5263157894736842
whole_cell,whole_cell_figure_1,development,gp,33,60.0,0.0,0.0
whole_cell,whole_cell_figure_1,development,gp,40,24.0,0.11320754716981132,1.0
whole_cell,whole_cell_figure_1,development,gp,44,75.0,0.17391304347826086,0.76
whole_cell,whole_cell_figure_1,development,gp,107,53.0,0.0,0.0
whole_cell,whole_cell_figure_1,development,gp,123,56.0,0.1453900709219858,0.7321428571428571
whole_cell,whole_cell_figure_1,development,gp,138,88.0,0.15633423180592992,0.7272727272727273
whole_cell,whole_cell_figure_1,development,gp,149,103.0,0.14476190476190476,0.7378640776699029
whole_cell,whole_cell_figure_1,development,gp,154,115.0,0.22330097087378642,1.0
whole_cell,whole_cell_figure_1,development,gp,169,119.0,0.17321688500727803,1.0
whole_cell,whole_cell_figure_1,development,gp,191,189.0,0.20054945054945056,0.7724867724867724
whole_cell,whole_cell_figure_1,development,gp,197,64.0,0.06543385490753911,0.71875
whole_cell,whole_cell_figure_1,development,gp,203,58.0,0.12753623188405797,0.7758620689655172
whole_cell,whole_cell_figure_1,development,gp,241,60.0,0.24,1.0
whole_cell,whole_cell_figure_1,development,gp,358,171.0,0.21375,1.0
whole_cell,whole_cell_figure_1,development,gp,363,12.0,0.0,0.0
whole_cell,whole_cell_figure_1,development,gp,364,63.0,0.07875,1.0
whole_cell,whole_cell_figure_1,development,gp,407,10.0,0.0,0.0
whole_cell,whole_cell_figure_1,development,qep_q2,1,42.0,0.0,0.0
whole_cell,whole_cell_figure_1,development,qep_q2,3,21.0,0.0,0.0
whole_cell,whole_cell_figure_1,development,qep_q2,4,63.0,0.1643835616438356,0.7619047619047619
whole_cell,whole_cell_figure_1,development,qep_q2,10,90.0,0.23306233062330622,0.9555555555555556
whole_cell,whole_cell_figure_1,development,qep_q2,11,323.0,0.10793650793650794,0.5263157894736842
whole_cell,whole_cell_figure_1,development,qep_q2,33,60.0,0.0,0.0
whole_cell,whole_cell_figure_1,development,qep_q2,40,24.0,0.11320754716981132,1.0
whole_cell,whole_cell_figure_1,development,qep_q2,44,75.0,0.17391304347826086,0.76
whole_cell,whole_cell_figure_1,development,qep_q2,107,53.0,0.0,0.0
whole_cell,whole_cell_figure_1,development,qep_q2,123,56.0,0.1453900709219858,0.7321428571428571
whole_cell,whole_cell_figure_1,development,qep_q2,138,88.0,0.15633423180592992,0.7272727272727273
whole_cell,whole_cell_figure_1,development,qep_q2,149,103.0,0.14476190476190476,0.7378640776699029
whole_cell,whole_cell_figure_1,development,qep_q2,154,115.0,0.22330097087378642,1.0
whole_cell,whole_cell_figure_1,development,qep_q2,169,119.0,0.17321688500727803,1.0
whole_cell,whole_cell_figure_1,development,qep_q2,191,189.0,0.20054945054945056,0.7724867724867724
whole_cell,whole_cell_figure_1,development,qep_q2,197,64.0,0.06543385490753911,0.71875
whole_cell,whole_cell_figure_1,development,qep_q2,203,58.0,0.12753623188405797,0.7758620689655172
whole_cell,whole_cell_figure_1,development,qep_q2,241,60.0,0.24,1.0
whole_cell,whole_cell_figure_1,development,qep_q2,358,171.0,0.21375,1.0
whole_cell,whole_cell_figure_1,development,qep_q2,363,12.0,0.0,0.0
whole_cell,whole_cell_figure_1,development,qep_q2,364,63.0,0.07875,1.0
whole_cell,whole_cell_figure_1,development,qep_q2,407,10.0,0.0,0.0
whole_cell,whole_cell_figure_1,development,qep_q1.5,1,50.0,0.0,0.0
whole_cell,whole_cell_figure_1,development,qep_q1.5,3,22.0,0.0,0.0
whole_cell,whole_cell_figure_1,development,qep_q1.5,27,62.0,0.21602787456445993,1.0
whole_cell,whole_cell_figure_1,development,qep_q1.5,32,70.0,0.0,0.0
whole_cell,whole_cell_figure_1,development,qep_q1.5,39,29.0,0.13679245283018868,1.0
whole_cell,whole_cell_figure_1,development,qep_q1.5,43,80.0,0.18209876543209877,0.7625
whole_cell,whole_cell_figure_1,development,qep_q1.5,108,66.0,0.0,0.0
whole_cell,whole_cell_figure_1,development,qep_q1.5,124,64.0,0.15331010452961671,0.6875
whole_cell,whole_cell_figure_1,development,qep_q1.5,137,84.0,0.14864864864864866,0.7023809523809523
whole_cell,whole_cell_figure_1,development,qep_q1.5,148,119.0,0.234,0.9831932773109243
whole_cell,whole_cell_figure_1,development,qep_q1.5,149,102.0,0.13851992409867173,0.7156862745098039
whole_cell,whole_cell_figure_1,development,qep_q1.5,153,122.0,0.23689320388349513,1.0
whole_cell,whole_cell_figure_1,development,qep_q1.5,188,199.0,0.21095890410958903,0.7738693467336684
whole_cell,whole_cell_figure_1,development,qep_q1.5,196,73.0,0.07062146892655367,0.684931506849315
whole_cell,whole_cell_figure_1,development,qep_q1.5,268,54.0,0.18473895582329317,0.8518518518518519
whole_cell,whole_cell_figure_1,development,qep_q1.5,278,150.0,0.2151029748283753,0.6466666666666666
whole_cell,whole_cell_figure_1,development,qep_q1.5,349,183.0,0.22875,1.0
whole_cell,whole_cell_figure_1,development,qep_q1.5,354,11.0,0.0,0.0
whole_cell,whole_cell_figure_1,development,qep_q1.5,355,95.0,0.11875,1.0
whole_cell,whole_cell_figure_1,development,qep_q1.5,382,10.0,0.0,0.0
whole_cell,whole_cell_figure_2,heldout_candidate,raw,4,143.0,0.0,0.0
whole_cell,whole_cell_figure_2,heldout_candidate,raw,5,12.0,0.0008260196179659267,0.6666666666666666
whole_cell,whole_cell_figure_2,heldout_candidate,raw,6,66.0,0.0,0.0
whole_cell,whole_cell_figure_2,heldout_candidate,raw,7,50.0,0.005164755707055056,1.0
whole_cell,whole_cell_figure_2,heldout_candidate,raw,8,92.0,0.009503150500981303,1.0
whole_cell,whole_cell_figure_2,heldout_candidate,raw,9,120.0,0.012395413696932134,1.0
whole_cell,whole_cell_figure_2,heldout_candidate,raw,18,421.0,0.043487243053403575,1.0
whole_cell,whole_cell_figure_2,heldout_candidate,raw,21,200.0,0.020659022828220224,1.0
whole_cell,whole_cell_figure_2,heldout_candidate,raw,22,90.0,0.009296560272699102,1.0
whole_cell,whole_cell_figure_2,heldout_candidate,raw,27,124.0,0.01704701677206489,1.0
whole_cell,whole_cell_figure_2,heldout_candidate,raw,29,153.0,0.015026220250100848,1.0
whole_cell,whole_cell_figure_2,heldout_candidate,raw,34,55.0,0.004186329730552596,1.0
whole_cell,whole_cell_figure_2,heldout_candidate,raw,41,687.0,0.22477064220183487,0.9985443959243085
whole_cell,whole_cell_figure_2,heldout_candidate,raw,42,345.0,0.11307767944936087,1.0
whole_cell,whole_cell_figure_2,heldout_candidate,raw,46,192.0,0.0,0.0
whole_cell,whole_cell_figure_2,heldout_candidate,raw,51,1997.0,0.15200182676206425,1.0
whole_cell,whole_cell_figure_2,heldout_candidate,raw,56,64.0,0.013617021276595745,1.0
whole_cell,whole_cell_figure_2,heldout_candidate,raw,57,79.0,0.01594387755102041,0.9493670886075949
whole_cell,whole_cell_figure_2,heldout_candidate,raw,59,261.0,0.18833333333333332,0.8659003831417624
whole_cell,whole_cell_figure_2,heldout_candidate,raw,61,66.0,0.005023595676663115,1.0
whole_cell,whole_cell_figure_2,heldout_candidate,raw,68,60.0,0.004566905160602832,1.0
whole_cell,whole_cell_figure_2,heldout_candidate,raw,69,57.0,0.00433855990257269,1.0
whole_cell,whole_cell_figure_2,heldout_candidate,raw,78,92.0,0.02369302086015967,1.0
whole_cell,whole_cell_figure_2,heldout_candidate,raw,80,67.0,0.0,0.0
whole_cell,whole_cell_figure_2,heldout_candidate,raw,84,176.0,0.0,0.0
whole_cell,whole_cell_figure_2,heldout_candidate,raw,88,540.0,0.1640838650865998,1.0
whole_cell,whole_cell_figure_2,heldout_candidate,raw,94,158.0,0.04800972348830143,1.0
whole_cell,whole_cell_figure_2,heldout_candidate,raw,97,36.0,0.0,0.0
whole_cell,whole_cell_figure_2,heldout_candidate,raw,98,74.0,0.0,0.0
whole_cell,whole_cell_figure_2,heldout_candidate,raw,101,74.0,0.01774154878925917,1.0
whole_cell,whole_cell_figure_2,heldout_candidate,raw,103,565.0,0.17168034032209056,1.0
whole_cell,whole_cell_figure_2,heldout_candidate,raw,107,95.0,0.0,0.0
whole_cell,whole_cell_figure_2,heldout_candidate,raw,108,114.0,0.025193370165745858,1.0
whole_cell,whole_cell_figure_2,heldout_candidate,raw,110,837.0,0.14646587320864707,1.0
whole_cell,whole_cell_figure_2,heldout_candidate,raw,112,585.0,0.17775752051048313,1.0
whole_cell,whole_cell_figure_2,heldout_candidate,raw,117,81.0,0.0019635343618513326,0.1728395061728395
whole_cell,whole_cell_figure_2,heldout_candidate,raw,119,249.0,0.055027624309392266,1.0
whole_cell,whole_cell_figure_2,heldout_candidate,raw,121,119.0,0.05447247706422018,0.7983193277310925
whole_cell,whole_cell_figure_2,heldout_candidate,raw,124,163.0,0.023078012176129124,1.0
whole_cell,whole_cell_figure_2,heldout_candidate,raw,125,1008.0,0.2227624309392265,1.0
whole_cell,whole_cell_figure_2,heldout_candidate,raw,127,55.0,0.014164305949008499,1.0
whole_cell,whole_cell_figure_2,heldout_candidate,raw,128,74.0,0.04302325581395349,1.0
whole_cell,whole_cell_figure_2,heldout_candidate,raw,132,239.0,0.047439460103215564,1.0
whole_cell,whole_cell_figure_2,heldout_candidate,raw,133,100.0,0.04297994269340974,0.98
whole_cell,whole_cell_figure_2,heldout_candidate,raw,135,271.0,0.03609964033568669,1.0
whole_cell,whole_cell_figure_2,heldout_candidate,raw,139,1518.0,0.1767690619857378,0.9769433465085638
whole_cell,whole_cell_figure_2,heldout_candidate,raw,141,14.0,0.0,0.0
whole_cell,whole_cell_figure_2,heldout_candidate,raw,143,183.0,0.061586638830897704,0.9672131147540983
whole_cell,whole_cell_figure_2,heldout_candidate,raw,145,290.0,0.06408839779005525,1.0
whole_cell,whole_cell_figure_2,heldout_candidate,raw,146,45.0,0.0,0.0
whole_cell,whole_cell_figure_2,heldout_candidate,raw,147,181.0,0.058680555555555555,0.9779005524861878
whole_cell,whole_cell_figure_2,heldout_candidate,raw,148,69.0,0.011421950008276775,1.0
whole_cell,whole_cell_figure_2,heldout_candidate,raw,153,92.0,0.0,0.0
whole_cell,whole_cell_figure_2,heldout_candidate,raw,155,228.0,0.0,0.0
whole_cell,whole_cell_figure_2,heldout_candidate,raw,157,870.0,0.22233580373115258,1.0
whole_cell,whole_cell_figure_2,heldout_candidate,raw,158,647.0,0.2243120863810519,1.0
whole_cell,whole_cell_figure_2,heldout_candidate,raw,159,17.0,0.0,0.0
whole_cell,whole_cell_figure_2,heldout_candidate,raw,161,457.0,0.07564972686641284,1.0
whole_cell,whole_cell_figure_2,heldout_candidate,raw,163,88.0,0.017467248908296942,1.0
whole_cell,whole_cell_figure_2,heldout_candidate,raw,166,286.0,0.056768558951965066,1.0
whole_cell,whole_cell_figure_2,heldout_candidate,raw,167,61.0,0.0,0.0
whole_cell,whole_cell_figure_2,heldout_candidate,raw,168,696.0,0.08615263571990558,0.8045977011494253
whole_cell,whole_cell_figure_2,heldout_candidate,raw,170,67.0,0.0,0.0
whole_cell,whole_cell_figure_2,heldout_candidate,raw,177,158.0,0.02615461016388015,1.0
whole_cell,whole_cell_figure_2,heldout_candidate,raw,185,479.0,0.17438692098092642,1.0
whole_cell,whole_cell_figure_2,heldout_candidate,raw,188,188.0,0.0952863659401926,1.0
whole_cell,whole_cell_figure_2,heldout_candidate,raw,189,176.0,0.08920425747592499,1.0
whole_cell,whole_cell_figure_2,heldout_candidate,raw,190,62.0,0.0,0.0
whole_cell,whole_cell_figure_2,heldout_candidate,raw,191,250.0,0.12671059300557527,1.0
whole_cell,whole_cell_figure_2,heldout_candidate,raw,196,49.0,0.0,0.0
whole_cell,whole_cell_figure_2,heldout_candidate,raw,198,50.0,0.00847457627118644,0.34
whole_cell,whole_cell_figure_2,heldout_candidate,gp,1,111.0,0.0,0.0
whole_cell,whole_cell_figure_2,heldout_candidate,gp,4,116.0,0.011982233240367731,1.0
whole_cell,whole_cell_figure_2,heldout_candidate,gp,5,53.0,0.0,0.0
whole_cell,whole_cell_figure_2,heldout_candidate,gp,10,161.0,0.016630513376717282,1.0
whole_cell,whole_cell_figure_2,heldout_candidate,gp,11,247.0,0.025513893192851977,1.0
whole_cell,whole_cell_figure_2,heldout_candidate,gp,12,252.0,0.026030368763557483,1.0
whole_cell,whole_cell_figure_2,heldout_candidate,gp,13,51.0,0.005268050821196158,1.0
whole_cell,whole_cell_figure_2,heldout_candidate,gp,14,172.0,0.09953434225844005,0.9941860465116279
whole_cell,whole_cell_figure_2,heldout_candidate,gp,15,252.0,0.03379120879120879,0.9761904761904762
whole_cell,whole_cell_figure_2,heldout_candidate,gp,22,339.0,0.13848039215686275,1.0
whole_cell,whole_cell_figure_2,heldout_candidate,gp,25,767.0,0.2493455497382199,0.9934810951760105
whole_cell,whole_cell_figure_2,heldout_candidate,gp,26,201.0,0.06588003933136677,1.0
whole_cell,whole_cell_figure_2,heldout_candidate,gp,27,202.0,0.0,0.0
whole_cell,whole_cell_figure_2,heldout_candidate,gp,34,73.0,0.015531914893617021,1.0
whole_cell,whole_cell_figure_2,heldout_candidate,gp,36,215.0,0.16751269035532995,0.9209302325581395
whole_cell,whole_cell_figure_2,heldout_candidate,gp,41,69.0,0.0,0.0
whole_cell,whole_cell_figure_2,heldout_candidate,gp,43,75.0,0.0,0.0
whole_cell,whole_cell_figure_2,heldout_candidate,gp,44,148.0,0.0,0.0
whole_cell,whole_cell_figure_2,heldout_candidate,gp,45,650.0,0.19532908704883228,0.9907692307692307
whole_cell,whole_cell_figure_2,heldout_candidate,gp,49,26.0,0.0,0.0
whole_cell,whole_cell_figure_2,heldout_candidate,gp,50,58.0,0.0,0.0
whole_cell,whole_cell_figure_2,heldout_candidate,gp,52,343.0,0.10422364023093285,1.0
whole_cell,whole_cell_figure_2,heldout_candidate,gp,53,78.0,0.018700551426516422,1.0
whole_cell,whole_cell_figure_2,heldout_candidate,gp,54,82.0,0.0,0.0
whole_cell,whole_cell_figure_2,heldout_candidate,gp,55,817.0,0.24447137231142077,0.9877600979192166
whole_cell,whole_cell_figure_2,heldout_candidate,gp,57,94.0,0.020773480662983426,1.0
whole_cell,whole_cell_figure_2,heldout_candidate,gp,58,1015.0,0.20314419061655614,1.0
whole_cell,whole_cell_figure_2,heldout_candidate,gp,64,134.0,0.017850006660450248,1.0
whole_cell,whole_cell_figure_2,heldout_candidate,gp,65,210.0,0.04594654296443561,0.9904761904761905
whole_cell,whole_cell_figure_2,heldout_candidate,gp,67,53.0,0.007503893529661617,1.0
whole_cell,whole_cell_figure_2,heldout_candidate,gp,68,167.0,0.08385985066053991,0.874251497005988
whole_cell,whole_cell_figure_2,heldout_candidate,gp,71,32.0,0.008241050733968582,1.0
whole_cell,whole_cell_figure_2,heldout_candidate,gp,74,155.0,0.03076617705438666,1.0
whole_cell,whole_cell_figure_2,heldout_candidate,gp,76,93.0,0.05406976744186046,1.0
whole_cell,whole_cell_figure_2,heldout_candidate,gp,80,56.0,0.0,0.0
whole_cell,whole_cell_figure_2,heldout_candidate,gp,81,60.0,0.01099163679808841,0.7666666666666667
whole_cell,whole_cell_figure_2,heldout_candidate,gp,82,117.0,0.029900332225913623,1.0
whole_cell,whole_cell_figure_2,heldout_candidate,gp,85,200.0,0.04419889502762431,1.0
whole_cell,whole_cell_figure_2,heldout_candidate,gp,86,38.0,0.0,0.0
whole_cell,whole_cell_figure_2,heldout_candidate,gp,87,77.0,0.012151536812008578,1.0
whole_cell,whole_cell_figure_2,heldout_candidate,gp,91,73.0,0.0,0.0
whole_cell,whole_cell_figure_2,heldout_candidate,gp,92,118.0,0.0,0.0
whole_cell,whole_cell_figure_2,heldout_candidate,gp,95,627.0,0.2160751565762004,0.9904306220095693
whole_cell,whole_cell_figure_2,heldout_candidate,gp,96,263.0,0.04353583843734481,1.0
whole_cell,whole_cell_figure_2,heldout_candidate,gp,99,162.0,0.031132262542137617,0.9691358024691358
whole_cell,whole_cell_figure_2,heldout_candidate,gp,100,579.0,0.20188284518828453,1.0
whole_cell,whole_cell_figure_2,heldout_candidate,gp,101,66.0,0.011973875181422351,1.0
whole_cell,whole_cell_figure_2,heldout_candidate,gp,102,175.0,0.03473600635172688,1.0
whole_cell,whole_cell_figure_2,heldout_candidate,gp,104,629.0,0.0951219512195122,0.7758346581875993
whole_cell,whole_cell_figure_2,heldout_candidate,gp,109,84.0,0.03143712574850299,1.0
whole_cell,whole_cell_figure_2,heldout_candidate,gp,110,50.0,0.021331058020477817,1.0
whole_cell,whole_cell_figure_2,heldout_candidate,gp,112,69.0,0.025823353293413173,1.0
whole_cell,whole_cell_figure_2,heldout_candidate,gp,114,125.0,0.04783773440489859,1.0
whole_cell,whole_cell_figure_2,heldout_candidate,gp,119,472.0,0.1365079365079365,1.0
whole_cell,whole_cell_figure_2,heldout_candidate,gp,121,83.0,0.0,0.0
whole_cell,whole_cell_figure_2,heldout_candidate,gp,122,183.0,0.0927521540800811,1.0
whole_cell,whole_cell_figure_2,heldout_candidate,gp,123,156.0,0.07906741003547897,1.0
whole_cell,whole_cell_figure_2,heldout_candidate,gp,124,214.0,0.10846426761277243,1.0
whole_cell,whole_cell_figure_2,heldout_candidate,gp,125,285.0,0.14213454729387962,0.9859649122807017
whole_cell,whole_cell_figure_2,heldout_candidate,gp,128,58.0,0.0,0.0
whole_cell,whole_cell_figure_2,heldout_candidate,gp,129,21.0,0.0,0.0
whole_cell,whole_cell_figure_2,heldout_candidate,gp,130,169.0,0.08565636087176888,1.0
whole_cell,whole_cell_figure_2,heldout_candidate,gp,131,320.0,0.15866599292572006,0.98125
whole_cell,whole_cell_figure_2,heldout_candidate,gp,132,34.0,0.006015037593984963,0.35294117647058826
whole_cell,whole_cell_figure_2,heldout_candidate,qep_q2,1,111.0,0.0,0.0
whole_cell,whole_cell_figure_2,heldout_candidate,qep_q2,4,116.0,0.011982233240367731,1.0
whole_cell,whole_cell_figure_2,heldout_candidate,qep_q2,5,53.0,0.0,0.0
whole_cell,whole_cell_figure_2,heldout_candidate,qep_q2,10,161.0,0.016630513376717282,1.0
whole_cell,whole_cell_figure_2,heldout_candidate,qep_q2,11,247.0,0.025513893192851977,1.0
whole_cell,whole_cell_figure_2,heldout_candidate,qep_q2,12,252.0,0.026030368763557483,1.0
whole_cell,whole_cell_figure_2,heldout_candidate,qep_q2,13,51.0,0.005268050821196158,1.0
whole_cell,whole_cell_figure_2,heldout_candidate,qep_q2,14,172.0,0.09953434225844005,0.9941860465116279
whole_cell,whole_cell_figure_2,heldout_candidate,qep_q2,15,252.0,0.03379120879120879,0.9761904761904762
whole_cell,whole_cell_figure_2,heldout_candidate,qep_q2,22,339.0,0.13848039215686275,1.0
whole_cell,whole_cell_figure_2,heldout_candidate,qep_q2,25,767.0,0.2493455497382199,0.9934810951760105
whole_cell,whole_cell_figure_2,heldout_candidate,qep_q2,26,201.0,0.06588003933136677,1.0
whole_cell,whole_cell_figure_2,heldout_candidate,qep_q2,27,202.0,0.0,0.0
whole_cell,whole_cell_figure_2,heldout_candidate,qep_q2,34,73.0,0.015531914893617021,1.0
whole_cell,whole_cell_figure_2,heldout_candidate,qep_q2,36,215.0,0.16751269035532995,0.9209302325581395
whole_cell,whole_cell_figure_2,heldout_candidate,qep_q2,41,69.0,0.0,0.0
whole_cell,whole_cell_figure_2,heldout_candidate,qep_q2,43,75.0,0.0,0.0
whole_cell,whole_cell_figure_2,heldout_candidate,qep_q2,44,148.0,0.0,0.0
whole_cell,whole_cell_figure_2,heldout_candidate,qep_q2,45,650.0,0.19532908704883228,0.9907692307692307
whole_cell,whole_cell_figure_2,heldout_candidate,qep_q2,49,26.0,0.0,0.0
whole_cell,whole_cell_figure_2,heldout_candidate,qep_q2,50,58.0,0.0,0.0
whole_cell,whole_cell_figure_2,heldout_candidate,qep_q2,52,343.0,0.10422364023093285,1.0
whole_cell,whole_cell_figure_2,heldout_candidate,qep_q2,53,78.0,0.018700551426516422,1.0
whole_cell,whole_cell_figure_2,heldout_candidate,qep_q2,54,82.0,0.0,0.0
whole_cell,whole_cell_figure_2,heldout_candidate,qep_q2,55,817.0,0.24447137231142077,0.9877600979192166
whole_cell,whole_cell_figure_2,heldout_candidate,qep_q2,57,94.0,0.020773480662983426,1.0
whole_cell,whole_cell_figure_2,heldout_candidate,qep_q2,58,1015.0,0.20314419061655614,1.0
whole_cell,whole_cell_figure_2,heldout_candidate,qep_q2,64,134.0,0.017850006660450248,1.0
whole_cell,whole_cell_figure_2,heldout_candidate,qep_q2,65,210.0,0.04594654296443561,0.9904761904761905
whole_cell,whole_cell_figure_2,heldout_candidate,qep_q2,67,53.0,0.007503893529661617,1.0
whole_cell,whole_cell_figure_2,heldout_candidate,qep_q2,68,167.0,0.08385985066053991,0.874251497005988
whole_cell,whole_cell_figure_2,heldout_candidate,qep_q2,71,32.0,0.008241050733968582,1.0
whole_cell,whole_cell_figure_2,heldout_candidate,qep_q2,74,155.0,0.03076617705438666,1.0
whole_cell,whole_cell_figure_2,heldout_candidate,qep_q2,76,93.0,0.05406976744186046,1.0
whole_cell,whole_cell_figure_2,heldout_candidate,qep_q2,80,56.0,0.0,0.0
whole_cell,whole_cell_figure_2,heldout_candidate,qep_q2,81,60.0,0.01099163679808841,0.7666666666666667
whole_cell,whole_cell_figure_2,heldout_candidate,qep_q2,82,117.0,0.029900332225913623,1.0
whole_cell,whole_cell_figure_2,heldout_candidate,qep_q2,85,200.0,0.04419889502762431,1.0
whole_cell,whole_cell_figure_2,heldout_candidate,qep_q2,86,38.0,0.0,0.0
whole_cell,whole_cell_figure_2,heldout_candidate,qep_q2,87,77.0,0.012151536812008578,1.0
whole_cell,whole_cell_figure_2,heldout_candidate,qep_q2,91,73.0,0.0,0.0
whole_cell,whole_cell_figure_2,heldout_candidate,qep_q2,92,118.0,0.0,0.0
whole_cell,whole_cell_figure_2,heldout_candidate,qep_q2,95,627.0,0.2160751565762004,0.9904306220095693
whole_cell,whole_cell_figure_2,heldout_candidate,qep_q2,96,263.0,0.04353583843734481,1.0
whole_cell,whole_cell_figure_2,heldout_candidate,qep_q2,99,162.0,0.031132262542137617,0.9691358024691358
whole_cell,whole_cell_figure_2,heldout_candidate,qep_q2,100,579.0,0.20188284518828453,1.0
whole_cell,whole_cell_figure_2,heldout_candidate,qep_q2,101,66.0,0.011973875181422351,1.0
whole_cell,whole_cell_figure_2,heldout_candidate,qep_q2,102,175.0,0.03473600635172688,1.0
whole_cell,whole_cell_figure_2,heldout_candidate,qep_q2,104,629.0,0.0951219512195122,0.7758346581875993
whole_cell,whole_cell_figure_2,heldout_candidate,qep_q2,109,84.0,0.03143712574850299,1.0
whole_cell,whole_cell_figure_2,heldout_candidate,qep_q2,110,50.0,0.021331058020477817,1.0
whole_cell,whole_cell_figure_2,heldout_candidate,qep_q2,112,69.0,0.025823353293413173,1.0
whole_cell,whole_cell_figure_2,heldout_candidate,qep_q2,114,125.0,0.04783773440489859,1.0
whole_cell,whole_cell_figure_2,heldout_candidate,qep_q2,119,472.0,0.1365079365079365,1.0
whole_cell,whole_cell_figure_2,heldout_candidate,qep_q2,121,83.0,0.0,0.0
whole_cell,whole_cell_figure_2,heldout_candidate,qep_q2,122,183.0,0.0927521540800811,1.0
whole_cell,whole_cell_figure_2,heldout_candidate,qep_q2,123,156.0,0.07906741003547897,1.0
whole_cell,whole_cell_figure_2,heldout_candidate,qep_q2,124,214.0,0.10846426761277243,1.0
whole_cell,whole_cell_figure_2,heldout_candidate,qep_q2,125,285.0,0.14213454729387962,0.9859649122807017
whole_cell,whole_cell_figure_2,heldout_candidate,qep_q2,128,58.0,0.0,0.0
whole_cell,whole_cell_figure_2,heldout_candidate,qep_q2,129,21.0,0.0,0.0
whole_cell,whole_cell_figure_2,heldout_candidate,qep_q2,130,169.0,0.08565636087176888,1.0
whole_cell,whole_cell_figure_2,heldout_candidate,qep_q2,131,320.0,0.15866599292572006,0.98125
whole_cell,whole_cell_figure_2,heldout_candidate,qep_q2,132,34.0,0.006015037593984963,0.35294117647058826
whole_cell,whole_cell_figure_2,heldout_candidate,qep_q1.5,1,110.0,0.0,0.0
whole_cell,whole_cell_figure_2,heldout_candidate,qep_q1.5,3,112.0,0.011569052783803326,1.0
whole_cell,whole_cell_figure_2,heldout_candidate,qep_q1.5,4,51.0,0.0,0.0
whole_cell,whole_cell_figure_2,heldout_candidate,qep_q1.5,9,314.0,0.03243466584030576,1.0
whole_cell,whole_cell_figure_2,heldout_candidate,qep_q1.5,10,249.0,0.025720483421134182,1.0
whole_cell,whole_cell_figure_2,heldout_candidate,qep_q1.5,11,60.0,0.006197706848466067,1.0
whole_cell,whole_cell_figure_2,heldout_candidate,qep_q1.5,12,254.0,0.03406593406593406,0.9763779527559056
whole_cell,whole_cell_figure_2,heldout_candidate,qep_q1.5,21,650.0,0.21145662847790508,0.9938461538461538
whole_cell,whole_cell_figure_2,heldout_candidate,qep_q1.5,22,176.0,0.057686004588659454,1.0
whole_cell,whole_cell_figure_2,heldout_candidate,qep_q1.5,23,221.0,0.0,0.0
whole_cell,whole_cell_figure_2,heldout_candidate,qep_q1.5,29,75.0,0.015957446808510637,1.0
whole_cell,whole_cell_figure_2,heldout_candidate,qep_q1.5,31,222.0,0.1675084175084175,0.8963963963963963
whole_cell,whole_cell_figure_2,heldout_candidate,qep_q1.5,35,79.0,0.0,0.0
whole_cell,whole_cell_figure_2,heldout_candidate,qep_q1.5,37,83.0,0.0,0.0
whole_cell,whole_cell_figure_2,heldout_candidate,qep_q1.5,38,140.0,0.0,0.0
whole_cell,whole_cell_figure_2,heldout_candidate,qep_q1.5,39,611.0,0.1842185128983308,0.9934533551554828
whole_cell,whole_cell_figure_2,heldout_candidate,qep_q1.5,44,56.0,0.0,0.0
whole_cell,whole_cell_figure_2,heldout_candidate,qep_q1.5,46,419.0,0.12731692494682467,1.0
whole_cell,whole_cell_figure_2,heldout_candidate,qep_q1.5,47,76.0,0.018221050107887795,1.0
whole_cell,whole_cell_figure_2,heldout_candidate,qep_q1.5,48,66.0,0.0,0.0
whole_cell,whole_cell_figure_2,heldout_candidate,qep_q1.5,49,791.0,0.23547215496368037,0.9835651074589128
whole_cell,whole_cell_figure_2,heldout_candidate,qep_q1.5,51,883.0,0.17475967463643086,1.0
whole_cell,whole_cell_figure_2,heldout_candidate,qep_q1.5,52,80.0,0.017679558011049725,1.0
whole_cell,whole_cell_figure_2,heldout_candidate,qep_q1.5,57,142.0,0.01891567869988011,1.0
whole_cell,whole_cell_figure_2,heldout_candidate,qep_q1.5,58,221.0,0.04791344667697063,0.9819004524886877
whole_cell,whole_cell_figure_2,heldout_candidate,qep_q1.5,62,160.0,0.08045977011494253,0.875
whole_cell,whole_cell_figure_2,heldout_candidate,qep_q1.5,64,26.0,0.006695853721349472,1.0
whole_cell,whole_cell_figure_2,heldout_candidate,qep_q1.5,66,163.0,0.032354108773322746,1.0
whole_cell,whole_cell_figure_2,heldout_candidate,qep_q1.5,68,78.0,0.04534883720930233,1.0
whole_cell,whole_cell_figure_2,heldout_candidate,qep_q1.5,72,57.0,0.0,0.0
whole_cell,whole_cell_figure_2,heldout_candidate,qep_q1.5,73,112.0,0.028622540250447227,1.0
whole_cell,whole_cell_figure_2,heldout_candidate,qep_q1.5,76,192.0,0.04243093922651934,1.0
whole_cell,whole_cell_figure_2,heldout_candidate,qep_q1.5,77,37.0,0.0,0.0
whole_cell,whole_cell_figure_2,heldout_candidate,qep_q1.5,78,85.0,0.01405766023350012,1.0
whole_cell,whole_cell_figure_2,heldout_candidate,qep_q1.5,80,71.0,0.0,0.0
whole_cell,whole_cell_figure_2,heldout_candidate,qep_q1.5,81,114.0,0.0,0.0
whole_cell,whole_cell_figure_2,heldout_candidate,qep_q1.5,84,640.0,0.16355737285969843,1.0
whole_cell,whole_cell_figure_2,heldout_candidate,qep_q1.5,85,631.0,0.21704347826086956,0.9889064976228209
whole_cell,whole_cell_figure_2,heldout_candidate,qep_q1.5,86,275.0,0.04552226452574077,1.0
whole_cell,whole_cell_figure_2,heldout_candidate,qep_q1.5,89,174.0,0.03207920792079208,0.9310344827586207
whole_cell,whole_cell_figure_2,heldout_candidate,qep_q1.5,90,578.0,0.201534170153417,1.0
whole_cell,whole_cell_figure_2,heldout_candidate,qep_q1.5,91,74.0,0.013241429348811899,0.9864864864864865
whole_cell,whole_cell_figure_2,heldout_candidate,qep_q1.5,92,217.0,0.043072647876141325,1.0
whole_cell,whole_cell_figure_2,heldout_candidate,qep_q1.5,94,633.0,0.09452332657200811,0.7788309636650869
whole_cell,whole_cell_figure_2,heldout_candidate,qep_q1.5,99,84.0,0.03143712574850299,1.0
whole_cell,whole_cell_figure_2,heldout_candidate,qep_q1.5,101,69.0,0.025823353293413173,1.0
whole_cell,whole_cell_figure_2,heldout_candidate,qep_q1.5,103,119.0,0.04554152315346345,1.0
whole_cell,whole_cell_figure_2,heldout_candidate,qep_q1.5,107,487.0,0.13543307086614173,1.0
whole_cell,whole_cell_figure_2,heldout_candidate,qep_q1.5,109,76.0,0.0,0.0
whole_cell,whole_cell_figure_2,heldout_candidate,qep_q1.5,110,190.0,0.0963000506842372,1.0
whole_cell,whole_cell_figure_2,heldout_candidate,qep_q1.5,111,345.0,0.17486061834769387,1.0
whole_cell,whole_cell_figure_2,heldout_candidate,qep_q1.5,112,341.0,0.1698685540950455,0.9853372434017595
whole_cell,whole_cell_figure_2,heldout_candidate,qep_q1.5,114,65.0,0.0,0.0
whole_cell,whole_cell_figure_2,heldout_candidate,qep_q1.5,115,13.0,0.0,0.0
whole_cell,whole_cell_figure_2,heldout_candidate,qep_q1.5,116,131.0,0.06639635073492144,1.0
whole_cell,whole_cell_figure_2,heldout_candidate,qep_q1.5,117,320.0,0.15808080808080807,0.978125
whole_cell,whole_cell_figure_2,heldout_candidate,qep_q1.5,118,34.0,0.006015037593984963,0.35294117647058826
whole_cell,whole_cell_figure_3,heldout_candidate,raw,179,88.0,0.1339421613394216,1.0
whole_cell,whole_cell_figure_3,heldout_candidate,raw,242,26.0,0.0,0.0
whole_cell,whole_cell_figure_3,heldout_candidate,raw,301,122.0,0.2089041095890411,1.0
whole_cell,whole_cell_figure_3,heldout_candidate,raw,302,80.0,0.136986301369863,1.0
whole_cell,whole_cell_figure_3,heldout_candidate,raw,376,272.0,0.158600583090379,1.0
whole_cell,whole_cell_figure_3,heldout_candidate,gp,6,73.0,0.23548387096774193,1.0
whole_cell,whole_cell_figure_3,heldout_candidate,gp,156,77.0,0.22580645161290322,1.0
whole_cell,whole_cell_figure_3,heldout_candidate,gp,170,94.0,0.1430745814307458,1.0
whole_cell,whole_cell_figure_3,heldout_candidate,gp,174,162.0,0.2465753424657534,1.0
whole_cell,whole_cell_figure_3,heldout_candidate,gp,231,21.0,0.0,0.0
whole_cell,whole_cell_figure_3,heldout_candidate,gp,241,150.0,0.23771790808240886,1.0
whole_cell,whole_cell_figure_3,heldout_candidate,gp,265,144.0,0.21745788667687596,0.9861111111111112
whole_cell,whole_cell_figure_3,heldout_candidate,gp,269,71.0,0.24232081911262798,1.0
whole_cell,whole_cell_figure_3,heldout_candidate,gp,290,95.0,0.16267123287671234,1.0
whole_cell,whole_cell_figure_3,heldout_candidate,gp,291,67.0,0.11472602739726027,1.0
whole_cell,whole_cell_figure_3,heldout_candidate,gp,356,111.0,0.06472303206997085,1.0
whole_cell,whole_cell_figure_3,heldout_candidate,gp,363,104.0,0.060641399416909623,1.0
whole_cell,whole_cell_figure_3,heldout_candidate,gp,365,12.0,0.18461538461538463,1.0
whole_cell,whole_cell_figure_3,heldout_candidate,gp,368,16.0,0.19753086419753085,1.0
whole_cell,whole_cell_figure_3,heldout_candidate,qep_q2,6,73.0,0.23548387096774193,1.0
whole_cell,whole_cell_figure_3,heldout_candidate,qep_q2,156,77.0,0.22580645161290322,1.0
whole_cell,whole_cell_figure_3,heldout_candidate,qep_q2,170,94.0,0.1430745814307458,1.0
whole_cell,whole_cell_figure_3,heldout_candidate,qep_q2,174,162.0,0.2465753424657534,1.0
whole_cell,whole_cell_figure_3,heldout_candidate,qep_q2,231,21.0,0.0,0.0
whole_cell,whole_cell_figure_3,heldout_candidate,qep_q2,241,150.0,0.23771790808240886,1.0
whole_cell,whole_cell_figure_3,heldout_candidate,qep_q2,265,144.0,0.21745788667687596,0.9861111111111112
whole_cell,whole_cell_figure_3,heldout_candidate,qep_q2,269,71.0,0.24232081911262798,1.0
whole_cell,whole_cell_figure_3,heldout_candidate,qep_q2,290,95.0,0.16267123287671234,1.0
whole_cell,whole_cell_figure_3,heldout_candidate,qep_q2,291,67.0,0.11472602739726027,1.0
whole_cell,whole_cell_figure_3,heldout_candidate,qep_q2,356,111.0,0.06472303206997085,1.0
whole_cell,whole_cell_figure_3,heldout_candidate,qep_q2,363,104.0,0.060641399416909623,1.0
whole_cell,whole_cell_figure_3,heldout_candidate,qep_q2,365,12.0,0.18461538461538463,1.0
whole_cell,whole_cell_figure_3,heldout_candidate,qep_q2,368,16.0,0.19753086419753085,1.0
whole_cell,whole_cell_figure_3,heldout_candidate,qep_q1.5,76,57.0,0.2425531914893617,1.0
whole_cell,whole_cell_figure_3,heldout_candidate,qep_q1.5,168,96.0,0.1461187214611872,1.0
whole_cell,whole_cell_figure_3,heldout_candidate,qep_q1.5,228,25.0,0.0,0.0
whole_cell,whole_cell_figure_3,heldout_candidate,qep_q1.5,260,161.0,0.2415902140672783,0.9813664596273292
whole_cell,whole_cell_figure_3,heldout_candidate,qep_q1.5,345,160.0,0.09329446064139942,1.0
whole_cell,whole_cell_figure_3,heldout_candidate,qep_q1.5,353,144.0,0.08396501457725948,1.0
whole_cell,whole_cell_figure_3,heldout_candidate,qep_q1.5,355,13.0,0.2,1.0
whole_cell,whole_cell_figure_3,heldout_candidate,qep_q1.5,358,16.0,0.19753086419753085,1.0
whole_cell,whole_cell_figure_3,heldout_candidate,qep_q1.5,369,10.0,0.04477611940298507,0.9
whole_cell,whole_cell_figure_4,heldout_candidate,raw,3,73.0,0.03848845346396081,1.0
whole_cell,whole_cell_figure_4,heldout_candidate,raw,7,537.0,0.17633543940264215,0.9888268156424581
whole_cell,whole_cell_figure_4,heldout_candidate,raw,9,80.0,0.02446877012234385,0.475
whole_cell,whole_cell_figure_4,heldout_candidate,raw,10,59.0,0.0,0.0
whole_cell,whole_cell_figure_4,heldout_candidate,raw,18,231.0,0.11413043478260869,1.0
whole_cell,whole_cell_figure_4,heldout_candidate,raw,25,342.0,0.16261398176291794,0.9912280701754386
whole_cell,whole_cell_figure_4,heldout_candidate,raw,28,90.0,0.0,0.0
whole_cell,whole_cell_figure_4,heldout_candidate,raw,38,425.0,0.13262433531435722,0.9976470588235294
whole_cell,whole_cell_figure_4,heldout_candidate,raw,40,428.0,0.1328540168802751,0.9929906542056075
whole_cell,whole_cell_figure_4,heldout_candidate,raw,41,96.0,0.08340573414422242,1.0
whole_cell,whole_cell_figure_4,heldout_candidate,raw,42,530.0,0.16038617253192153,0.9716981132075472
whole_cell,whole_cell_figure_4,heldout_candidate,raw,66,572.0,0.08517303102625298,0.9982517482517482
whole_cell,whole_cell_figure_4,heldout_candidate,raw,67,1337.0,0.19910514541387025,0.9985041136873598
whole_cell,whole_cell_figure_4,heldout_candidate,raw,68,1119.0,0.16659209545115586,0.998212689901698
whole_cell,whole_cell_figure_4,heldout_candidate,raw,69,56.0,0.0015905147484094853,0.7857142857142857
whole_cell,whole_cell_figure_4,heldout_candidate,raw,70,94.0,0.002819141246205002,0.8297872340425532
whole_cell,whole_cell_figure_4,heldout_candidate,raw,74,144.0,0.005207579921886301,1.0
whole_cell,whole_cell_figure_4,heldout_candidate,raw,75,126.0,0.004556632431650514,1.0
whole_cell,whole_cell_figure_4,heldout_candidate,raw,77,385.0,0.05743696852155751,1.0
whole_cell,whole_cell_figure_4,heldout_candidate,raw,80,61.0,0.002205988716910169,1.0
whole_cell,whole_cell_figure_4,heldout_candidate,raw,82,67.0,0.0024229712136554318,1.0
whole_cell,whole_cell_figure_4,heldout_candidate,raw,89,85.0,0.0008299054629429169,0.27058823529411763
whole_cell,whole_cell_figure_4,heldout_candidate,raw,91,6136.0,0.20259111617312073,0.9869621903520208
whole_cell,whole_cell_figure_4,heldout_candidate,raw,100,4268.0,0.14667528828537557,0.9566541705716963
whole_cell,whole_cell_figure_4,heldout_candidate,raw,109,64.0,0.001228234954121812,0.53125
whole_cell,whole_cell_figure_4,heldout_candidate,raw,118,55.0,0.0,0.0
whole_cell,whole_cell_figure_4,heldout_candidate,raw,129,92.0,0.003327064950094026,1.0
whole_cell,whole_cell_figure_4,heldout_candidate,raw,137,1019.0,0.2388663967611336,0.9263984298331698
whole_cell,whole_cell_figure_4,heldout_candidate,raw,142,59.0,0.020914569301666075,1.0
whole_cell,whole_cell_figure_4,heldout_candidate,raw,160,362.0,0.2045977011494253,0.9834254143646409
whole_cell,whole_cell_figure_4,heldout_candidate,raw,161,70.0,0.030742204655248132,1.0
whole_cell,whole_cell_figure_4,heldout_candidate,raw,164,53.0,0.10211946050096339,1.0
whole_cell,whole_cell_figure_4,heldout_candidate,raw,166,66.0,0.017023471756512767,1.0
whole_cell,whole_cell_figure_4,heldout_candidate,raw,169,251.0,0.11017897091722595,0.7848605577689243
whole_cell,whole_cell_figure_4,heldout_candidate,raw,173,58.0,0.009174311926605505,1.0
whole_cell,whole_cell_figure_4,heldout_candidate,raw,178,69.0,0.0,0.0
whole_cell,whole_cell_figure_4,heldout_candidate,raw,197,1642.0,0.22504230118443316,0.8909866017052375
whole_cell,whole_cell_figure_4,heldout_candidate,raw,200,161.0,0.06383822363203806,1.0
whole_cell,whole_cell_figure_4,heldout_candidate,raw,201,352.0,0.15765538150581102,0.9886363636363636
whole_cell,whole_cell_figure_4,heldout_candidate,raw,203,434.0,0.22256568778979907,0.9953917050691244
whole_cell,whole_cell_figure_4,heldout_candidate,raw,205,592.0,0.2342449464922711,0.9983108108108109
whole_cell,whole_cell_figure_4,heldout_candidate,raw,214,289.0,0.1371571072319202,0.9515570934256056
whole_cell,whole_cell_figure_4,heldout_candidate,raw,216,81.0,0.026759167492566897,1.0
whole_cell,whole_cell_figure_4,heldout_candidate,raw,222,517.0,0.23518164435946462,0.9516441005802708
whole_cell,whole_cell_figure_4,heldout_candidate,raw,227,412.0,0.1935483870967742,0.9757281553398058
whole_cell,whole_cell_figure_4,heldout_candidate,raw,247,399.0,0.21797101449275363,0.9423558897243107
whole_cell,whole_cell_figure_4,heldout_candidate,raw,256,203.0,0.09115401885945218,1.0
whole_cell,whole_cell_figure_4,heldout_candidate,raw,259,94.0,0.042209250112258644,1.0
whole_cell,whole_cell_figure_4,heldout_candidate,raw,269,74.0,0.15578947368421053,1.0
whole_cell,whole_cell_figure_4,heldout_candidate,raw,273,53.0,0.1092436974789916,0.9811320754716981
whole_cell,whole_cell_figure_4,heldout_candidate,raw,280,98.0,0.20125786163522014,0.9795918367346939
whole_cell,whole_cell_figure_4,heldout_candidate,raw,291,92.0,0.07516339869281045,1.0
whole_cell,whole_cell_figure_4,heldout_candidate,raw,292,180.0,0.14705882352941177,1.0
whole_cell,whole_cell_figure_4,heldout_candidate,raw,295,176.0,0.003654765251616531,0.07386363636363637
whole_cell,whole_cell_figure_4,heldout_candidate,raw,296,384.0,0.09235209235209235,1.0
whole_cell,whole_cell_figure_4,heldout_candidate,raw,300,871.0,0.21602697095435686,0.9563719862227325
whole_cell,whole_cell_figure_4,heldout_candidate,raw,301,989.0,0.23263480103602543,0.9989888776541962
whole_cell,whole_cell_figure_4,heldout_candidate,raw,306,524.0,0.15201411349603058,0.9866412213740458
whole_cell,whole_cell_figure_4,heldout_candidate,raw,312,322.0,0.08836206896551724,0.8913043478260869
whole_cell,whole_cell_figure_4,heldout_candidate,raw,314,209.0,0.09439927732610659,1.0
whole_cell,whole_cell_figure_4,heldout_candidate,raw,315,284.0,0.0741031683686829,0.9964788732394366
whole_cell,whole_cell_figure_4,heldout_candidate,raw,325,100.0,0.045167118337850046,1.0
whole_cell,whole_cell_figure_4,heldout_candidate,raw,328,51.0,0.013357778941854375,1.0
whole_cell,whole_cell_figure_4,heldout_candidate,raw,333,154.0,0.044930535028081586,0.987012987012987
whole_cell,whole_cell_figure_4,heldout_candidate,raw,359,652.0,0.22252559726962456,1.0
whole_cell,whole_cell_figure_4,heldout_candidate,raw,360,570.0,0.22826086956521738,0.9947368421052631
whole_cell,whole_cell_figure_4,heldout_candidate,raw,371,133.0,0.056921086675291076,0.9924812030075187
whole_cell,whole_cell_figure_4,heldout_candidate,raw,383,65.0,0.028041415012942193,1.0
whole_cell,whole_cell_figure_4,heldout_candidate,raw,388,80.0,0.03451251078515962,1.0
whole_cell,whole_cell_figure_4,heldout_candidate,raw,407,158.0,0.12042682926829268,1.0
whole_cell,whole_cell_figure_4,heldout_candidate,raw,409,470.0,0.2012063765618268,0.9936170212765958
whole_cell,whole_cell_figure_4,heldout_candidate,raw,417,13.0,0.0,0.0
whole_cell,whole_cell_figure_4,heldout_candidate,gp,3,15.0,0.0,0.0
whole_cell,whole_cell_figure_4,heldout_candidate,gp,5,252.0,0.0675422138836773,0.9761904761904762
whole_cell,whole_cell_figure_4,heldout_candidate,gp,7,69.0,0.0,0.0
whole_cell,whole_cell_figure_4,heldout_candidate,gp,10,121.0,0.0,0.0
whole_cell,whole_cell_figure_4,heldout_candidate,gp,14,417.0,0.12204968944099379,0.9424460431654677
whole_cell,whole_cell_figure_4,heldout_candidate,gp,16,598.0,0.1782608695652174,0.959866220735786
whole_cell,whole_cell_figure_4,heldout_candidate,gp,17,575.0,0.17111801242236024,0.9582608695652174
whole_cell,whole_cell_figure_4,heldout_candidate,gp,23,147.0,0.0027775773753697425,0.5238095238095238
whole_cell,whole_cell_figure_4,heldout_candidate,gp,24,6210.0,0.19182035759538224,0.9597423510466989
whole_cell,whole_cell_figure_4,heldout_candidate,gp,25,53.0,0.0019166787212498192,1.0
whole_cell,whole_cell_figure_4,heldout_candidate,gp,29,115.0,0.0,0.0
whole_cell,whole_cell_figure_4,heldout_candidate,gp,30,567.0,0.02050484594242731,1.0
whole_cell,whole_cell_figure_4,heldout_candidate,gp,32,61.0,0.02162353775257001,1.0
whole_cell,whole_cell_figure_4,heldout_candidate,gp,34,61.0,0.0157338148052618,1.0
whole_cell,whole_cell_figure_4,heldout_candidate,gp,36,115.0,0.050505050505050504,1.0
whole_cell,whole_cell_figure_4,heldout_candidate,gp,44,148.0,0.0,0.0
whole_cell,whole_cell_figure_4,heldout_candidate,gp,47,1210.0,0.13212084773786262,0.7289256198347107
whole_cell,whole_cell_figure_4,heldout_candidate,gp,49,189.0,0.06892067620286085,1.0
whole_cell,whole_cell_figure_4,heldout_candidate,gp,50,1379.0,0.1782435740514076,0.8448150833937635
whole_cell,whole_cell_figure_4,heldout_candidate,gp,53,755.0,0.10976948408342481,0.9271523178807947
whole_cell,whole_cell_figure_4,heldout_candidate,gp,57,983.0,0.14948859166011014,0.9664292980671414
whole_cell,whole_cell_figure_4,heldout_candidate,gp,61,145.0,0.04790221341261976,1.0
whole_cell,whole_cell_figure_4,heldout_candidate,gp,68,346.0,0.19347319347319347,0.9595375722543352
whole_cell,whole_cell_figure_4,heldout_candidate,gp,72,99.0,0.15030060120240482,0.7575757575757576
whole_cell,whole_cell_figure_4,heldout_candidate,gp,73,80.0,0.13034623217922606,0.8
whole_cell,whole_cell_figure_4,heldout_candidate,gp,75,126.0,0.23155737704918034,0.9285714285714286
whole_cell,whole_cell_figure_4,heldout_candidate,gp,76,63.0,0.015868351454598882,0.8571428571428571
whole_cell,whole_cell_figure_4,heldout_candidate,gp,77,89.0,0.07183673469387755,0.9887640449438202
whole_cell,whole_cell_figure_4,heldout_candidate,gp,78,102.0,0.08333333333333333,1.0
whole_cell,whole_cell_figure_4,heldout_candidate,gp,79,73.0,0.059640522875817,1.0
whole_cell,whole_cell_figure_4,heldout_candidate,gp,86,795.0,0.23399014778325122,0.9559748427672956
whole_cell,whole_cell_figure_4,heldout_candidate,gp,88,53.0,0.01567583555161195,1.0
whole_cell,whole_cell_figure_4,heldout_candidate,gp,90,136.0,0.028878648233486945,0.6911764705882353
whole_cell,whole_cell_figure_4,heldout_candidate,gp,91,245.0,0.11065943992773261,1.0
whole_cell,whole_cell_figure_4,heldout_candidate,gp,92,86.0,0.02025435704192181,1.0
whole_cell,whole_cell_figure_4,heldout_candidate,gp,94,256.0,0.06705081194342588,1.0
whole_cell,whole_cell_figure_4,heldout_candidate,gp,96,74.0,0.03342366757000903,1.0
whole_cell,whole_cell_figure_4,heldout_candidate,gp,97,179.0,0.048600883652430045,0.9217877094972067
whole_cell,whole_cell_figure_4,heldout_candidate,gp,98,131.0,0.02481854366658862,0.8091603053435115
whole_cell,whole_cell_figure_4,heldout_candidate,gp,104,588.0,0.21352313167259787,0.9183673469387755
whole_cell,whole_cell_figure_4,heldout_candidate,gp,108,254.0,0.08203618005889778,0.7677165354330708
whole_cell,whole_cell_figure_4,heldout_candidate,gp,113,97.0,0.15109034267912771,1.0
whole_cell,whole_cell_figure_4,heldout_candidate,gp,114,56.0,0.007817953371492391,1.0
whole_cell,whole_cell_figure_4,heldout_candidate,gp,119,128.0,0.0975609756097561,1.0
whole_cell,whole_cell_figure_4,heldout_candidate,gp,121,459.0,0.16691654172913542,0.7276688453159041
whole_cell,whole_cell_figure_4,heldout_candidate,gp,122,19.0,0.0,0.0
whole_cell,whole_cell_figure_4,heldout_candidate,qep_q2,3,15.0,0.0,0.0
whole_cell,whole_cell_figure_4,heldout_candidate,qep_q2,5,252.0,0.0675422138836773,0.9761904761904762
whole_cell,whole_cell_figure_4,heldout_candidate,qep_q2,7,69.0,0.0,0.0
whole_cell,whole_cell_figure_4,heldout_candidate,qep_q2,10,121.0,0.0,0.0
whole_cell,whole_cell_figure_4,heldout_candidate,qep_q2,14,417.0,0.12204968944099379,0.9424460431654677
whole_cell,whole_cell_figure_4,heldout_candidate,qep_q2,16,598.0,0.1782608695652174,0.959866220735786
whole_cell,whole_cell_figure_4,heldout_candidate,qep_q2,17,575.0,0.17111801242236024,0.9582608695652174
whole_cell,whole_cell_figure_4,heldout_candidate,qep_q2,23,147.0,0.0027775773753697425,0.5238095238095238
whole_cell,whole_cell_figure_4,heldout_candidate,qep_q2,24,6210.0,0.19182035759538224,0.9597423510466989
whole_cell,whole_cell_figure_4,heldout_candidate,qep_q2,25,53.0,0.0019166787212498192,1.0
whole_cell,whole_cell_figure_4,heldout_candidate,qep_q2,29,115.0,0.0,0.0
whole_cell,whole_cell_figure_4,heldout_candidate,qep_q2,30,567.0,0.02050484594242731,1.0
whole_cell,whole_cell_figure_4,heldout_candidate,qep_q2,32,61.0,0.02162353775257001,1.0
whole_cell,whole_cell_figure_4,heldout_candidate,qep_q2,34,61.0,0.0157338148052618,1.0
whole_cell,whole_cell_figure_4,heldout_candidate,qep_q2,36,115.0,0.050505050505050504,1.0
whole_cell,whole_cell_figure_4,heldout_candidate,qep_q2,44,148.0,0.0,0.0
whole_cell,whole_cell_figure_4,heldout_candidate,qep_q2,47,1210.0,0.13212084773786262,0.7289256198347107
whole_cell,whole_cell_figure_4,heldout_candidate,qep_q2,49,189.0,0.06892067620286085,1.0
whole_cell,whole_cell_figure_4,heldout_candidate,qep_q2,50,1379.0,0.1782435740514076,0.8448150833937635
whole_cell,whole_cell_figure_4,heldout_candidate,qep_q2,53,755.0,0.10976948408342481,0.9271523178807947
whole_cell,whole_cell_figure_4,heldout_candidate,qep_q2,57,983.0,0.14948859166011014,0.9664292980671414
whole_cell,whole_cell_figure_4,heldout_candidate,qep_q2,61,145.0,0.04790221341261976,1.0
whole_cell,whole_cell_figure_4,heldout_candidate,qep_q2,68,346.0,0.19347319347319347,0.9595375722543352
whole_cell,whole_cell_figure_4,heldout_candidate,qep_q2,72,99.0,0.15030060120240482,0.7575757575757576
whole_cell,whole_cell_figure_4,heldout_candidate,qep_q2,73,80.0,0.13034623217922606,0.8
whole_cell,whole_cell_figure_4,heldout_candidate,qep_q2,75,126.0,0.23155737704918034,0.9285714285714286
whole_cell,whole_cell_figure_4,heldout_candidate,qep_q2,76,63.0,0.015868351454598882,0.8571428571428571
whole_cell,whole_cell_figure_4,heldout_candidate,qep_q2,77,89.0,0.07183673469387755,0.9887640449438202
whole_cell,whole_cell_figure_4,heldout_candidate,qep_q2,78,102.0,0.08333333333333333,1.0
whole_cell,whole_cell_figure_4,heldout_candidate,qep_q2,79,73.0,0.059640522875817,1.0
whole_cell,whole_cell_figure_4,heldout_candidate,qep_q2,86,795.0,0.23399014778325122,0.9559748427672956
whole_cell,whole_cell_figure_4,heldout_candidate,qep_q2,88,53.0,0.01567583555161195,1.0
whole_cell,whole_cell_figure_4,heldout_candidate,qep_q2,90,136.0,0.028878648233486945,0.6911764705882353
whole_cell,whole_cell_figure_4,heldout_candidate,qep_q2,91,245.0,0.11065943992773261,1.0
whole_cell,whole_cell_figure_4,heldout_candidate,qep_q2,92,86.0,0.02025435704192181,1.0
whole_cell,whole_cell_figure_4,heldout_candidate,qep_q2,94,256.0,0.06705081194342588,1.0
whole_cell,whole_cell_figure_4,heldout_candidate,qep_q2,96,74.0,0.03342366757000903,1.0
whole_cell,whole_cell_figure_4,heldout_candidate,qep_q2,97,179.0,0.048600883652430045,0.9217877094972067
whole_cell,whole_cell_figure_4,heldout_candidate,qep_q2,98,131.0,0.02481854366658862,0.8091603053435115
whole_cell,whole_cell_figure_4,heldout_candidate,qep_q2,104,588.0,0.21352313167259787,0.9183673469387755
whole_cell,whole_cell_figure_4,heldout_candidate,qep_q2,108,254.0,0.08203618005889778,0.7677165354330708
whole_cell,whole_cell_figure_4,heldout_candidate,qep_q2,113,97.0,0.15109034267912771,1.0
whole_cell,whole_cell_figure_4,heldout_candidate,qep_q2,114,56.0,0.007817953371492391,1.0
whole_cell,whole_cell_figure_4,heldout_candidate,qep_q2,119,128.0,0.0975609756097561,1.0
whole_cell,whole_cell_figure_4,heldout_candidate,qep_q2,121,459.0,0.16691654172913542,0.7276688453159041
whole_cell,whole_cell_figure_4,heldout_candidate,qep_q2,122,19.0,0.0,0.0
whole_cell,whole_cell_figure_4,heldout_candidate,qep_q1.5,5,252.0,0.06848484848484848,0.9801587301587301
whole_cell,whole_cell_figure_4,heldout_candidate,qep_q1.5,7,66.0,0.0,0.0
whole_cell,whole_cell_figure_4,heldout_candidate,qep_q1.5,11,122.0,0.0,0.0
whole_cell,whole_cell_figure_4,heldout_candidate,qep_q1.5,15,394.0,0.11456069543619994,0.9365482233502538
whole_cell,whole_cell_figure_4,heldout_candidate,qep_q1.5,17,613.0,0.18035326929036258,0.9494290375203915
whole_cell,whole_cell_figure_4,heldout_candidate,qep_q1.5,18,588.0,0.17734909769757312,0.9693877551020408
whole_cell,whole_cell_figure_4,heldout_candidate,qep_q1.5,24,151.0,0.002849516664262011,0.5231788079470199
whole_cell,whole_cell_figure_4,heldout_candidate,qep_q1.5,25,6263.0,0.19347573635499876,0.9608813667571451
whole_cell,whole_cell_figure_4,heldout_candidate,qep_q1.5,28,59.0,0.002133661217995082,1.0
whole_cell,whole_cell_figure_4,heldout_candidate,qep_q1.5,29,53.0,0.0019166787212498192,1.0
whole_cell,whole_cell_figure_4,heldout_candidate,qep_q1.5,30,113.0,0.0,0.0
whole_cell,whole_cell_figure_4,heldout_candidate,qep_q1.5,31,279.0,0.009578544061302681,0.9498207885304659
whole_cell,whole_cell_figure_4,heldout_candidate,qep_q1.5,32,578.0,0.020865728854012222,0.9982698961937716
whole_cell,whole_cell_figure_4,heldout_candidate,qep_q1.5,36,120.0,0.052700922266139656,1.0
whole_cell,whole_cell_figure_4,heldout_candidate,qep_q1.5,37,505.0,0.23565121412803533,0.8455445544554455
whole_cell,whole_cell_figure_4,heldout_candidate,qep_q1.5,41,150.0,0.0,0.0
whole_cell,whole_cell_figure_4,heldout_candidate,qep_q1.5,45,1189.0,0.1313450820906763,0.7333894028595458
whole_cell,whole_cell_figure_4,heldout_candidate,qep_q1.5,47,1384.0,0.17810732303929064,0.8417630057803468
whole_cell,whole_cell_figure_4,heldout_candidate,qep_q1.5,51,756.0,0.10975227343994982,0.9259259259259259
whole_cell,whole_cell_figure_4,heldout_candidate,qep_q1.5,54,981.0,0.14971662468513855,0.9694189602446484
whole_cell,whole_cell_figure_4,heldout_candidate,qep_q1.5,56,873.0,0.1900126957257723,0.9713631156930126
whole_cell,whole_cell_figure_4,heldout_candidate,qep_q1.5,58,1055.0,0.14446670005007511,0.8824644549763033
whole_cell,whole_cell_figure_4,heldout_candidate,qep_q1.5,59,136.0,0.044928972580112324,1.0
whole_cell,whole_cell_figure_4,heldout_candidate,qep_q1.5,64,322.0,0.1794871794871795,0.9565217391304348
whole_cell,whole_cell_figure_4,heldout_candidate,qep_q1.5,71,82.0,0.06699346405228758,1.0
whole_cell,whole_cell_figure_4,heldout_candidate,qep_q1.5,72,76.0,0.06209150326797386,1.0
whole_cell,whole_cell_figure_4,heldout_candidate,qep_q1.5,73,63.0,0.051470588235294115,1.0
whole_cell,whole_cell_figure_4,heldout_candidate,qep_q1.5,80,835.0,0.24515533681944018,0.9544910179640719
whole_cell,whole_cell_figure_4,heldout_candidate,qep_q1.5,82,64.0,0.01892931085477669,1.0
whole_cell,whole_cell_figure_4,heldout_candidate,qep_q1.5,84,112.0,0.022762227007074746,0.6607142857142857
whole_cell,whole_cell_figure_4,heldout_candidate,qep_q1.5,85,255.0,0.11517615176151762,1.0
whole_cell,whole_cell_figure_4,heldout_candidate,qep_q1.5,86,80.0,0.018841262364578427,1.0
whole_cell,whole_cell_figure_4,heldout_candidate,qep_q1.5,88,251.0,0.06574122577265584,1.0
whole_cell,whole_cell_figure_4,heldout_candidate,qep_q1.5,90,71.0,0.032068654019873535,1.0
whole_cell,whole_cell_figure_4,heldout_candidate,qep_q1.5,91,170.0,0.0459499263622975,0.9176470588235294
whole_cell,whole_cell_figure_4,heldout_candidate,qep_q1.5,92,119.0,0.022966955706585423,0.8235294117647058
whole_cell,whole_cell_figure_4,heldout_candidate,qep_q1.5,97,581.0,0.21315372424722662,0.9259896729776248
whole_cell,whole_cell_figure_4,heldout_candidate,qep_q1.5,100,251.0,0.08031959629941127,0.7609561752988048
whole_cell,whole_cell_figure_4,heldout_candidate,qep_q1.5,105,71.0,0.11059190031152648,1.0
whole_cell,whole_cell_figure_4,heldout_candidate,qep_q1.5,110,109.0,0.08307926829268293,1.0
whole_cell,whole_cell_figure_4,heldout_candidate,qep_q1.5,111,79.0,0.010464629552113856,0.9493670886075949
whole_cell,whole_cell_figure_4,heldout_candidate,qep_q1.5,113,476.0,0.17541229385307347,0.7373949579831933
whole_cell,whole_cell_figure_5,heldout_candidate,raw,2,210.0,0.0,0.0
whole_cell,whole_cell_figure_5,heldout_candidate,raw,3,93.0,0.06861198738170347,0.9354838709677419
whole_cell,whole_cell_figure_5,heldout_candidate,raw,5,64.0,0.09457364341085271,0.953125
whole_cell,whole_cell_figure_5,heldout_candidate,raw,6,345.0,0.11008264462809918,0.9652173913043478
whole_cell,whole_cell_figure_5,heldout_candidate,raw,8,73.0,0.0029092722663230956,0.958904109589041
whole_cell,whole_cell_figure_5,heldout_candidate,raw,12,1031.0,0.24753427952850612,0.9980601357904947
whole_cell,whole_cell_figure_5,heldout_candidate,raw,17,73.0,0.003034333693573863,1.0
whole_cell,whole_cell_figure_5,heldout_candidate,raw,22,319.0,0.013259622578767977,1.0
whole_cell,whole_cell_figure_5,heldout_candidate,raw,23,1008.0,0.24259927797833936,1.0
whole_cell,whole_cell_figure_5,heldout_candidate,raw,26,251.0,0.10564399421128799,0.7370517928286853
whole_cell,whole_cell_figure_5,heldout_candidate,raw,27,210.0,0.06686527639854353,0.9619047619047619
whole_cell,whole_cell_figure_5,heldout_candidate,raw,28,310.0,0.10288748755393295,1.0
whole_cell,whole_cell_figure_5,heldout_candidate,raw,30,99.0,0.026045777426992895,1.0
whole_cell,whole_cell_figure_5,heldout_candidate,raw,35,247.0,0.04904686258935663,1.0
whole_cell,whole_cell_figure_5,heldout_candidate,raw,36,512.0,0.13658536585365855,0.998046875
whole_cell,whole_cell_figure_5,heldout_candidate,raw,41,86.0,0.003532981420674176,0.9883720930232558
whole_cell,whole_cell_figure_5,heldout_candidate,raw,48,930.0,0.1846703733121525,1.0
whole_cell,whole_cell_figure_5,heldout_candidate,raw,52,128.0,0.013232709604052517,1.0
whole_cell,whole_cell_figure_5,heldout_candidate,raw,53,439.0,0.1258969341161122,1.0
whole_cell,whole_cell_figure_5,heldout_candidate,raw,69,147.0,0.03350045578851413,1.0
whole_cell,whole_cell_figure_5,heldout_candidate,raw,72,111.0,0.023886378308586184,1.0
whole_cell,whole_cell_figure_5,heldout_candidate,raw,76,415.0,0.08844842284739983,1.0
whole_cell,whole_cell_figure_5,heldout_candidate,raw,80,67.0,0.012239678480087687,1.0
whole_cell,whole_cell_figure_5,heldout_candidate,raw,99,76.0,0.015091342335186657,1.0
whole_cell,whole_cell_figure_5,heldout_candidate,raw,101,53.0,0.011548556430446194,0.8301886792452831
whole_cell,whole_cell_figure_5,heldout_candidate,raw,103,17.0,0.0,0.0
whole_cell,whole_cell_figure_5,heldout_candidate,raw,104,73.0,0.011873780091086533,1.0
whole_cell,whole_cell_figure_5,heldout_candidate,raw,110,117.0,0.016306620209059233,1.0
whole_cell,whole_cell_figure_5,heldout_candidate,raw,112,89.0,0.01240418118466899,1.0
whole_cell,whole_cell_figure_5,heldout_candidate,raw,116,50.0,0.006968641114982578,1.0
whole_cell,whole_cell_figure_5,heldout_candidate,raw,117,52.0,0.01010689990281827,1.0
whole_cell,whole_cell_figure_5,heldout_candidate,raw,123,107.0,0.019342010122921187,1.0
whole_cell,whole_cell_figure_5,heldout_candidate,raw,124,115.0,0.020788141720896602,1.0
whole_cell,whole_cell_figure_5,heldout_candidate,raw,125,496.0,0.15025749772796124,1.0
whole_cell,whole_cell_figure_5,heldout_candidate,raw,127,172.0,0.03109182935647144,1.0
whole_cell,whole_cell_figure_5,heldout_candidate,raw,130,303.0,0.05477223427331887,1.0
whole_cell,whole_cell_figure_5,heldout_candidate,raw,136,51.0,0.008157389635316698,1.0
whole_cell,whole_cell_figure_5,heldout_candidate,raw,137,1106.0,0.1984112655714028,0.9936708860759493
whole_cell,whole_cell_figure_5,heldout_candidate,raw,139,891.0,0.15417789757412398,0.9685746352413019
whole_cell,whole_cell_figure_5,heldout_candidate,raw,144,315.0,0.09542562859739473,1.0
whole_cell,whole_cell_figure_5,heldout_candidate,raw,148,61.0,0.01847924871251136,1.0
whole_cell,whole_cell_figure_5,heldout_candidate,raw,153,142.0,0.03585858585858586,1.0
whole_cell,whole_cell_figure_5,heldout_candidate,raw,157,70.0,0.0,0.0
whole_cell,whole_cell_figure_5,heldout_candidate,raw,164,62.0,0.012582781456953643,0.6129032258064516
whole_cell,whole_cell_figure_5,heldout_candidate,raw,170,204.0,0.08755364806866953,1.0
whole_cell,whole_cell_figure_5,heldout_candidate,raw,172,52.0,0.013131313131313131,1.0
whole_cell,whole_cell_figure_5,heldout_candidate,raw,174,51.0,0.0,0.0
whole_cell,whole_cell_figure_5,heldout_candidate,raw,175,782.0,0.17731380492365223,0.7276214833759591
whole_cell,whole_cell_figure_5,heldout_candidate,raw,176,175.0,0.05841121495327103,1.0
whole_cell,whole_cell_figure_5,heldout_candidate,raw,179,60.0,0.01348314606741573,1.0
whole_cell,whole_cell_figure_5,heldout_candidate,raw,181,597.0,0.1992656875834446,1.0
whole_cell,whole_cell_figure_5,heldout_candidate,raw,186,178.0,0.010380622837370242,0.4044943820224719
whole_cell,whole_cell_figure_5,heldout_candidate,raw,187,54.0,0.007719799857040743,1.0
whole_cell,whole_cell_figure_5,heldout_candidate,raw,188,58.0,0.01303370786516854,1.0
whole_cell,whole_cell_figure_5,heldout_candidate,raw,197,95.0,0.021348314606741574,1.0
whole_cell,whole_cell_figure_5,heldout_candidate,raw,207,412.0,0.16175893207695327,1.0
whole_cell,whole_cell_figure_5,heldout_candidate,raw,209,486.0,0.06534014520032266,1.0
whole_cell,whole_cell_figure_5,heldout_candidate,raw,227,74.0,0.01247050893158072,1.0
whole_cell,whole_cell_figure_5,heldout_candidate,raw,233,73.0,0.013662736290473517,1.0
whole_cell,whole_cell_figure_5,heldout_candidate,raw,236,164.0,0.06804979253112033,1.0
whole_cell,whole_cell_figure_5,heldout_candidate,raw,240,32.0,0.0,0.0
whole_cell,whole_cell_figure_5,heldout_candidate,raw,241,117.0,0.04854771784232365,1.0
whole_cell,whole_cell_figure_5,heldout_candidate,raw,243,63.0,0.0,0.0
whole_cell,whole_cell_figure_5,heldout_candidate,raw,244,367.0,0.08348082595870207,0.8991825613079019
whole_cell,whole_cell_figure_5,heldout_candidate,raw,245,426.0,0.0,0.0
whole_cell,whole_cell_figure_5,heldout_candidate,raw,246,589.0,0.09638357061037474,1.0
whole_cell,whole_cell_figure_5,heldout_candidate,raw,250,147.0,0.036805207811717575,1.0
whole_cell,whole_cell_figure_5,heldout_candidate,raw,251,160.0,0.04006009013520281,1.0
whole_cell,whole_cell_figure_5,heldout_candidate,raw,252,87.0,0.021782674011016526,1.0
whole_cell,whole_cell_figure_5,heldout_candidate,raw,253,242.0,0.06059088632949424,1.0
whole_cell,whole_cell_figure_5,heldout_candidate,raw,254,75.0,0.01403705783267827,1.0
whole_cell,whole_cell_figure_5,heldout_candidate,raw,256,205.0,0.08236754966887418,0.9707317073170731
whole_cell,whole_cell_figure_5,heldout_candidate,raw,257,92.0,0.005093002657218778,1.0
whole_cell,whole_cell_figure_5,heldout_candidate,raw,258,83.0,0.020781171757636455,1.0
whole_cell,whole_cell_figure_5,heldout_candidate,raw,259,166.0,0.0,0.0
whole_cell,whole_cell_figure_5,heldout_candidate,raw,263,82.0,0.00453941541186891,1.0
whole_cell,whole_cell_figure_5,heldout_candidate,raw,265,65.0,0.011219147344801795,0.9230769230769231
whole_cell,whole_cell_figure_5,heldout_candidate,raw,268,55.0,0.0007415647015202076,0.07272727272727272
whole_cell,whole_cell_figure_5,heldout_candidate,raw,270,68.0,0.0,0.0
whole_cell,whole_cell_figure_5,heldout_candidate,raw,272,102.0,0.0,0.0
whole_cell,whole_cell_figure_5,heldout_candidate,raw,274,827.0,0.1316261621268961,1.0
whole_cell,whole_cell_figure_5,heldout_candidate,raw,275,50.0,0.0,0.0
whole_cell,whole_cell_figure_5,heldout_candidate,raw,279,710.0,0.11218000978314038,0.9774647887323944
whole_cell,whole_cell_figure_5,heldout_candidate,raw,286,682.0,0.17771952817824377,0.9970674486803519
whole_cell,whole_cell_figure_5,heldout_candidate,raw,292,204.0,0.003185063152114223,0.28431372549019607
whole_cell,whole_cell_figure_5,heldout_candidate,raw,293,95.0,0.0002203249793445332,0.042105263157894736
whole_cell,whole_cell_figure_5,heldout_candidate,raw,297,705.0,0.18499081605877724,1.0
whole_cell,whole_cell_figure_5,heldout_candidate,raw,299,573.0,0.0937653411880216,1.0
whole_cell,whole_cell_figure_5,heldout_candidate,raw,303,54.0,0.010944466963923795,1.0
whole_cell,whole_cell_figure_5,heldout_candidate,raw,304,936.0,0.15316642120765833,1.0
whole_cell,whole_cell_figure_5,heldout_candidate,raw,305,136.0,0.027563842723956223,1.0
whole_cell,whole_cell_figure_5,heldout_candidate,raw,307,901.0,0.15473123819337112,1.0
whole_cell,whole_cell_figure_5,heldout_candidate,raw,309,475.0,0.08157307229950198,1.0
whole_cell,whole_cell_figure_5,heldout_candidate,raw,312,415.0,0.07126910527219646,1.0
whole_cell,whole_cell_figure_5,heldout_candidate,raw,317,1253.0,0.21309789130807474,1.0
whole_cell,whole_cell_figure_5,heldout_candidate,raw,325,315.0,0.04582921200131883,0.8031746031746032
whole_cell,whole_cell_figure_5,heldout_candidate,raw,330,373.0,0.14038389160707565,1.0
whole_cell,whole_cell_figure_5,heldout_candidate,raw,332,250.0,0.09203606311044328,1.0
whole_cell,whole_cell_figure_5,heldout_candidate,raw,333,383.0,0.13907044299201163,1.0
whole_cell,whole_cell_figure_5,heldout_candidate,raw,335,192.0,0.00813871196036801,0.11979166666666667
whole_cell,whole_cell_figure_5,heldout_candidate,raw,343,650.0,0.10188087774294671,1.0
whole_cell,whole_cell_figure_5,heldout_candidate,raw,345,98.0,0.0,0.0
whole_cell,whole_cell_figure_5,heldout_candidate,raw,355,55.0,0.0047606682247035405,1.0
whole_cell,whole_cell_figure_5,heldout_candidate,raw,361,92.0,0.0,0.0
whole_cell,whole_cell_figure_5,heldout_candidate,raw,367,224.0,0.019388903315156237,1.0
whole_cell,whole_cell_figure_5,heldout_candidate,raw,374,59.0,0.0,0.0
whole_cell,whole_cell_figure_5,heldout_candidate,raw,375,83.0,0.016537158796573023,1.0
whole_cell,whole_cell_figure_5,heldout_candidate,raw,385,1036.0,0.20132657042528287,0.9961389961389961
whole_cell,whole_cell_figure_5,heldout_candidate,raw,394,88.0,0.0,0.0
whole_cell,whole_cell_figure_5,heldout_candidate,raw,395,212.0,0.0,0.0
whole_cell,whole_cell_figure_5,heldout_candidate,raw,397,85.0,0.016450551577317594,1.0
whole_cell,whole_cell_figure_5,heldout_candidate,raw,404,111.0,0.0,0.0
whole_cell,whole_cell_figure_5,heldout_candidate,raw,410,164.0,0.0,0.0
whole_cell,whole_cell_figure_5,heldout_candidate,raw,414,143.0,0.029582126603227142,1.0
whole_cell,whole_cell_figure_5,heldout_candidate,raw,416,72.0,0.0,0.0
whole_cell,whole_cell_figure_5,heldout_candidate,raw,419,95.0,0.0,0.0
whole_cell,whole_cell_figure_5,heldout_candidate,raw,422,78.0,0.03337612323491656,1.0
whole_cell,whole_cell_figure_5,heldout_candidate,raw,423,557.0,0.1868563021088769,0.9587073608617595
whole_cell,whole_cell_figure_5,heldout_candidate,raw,429,51.0,0.0081783194355356,1.0
whole_cell,whole_cell_figure_5,heldout_candidate,raw,430,1473.0,0.13810238139883743,1.0
whole_cell,whole_cell_figure_5,heldout_candidate,raw,431,451.0,0.038857637386412805,0.9955654101995566
whole_cell,whole_cell_figure_5,heldout_candidate,raw,438,310.0,0.026832857266510864,1.0
whole_cell,whole_cell_figure_5,heldout_candidate,raw,441,101.0,0.007347221021695912,0.8415841584158416
whole_cell,whole_cell_figure_5,heldout_candidate,raw,444,422.0,0.03956497281080067,1.0
whole_cell,whole_cell_figure_5,heldout_candidate,raw,445,79.0,0.0561877667140825,1.0
whole_cell,whole_cell_figure_5,heldout_candidate,raw,446,621.0,0.0,0.0
whole_cell,whole_cell_figure_5,heldout_candidate,raw,447,792.0,0.016802569804793676,0.25757575757575757
whole_cell,whole_cell_figure_5,heldout_candidate,raw,450,64.0,0.0,0.0
whole_cell,whole_cell_figure_5,heldout_candidate,raw,451,72.0,0.06260869565217392,1.0
whole_cell,whole_cell_figure_5,heldout_candidate,raw,453,145.0,0.12608695652173912,1.0
whole_cell,whole_cell_figure_5,heldout_candidate,raw,454,74.0,0.006088992974238876,0.8783783783783784
whole_cell,whole_cell_figure_5,heldout_candidate,raw,455,180.0,0.12802275960170698,1.0
whole_cell,whole_cell_figure_5,heldout_candidate,raw,456,79.0,0.0561877667140825,1.0
whole_cell,whole_cell_figure_5,heldout_candidate,raw,458,128.0,0.0,0.0
whole_cell,whole_cell_figure_5,heldout_candidate,raw,1037,40.0,0.02844950213371266,1.0
whole_cell,whole_cell_figure_5,heldout_candidate,gp,1,118.0,0.0,0.0
whole_cell,whole_cell_figure_5,heldout_candidate,gp,3,21.0,0.03271028037383177,1.0
whole_cell,whole_cell_figure_5,heldout_candidate,gp,4,418.0,0.1345899470899471,0.9736842105263158
whole_cell,whole_cell_figure_5,heldout_candidate,gp,8,817.0,0.19663056558363418,1.0
whole_cell,whole_cell_figure_5,heldout_candidate,gp,10,390.0,0.07744241461477364,1.0
whole_cell,whole_cell_figure_5,heldout_candidate,gp,11,476.0,0.15798207766345834,1.0
whole_cell,whole_cell_figure_5,heldout_candidate,gp,13,1031.0,0.24813477737665462,1.0
whole_cell,whole_cell_figure_5,heldout_candidate,gp,14,1178.0,0.23367083581496922,0.9991511035653651
whole_cell,whole_cell_figure_5,heldout_candidate,gp,15,615.0,0.20411549950215732,1.0
whole_cell,whole_cell_figure_5,heldout_candidate,gp,18,111.0,0.036840358446730836,1.0
whole_cell,whole_cell_figure_5,heldout_candidate,gp,19,459.0,0.12466051059206952,1.0
whole_cell,whole_cell_figure_5,heldout_candidate,gp,21,826.0,0.16401906274821287,1.0
whole_cell,whole_cell_figure_5,heldout_candidate,gp,22,76.0,0.0031173365476536846,0.9868421052631579
whole_cell,whole_cell_figure_5,heldout_candidate,gp,24,104.0,0.0345170925987388,1.0
whole_cell,whole_cell_figure_5,heldout_candidate,gp,25,4110.0,0.17083714356970653,1.0
whole_cell,whole_cell_figure_5,heldout_candidate,gp,27,251.0,0.06816947311243889,1.0
whole_cell,whole_cell_figure_5,heldout_candidate,gp,29,51.0,0.018091521816246896,1.0
whole_cell,whole_cell_figure_5,heldout_candidate,gp,30,209.0,0.06936608031861932,1.0
whole_cell,whole_cell_figure_5,heldout_candidate,gp,31,527.0,0.14312873438348722,1.0
whole_cell,whole_cell_figure_5,heldout_candidate,gp,33,5930.0,0.2464876548341508,1.0
whole_cell,whole_cell_figure_5,heldout_candidate,gp,35,765.0,0.20126282557221783,1.0
whole_cell,whole_cell_figure_5,heldout_candidate,gp,37,66.0,0.013105639396346307,1.0
whole_cell,whole_cell_figure_5,heldout_candidate,gp,38,495.0,0.13443780554046714,1.0
whole_cell,whole_cell_figure_5,heldout_candidate,gp,39,176.0,0.03774442928603911,0.9431818181818182
whole_cell,whole_cell_figure_5,heldout_candidate,gp,42,193.0,0.019952444949860437,1.0
whole_cell,whole_cell_figure_5,heldout_candidate,gp,43,86.0,0.018506563374219926,1.0
whole_cell,whole_cell_figure_5,heldout_candidate,gp,45,81.0,0.014797223237120936,1.0
whole_cell,whole_cell_figure_5,heldout_candidate,gp,47,435.0,0.09178023850085179,0.9908045977011494
whole_cell,whole_cell_figure_5,heldout_candidate,gp,50,60.0,0.01578531965272297,1.0
whole_cell,whole_cell_figure_5,heldout_candidate,gp,51,833.0,0.17753623188405798,1.0
whole_cell,whole_cell_figure_5,heldout_candidate,gp,54,196.0,0.041773231031543054,1.0
whole_cell,whole_cell_figure_5,heldout_candidate,gp,57,66.0,0.009198606271777003,1.0
whole_cell,whole_cell_figure_5,heldout_candidate,gp,61,524.0,0.08294709924884129,0.9904580152671756
whole_cell,whole_cell_figure_5,heldout_candidate,gp,63,255.0,0.04147690305790501,1.0
whole_cell,whole_cell_figure_5,heldout_candidate,gp,64,94.0,0.016992046276211134,1.0
whole_cell,whole_cell_figure_5,heldout_candidate,gp,66,132.0,0.02386117136659436,1.0
whole_cell,whole_cell_figure_5,heldout_candidate,gp,67,57.0,0.009117082533589251,1.0
whole_cell,whole_cell_figure_5,heldout_candidate,gp,70,325.0,0.2050098879367172,0.9569230769230769
whole_cell,whole_cell_figure_5,heldout_candidate,gp,73,769.0,0.13695416817033562,0.9869960988296489
whole_cell,whole_cell_figure_5,heldout_candidate,gp,75,564.0,0.1019522776572668,1.0
whole_cell,whole_cell_figure_5,heldout_candidate,gp,76,788.0,0.1391492429704398,0.9822335025380711
whole_cell,whole_cell_figure_5,heldout_candidate,gp,77,365.0,0.08202247191011236,1.0
whole_cell,whole_cell_figure_5,heldout_candidate,gp,79,316.0,0.0950650923402967,0.9936708860759493
whole_cell,whole_cell_figure_5,heldout_candidate,gp,81,231.0,0.051910112359550564,1.0
whole_cell,whole_cell_figure_5,heldout_candidate,gp,84,88.0,0.0,0.0
whole_cell,whole_cell_figure_5,heldout_candidate,gp,85,784.0,0.14890788224121557,1.0
whole_cell,whole_cell_figure_5,heldout_candidate,gp,90,543.0,0.10250569476082004,0.994475138121547
whole_cell,whole_cell_figure_5,heldout_candidate,gp,91,460.0,0.08736942070275404,1.0
whole_cell,whole_cell_figure_5,heldout_candidate,gp,92,842.0,0.15992402659069327,1.0
whole_cell,whole_cell_figure_5,heldout_candidate,gp,94,68.0,0.029184549356223177,1.0
whole_cell,whole_cell_figure_5,heldout_candidate,gp,95,465.0,0.11000641436818473,0.7376344086021506
whole_cell,whole_cell_figure_5,heldout_candidate,gp,97,287.0,0.09579439252336448,1.0
whole_cell,whole_cell_figure_5,heldout_candidate,gp,98,103.0,0.035093696763202724,1.0
whole_cell,whole_cell_figure_5,heldout_candidate,gp,99,441.0,0.14719626168224298,1.0
whole_cell,whole_cell_figure_5,heldout_candidate,gp,100,61.0,0.013707865168539326,1.0
whole_cell,whole_cell_figure_5,heldout_candidate,gp,101,908.0,0.22767295597484277,0.9218061674008811
whole_cell,whole_cell_figure_5,heldout_candidate,gp,102,312.0,0.1041388518024032,1.0
whole_cell,whole_cell_figure_5,heldout_candidate,gp,103,406.0,0.18704284221525602,0.8817733990147784
whole_cell,whole_cell_figure_5,heldout_candidate,gp,107,240.0,0.02531645569620253,0.4
whole_cell,whole_cell_figure_5,heldout_candidate,gp,114,124.0,0.0,0.0
whole_cell,whole_cell_figure_5,heldout_candidate,gp,117,218.0,0.0855908912446015,1.0
whole_cell,whole_cell_figure_5,heldout_candidate,gp,118,393.0,0.0528367840817424,1.0
whole_cell,whole_cell_figure_5,heldout_candidate,gp,119,132.0,0.05182567726737338,1.0
whole_cell,whole_cell_figure_5,heldout_candidate,gp,120,255.0,0.03428340951868782,1.0
whole_cell,whole_cell_figure_5,heldout_candidate,gp,124,161.0,0.027131782945736434,1.0
whole_cell,whole_cell_figure_5,heldout_candidate,gp,129,107.0,0.0439651596847781,0.9906542056074766
whole_cell,whole_cell_figure_5,heldout_candidate,gp,130,282.0,0.11701244813278008,1.0
whole_cell,whole_cell_figure_5,heldout_candidate,gp,131,321.0,0.09590690208667736,0.7445482866043613
whole_cell,whole_cell_figure_5,heldout_candidate,gp,132,68.0,0.0,0.0
whole_cell,whole_cell_figure_5,heldout_candidate,gp,133,298.0,0.07678518075888856,0.9429530201342282
whole_cell,whole_cell_figure_5,heldout_candidate,gp,134,453.0,0.17722039473684212,0.9514348785871964
whole_cell,whole_cell_figure_5,heldout_candidate,gp,135,218.0,0.0,0.0
whole_cell,whole_cell_figure_5,heldout_candidate,gp,137,416.0,0.06807396498118147,1.0
whole_cell,whole_cell_figure_5,heldout_candidate,gp,140,133.0,0.03329994992488733,1.0
whole_cell,whole_cell_figure_5,heldout_candidate,gp,141,72.0,0.01347557551937114,1.0
whole_cell,whole_cell_figure_5,heldout_candidate,gp,142,94.0,0.0,0.0
whole_cell,whole_cell_figure_5,heldout_candidate,gp,143,155.0,0.03880821231847772,1.0
whole_cell,whole_cell_figure_5,heldout_candidate,gp,144,241.0,0.06034051076614922,1.0
whole_cell,whole_cell_figure_5,heldout_candidate,gp,145,59.0,0.003266164747564216,1.0
whole_cell,whole_cell_figure_5,heldout_candidate,gp,146,144.0,0.059311489008710076,0.9930555555555556
whole_cell,whole_cell_figure_5,heldout_candidate,gp,147,165.0,0.0,0.0
whole_cell,whole_cell_figure_5,heldout_candidate,gp,148,175.0,0.021284471589857485,0.6571428571428571
whole_cell,whole_cell_figure_5,heldout_candidate,gp,151,57.0,0.017241379310344827,1.0
whole_cell,whole_cell_figure_5,heldout_candidate,gp,153,832.0,0.13207239523887168,1.0
whole_cell,whole_cell_figure_5,heldout_candidate,gp,155,70.0,0.01650078575170246,0.9
whole_cell,whole_cell_figure_5,heldout_candidate,gp,156,446.0,0.0729831451480936,1.0
whole_cell,whole_cell_figure_5,heldout_candidate,gp,158,56.0,0.003100088573959256,1.0
whole_cell,whole_cell_figure_5,heldout_candidate,gp,159,798.0,0.20939385987929676,1.0
whole_cell,whole_cell_figure_5,heldout_candidate,gp,160,200.0,0.0018650575973669775,0.17
whole_cell,whole_cell_figure_5,heldout_candidate,gp,163,714.0,0.11665575916230367,0.9985994397759104
whole_cell,whole_cell_figure_5,heldout_candidate,gp,165,257.0,0.08539560822586267,0.953307392996109
whole_cell,whole_cell_figure_5,heldout_candidate,gp,166,65.0,0.0,0.0
whole_cell,whole_cell_figure_5,heldout_candidate,gp,167,85.0,0.01722740170247264,1.0
whole_cell,whole_cell_figure_5,heldout_candidate,gp,168,739.0,0.12092947144493536,1.0
whole_cell,whole_cell_figure_5,heldout_candidate,gp,169,107.0,0.02168625861370085,1.0
whole_cell,whole_cell_figure_5,heldout_candidate,gp,171,956.0,0.1641765413017345,1.0
whole_cell,whole_cell_figure_5,heldout_candidate,gp,172,84.0,0.04254201680672269,1.0
whole_cell,whole_cell_figure_5,heldout_candidate,gp,174,828.0,0.14219474497681608,1.0
whole_cell,whole_cell_figure_5,heldout_candidate,gp,178,596.0,0.20861043052152609,1.0
whole_cell,whole_cell_figure_5,heldout_candidate,gp,180,963.0,0.16517857142857142,1.0
whole_cell,whole_cell_figure_5,heldout_candidate,gp,182,229.0,0.04221546774738264,0.7467248908296943
whole_cell,whole_cell_figure_5,heldout_candidate,gp,183,608.0,0.188136826783115,0.9884868421052632
whole_cell,whole_cell_figure_5,heldout_candidate,gp,185,216.0,0.08129469326307866,1.0
whole_cell,whole_cell_figure_5,heldout_candidate,gp,186,240.0,0.09032743695897628,1.0
whole_cell,whole_cell_figure_5,heldout_candidate,gp,187,63.0,0.023710952201731274,1.0
whole_cell,whole_cell_figure_5,heldout_candidate,gp,188,612.0,0.2252623688155922,0.9950980392156863
whole_cell,whole_cell_figure_5,heldout_candidate,gp,189,98.0,0.036883703424915315,1.0
whole_cell,whole_cell_figure_5,heldout_candidate,gp,193,97.0,0.0047427946005107625,0.13402061855670103
whole_cell,whole_cell_figure_5,heldout_candidate,gp,199,165.0,0.03413322300372362,1.0
whole_cell,whole_cell_figure_5,heldout_candidate,gp,200,620.0,0.15909674108288427,1.0
whole_cell,whole_cell_figure_5,heldout_candidate,gp,202,1549.0,0.2427899686520376,1.0
whole_cell,whole_cell_figure_5,heldout_candidate,gp,205,1300.0,0.20376175548589343,1.0
whole_cell,whole_cell_figure_5,heldout_candidate,gp,206,510.0,0.09981477670302531,1.0
whole_cell,whole_cell_figure_5,heldout_candidate,gp,207,154.0,0.0,0.0
whole_cell,whole_cell_figure_5,heldout_candidate,gp,209,162.0,0.014022331861854065,1.0
whole_cell,whole_cell_figure_5,heldout_candidate,gp,214,64.0,0.0,0.0
whole_cell,whole_cell_figure_5,heldout_candidate,gp,217,1209.0,0.23604060913705585,1.0
whole_cell,whole_cell_figure_5,heldout_candidate,gp,219,266.0,0.0,0.0
whole_cell,whole_cell_figure_5,heldout_candidate,gp,223,1062.0,0.207340882467786,1.0
whole_cell,whole_cell_figure_5,heldout_candidate,gp,224,130.0,0.0,0.0
whole_cell,whole_cell_figure_5,heldout_candidate,gp,225,100.0,0.02068680182043856,1.0
whole_cell,whole_cell_figure_5,heldout_candidate,gp,226,71.0,0.0,0.0
whole_cell,whole_cell_figure_5,heldout_candidate,gp,229,96.0,0.0,0.0
whole_cell,whole_cell_figure_5,heldout_candidate,gp,230,420.0,0.1600609756097561,0.9809523809523809
whole_cell,whole_cell_figure_5,heldout_candidate,gp,233,1126.0,0.10556909806862928,1.0
whole_cell,whole_cell_figure_5,heldout_candidate,gp,234,236.0,0.020427594564182465,1.0
whole_cell,whole_cell_figure_5,heldout_candidate,gp,236,906.0,0.08494280892555785,1.0
whole_cell,whole_cell_figure_5,heldout_candidate,gp,238,1788.0,0.16763547721732608,1.0
whole_cell,whole_cell_figure_5,heldout_candidate,gp,239,140.0,0.0599058622165169,1.0
whole_cell,whole_cell_figure_5,heldout_candidate,gp,240,106.0,0.009175106033065004,1.0
whole_cell,whole_cell_figure_5,heldout_candidate,gp,241,93.0,0.008719294955934745,1.0
whole_cell,whole_cell_figure_5,heldout_candidate,gp,242,203.0,0.01903243952747047,1.0
whole_cell,whole_cell_figure_5,heldout_candidate,gp,243,572.0,0.0,0.0
whole_cell,whole_cell_figure_5,heldout_candidate,gp,244,78.0,0.06782608695652174,1.0
whole_cell,whole_cell_figure_5,heldout_candidate,gp,245,587.0,0.01751739166876205,0.35604770017035775
whole_cell,whole_cell_figure_5,heldout_candidate,gp,246,86.0,0.008063003937746109,1.0
whole_cell,whole_cell_figure_5,heldout_candidate,gp,247,63.0,0.0,0.0
whole_cell,whole_cell_figure_5,heldout_candidate,gp,248,66.0,0.04694167852062589,1.0
whole_cell,whole_cell_figure_5,heldout_candidate,gp,249,84.0,0.07304347826086957,1.0
whole_cell,whole_cell_figure_5,heldout_candidate,gp,250,144.0,0.12521739130434784,1.0
whole_cell,whole_cell_figure_5,heldout_candidate,gp,251,92.0,0.08,1.0
whole_cell,whole_cell_figure_5,heldout_candidate,gp,252,38.0,0.0,0.0
whole_cell,whole_cell_figure_5,heldout_candidate,gp,253,52.0,0.004028103044496487,0.8269230769230769
whole_cell,whole_cell_figure_5,heldout_candidate,gp,254,79.0,0.0561877667140825,1.0
whole_cell,whole_cell_figure_5,heldout_candidate,gp,257,126.0,0.0,0.0
whole_cell,whole_cell_figure_5,heldout_candidate,gp,258,27.0,0.0,0.0
whole_cell,whole_cell_figure_5,heldout_candidate,gp,260,60.0,0.008381924198250729,1.0
whole_cell,whole_cell_figure_5,heldout_candidate,qep_q2,1,118.0,0.0,0.0
whole_cell,whole_cell_figure_5,heldout_candidate,qep_q2,3,21.0,0.03271028037383177,1.0
whole_cell,whole_cell_figure_5,heldout_candidate,qep_q2,4,418.0,0.1345899470899471,0.9736842105263158
whole_cell,whole_cell_figure_5,heldout_candidate,qep_q2,8,817.0,0.19663056558363418,1.0
whole_cell,whole_cell_figure_5,heldout_candidate,qep_q2,10,390.0,0.07744241461477364,1.0
whole_cell,whole_cell_figure_5,heldout_candidate,qep_q2,11,476.0,0.15798207766345834,1.0
whole_cell,whole_cell_figure_5,heldout_candidate,qep_q2,13,1031.0,0.24813477737665462,1.0
whole_cell,whole_cell_figure_5,heldout_candidate,qep_q2,14,1178.0,0.23367083581496922,0.9991511035653651
whole_cell,whole_cell_figure_5,heldout_candidate,qep_q2,15,615.0,0.20411549950215732,1.0
whole_cell,whole_cell_figure_5,heldout_candidate,qep_q2,18,111.0,0.036840358446730836,1.0
whole_cell,whole_cell_figure_5,heldout_candidate,qep_q2,19,459.0,0.12466051059206952,1.0
whole_cell,whole_cell_figure_5,heldout_candidate,qep_q2,21,826.0,0.16401906274821287,1.0
whole_cell,whole_cell_figure_5,heldout_candidate,qep_q2,22,76.0,0.0031173365476536846,0.9868421052631579
whole_cell,whole_cell_figure_5,heldout_candidate,qep_q2,24,104.0,0.0345170925987388,1.0
whole_cell,whole_cell_figure_5,heldout_candidate,qep_q2,25,4110.0,0.17083714356970653,1.0
whole_cell,whole_cell_figure_5,heldout_candidate,qep_q2,27,251.0,0.06816947311243889,1.0
whole_cell,whole_cell_figure_5,heldout_candidate,qep_q2,29,51.0,0.018091521816246896,1.0
whole_cell,whole_cell_figure_5,heldout_candidate,qep_q2,30,209.0,0.06936608031861932,1.0
whole_cell,whole_cell_figure_5,heldout_candidate,qep_q2,31,527.0,0.14312873438348722,1.0
whole_cell,whole_cell_figure_5,heldout_candidate,qep_q2,33,5930.0,0.2464876548341508,1.0
whole_cell,whole_cell_figure_5,heldout_candidate,qep_q2,35,765.0,0.20126282557221783,1.0
whole_cell,whole_cell_figure_5,heldout_candidate,qep_q2,37,66.0,0.013105639396346307,1.0
whole_cell,whole_cell_figure_5,heldout_candidate,qep_q2,38,495.0,0.13443780554046714,1.0
whole_cell,whole_cell_figure_5,heldout_candidate,qep_q2,39,176.0,0.03774442928603911,0.9431818181818182
whole_cell,whole_cell_figure_5,heldout_candidate,qep_q2,42,193.0,0.019952444949860437,1.0
whole_cell,whole_cell_figure_5,heldout_candidate,qep_q2,43,86.0,0.018506563374219926,1.0
whole_cell,whole_cell_figure_5,heldout_candidate,qep_q2,45,81.0,0.014797223237120936,1.0
whole_cell,whole_cell_figure_5,heldout_candidate,qep_q2,47,435.0,0.09178023850085179,0.9908045977011494
whole_cell,whole_cell_figure_5,heldout_candidate,qep_q2,50,60.0,0.01578531965272297,1.0
whole_cell,whole_cell_figure_5,heldout_candidate,qep_q2,51,833.0,0.17753623188405798,1.0
whole_cell,whole_cell_figure_5,heldout_candidate,qep_q2,54,196.0,0.041773231031543054,1.0
whole_cell,whole_cell_figure_5,heldout_candidate,qep_q2,57,66.0,0.009198606271777003,1.0
whole_cell,whole_cell_figure_5,heldout_candidate,qep_q2,61,524.0,0.08294709924884129,0.9904580152671756
whole_cell,whole_cell_figure_5,heldout_candidate,qep_q2,63,255.0,0.04147690305790501,1.0
whole_cell,whole_cell_figure_5,heldout_candidate,qep_q2,64,94.0,0.016992046276211134,1.0
whole_cell,whole_cell_figure_5,heldout_candidate,qep_q2,66,132.0,0.02386117136659436,1.0
whole_cell,whole_cell_figure_5,heldout_candidate,qep_q2,67,57.0,0.009117082533589251,1.0
whole_cell,whole_cell_figure_5,heldout_candidate,qep_q2,70,325.0,0.2050098879367172,0.9569230769230769
whole_cell,whole_cell_figure_5,heldout_candidate,qep_q2,73,769.0,0.13695416817033562,0.9869960988296489
whole_cell,whole_cell_figure_5,heldout_candidate,qep_q2,75,564.0,0.1019522776572668,1.0
whole_cell,whole_cell_figure_5,heldout_candidate,qep_q2,76,788.0,0.1391492429704398,0.9822335025380711
whole_cell,whole_cell_figure_5,heldout_candidate,qep_q2,77,365.0,0.08202247191011236,1.0
whole_cell,whole_cell_figure_5,heldout_candidate,qep_q2,79,316.0,0.0950650923402967,0.9936708860759493
whole_cell,whole_cell_figure_5,heldout_candidate,qep_q2,81,231.0,0.051910112359550564,1.0
whole_cell,whole_cell_figure_5,heldout_candidate,qep_q2,84,88.0,0.0,0.0
whole_cell,whole_cell_figure_5,heldout_candidate,qep_q2,85,784.0,0.14890788224121557,1.0
whole_cell,whole_cell_figure_5,heldout_candidate,qep_q2,90,543.0,0.10250569476082004,0.994475138121547
whole_cell,whole_cell_figure_5,heldout_candidate,qep_q2,91,460.0,0.08736942070275404,1.0
whole_cell,whole_cell_figure_5,heldout_candidate,qep_q2,92,842.0,0.15992402659069327,1.0
whole_cell,whole_cell_figure_5,heldout_candidate,qep_q2,94,68.0,0.029184549356223177,1.0
whole_cell,whole_cell_figure_5,heldout_candidate,qep_q2,95,465.0,0.11000641436818473,0.7376344086021506
whole_cell,whole_cell_figure_5,heldout_candidate,qep_q2,97,287.0,0.09579439252336448,1.0
whole_cell,whole_cell_figure_5,heldout_candidate,qep_q2,98,103.0,0.035093696763202724,1.0
whole_cell,whole_cell_figure_5,heldout_candidate,qep_q2,99,441.0,0.14719626168224298,1.0
whole_cell,whole_cell_figure_5,heldout_candidate,qep_q2,100,61.0,0.013707865168539326,1.0
whole_cell,whole_cell_figure_5,heldout_candidate,qep_q2,101,908.0,0.22767295597484277,0.9218061674008811
whole_cell,whole_cell_figure_5,heldout_candidate,qep_q2,102,312.0,0.1041388518024032,1.0
whole_cell,whole_cell_figure_5,heldout_candidate,qep_q2,103,406.0,0.18704284221525602,0.8817733990147784
whole_cell,whole_cell_figure_5,heldout_candidate,qep_q2,107,240.0,0.02531645569620253,0.4
whole_cell,whole_cell_figure_5,heldout_candidate,qep_q2,114,124.0,0.0,0.0
whole_cell,whole_cell_figure_5,heldout_candidate,qep_q2,117,218.0,0.0855908912446015,1.0
whole_cell,whole_cell_figure_5,heldout_candidate,qep_q2,118,393.0,0.0528367840817424,1.0
whole_cell,whole_cell_figure_5,heldout_candidate,qep_q2,119,132.0,0.05182567726737338,1.0
whole_cell,whole_cell_figure_5,heldout_candidate,qep_q2,120,255.0,0.03428340951868782,1.0
whole_cell,whole_cell_figure_5,heldout_candidate,qep_q2,124,161.0,0.027131782945736434,1.0
whole_cell,whole_cell_figure_5,heldout_candidate,qep_q2,129,107.0,0.0439651596847781,0.9906542056074766
whole_cell,whole_cell_figure_5,heldout_candidate,qep_q2,130,282.0,0.11701244813278008,1.0
whole_cell,whole_cell_figure_5,heldout_candidate,qep_q2,131,321.0,0.09590690208667736,0.7445482866043613
whole_cell,whole_cell_figure_5,heldout_candidate,qep_q2,132,68.0,0.0,0.0
whole_cell,whole_cell_figure_5,heldout_candidate,qep_q2,133,298.0,0.07678518075888856,0.9429530201342282
whole_cell,whole_cell_figure_5,heldout_candidate,qep_q2,134,453.0,0.17722039473684212,0.9514348785871964
whole_cell,whole_cell_figure_5,heldout_candidate,qep_q2,135,218.0,0.0,0.0
whole_cell,whole_cell_figure_5,heldout_candidate,qep_q2,137,416.0,0.06807396498118147,1.0
whole_cell,whole_cell_figure_5,heldout_candidate,qep_q2,140,133.0,0.03329994992488733,1.0
whole_cell,whole_cell_figure_5,heldout_candidate,qep_q2,141,72.0,0.01347557551937114,1.0
whole_cell,whole_cell_figure_5,heldout_candidate,qep_q2,142,94.0,0.0,0.0
whole_cell,whole_cell_figure_5,heldout_candidate,qep_q2,143,155.0,0.03880821231847772,1.0
whole_cell,whole_cell_figure_5,heldout_candidate,qep_q2,144,241.0,0.06034051076614922,1.0
whole_cell,whole_cell_figure_5,heldout_candidate,qep_q2,145,59.0,0.003266164747564216,1.0
whole_cell,whole_cell_figure_5,heldout_candidate,qep_q2,146,144.0,0.059311489008710076,0.9930555555555556
whole_cell,whole_cell_figure_5,heldout_candidate,qep_q2,147,165.0,0.0,0.0
whole_cell,whole_cell_figure_5,heldout_candidate,qep_q2,148,175.0,0.021284471589857485,0.6571428571428571
whole_cell,whole_cell_figure_5,heldout_candidate,qep_q2,151,57.0,0.017241379310344827,1.0
whole_cell,whole_cell_figure_5,heldout_candidate,qep_q2,153,832.0,0.13207239523887168,1.0
whole_cell,whole_cell_figure_5,heldout_candidate,qep_q2,155,70.0,0.01650078575170246,0.9
whole_cell,whole_cell_figure_5,heldout_candidate,qep_q2,156,446.0,0.0729831451480936,1.0
whole_cell,whole_cell_figure_5,heldout_candidate,qep_q2,158,56.0,0.003100088573959256,1.0
whole_cell,whole_cell_figure_5,heldout_candidate,qep_q2,159,798.0,0.20939385987929676,1.0
whole_cell,whole_cell_figure_5,heldout_candidate,qep_q2,160,200.0,0.0018650575973669775,0.17
whole_cell,whole_cell_figure_5,heldout_candidate,qep_q2,163,714.0,0.11665575916230367,0.9985994397759104
whole_cell,whole_cell_figure_5,heldout_candidate,qep_q2,165,257.0,0.08539560822586267,0.953307392996109
whole_cell,whole_cell_figure_5,heldout_candidate,qep_q2,166,65.0,0.0,0.0
whole_cell,whole_cell_figure_5,heldout_candidate,qep_q2,167,85.0,0.01722740170247264,1.0
whole_cell,whole_cell_figure_5,heldout_candidate,qep_q2,168,739.0,0.12092947144493536,1.0
whole_cell,whole_cell_figure_5,heldout_candidate,qep_q2,169,107.0,0.02168625861370085,1.0
whole_cell,whole_cell_figure_5,heldout_candidate,qep_q2,171,956.0,0.1641765413017345,1.0
whole_cell,whole_cell_figure_5,heldout_candidate,qep_q2,172,84.0,0.04254201680672269,1.0
whole_cell,whole_cell_figure_5,heldout_candidate,qep_q2,174,828.0,0.14219474497681608,1.0
whole_cell,whole_cell_figure_5,heldout_candidate,qep_q2,178,596.0,0.20861043052152609,1.0
whole_cell,whole_cell_figure_5,heldout_candidate,qep_q2,180,963.0,0.16517857142857142,1.0
whole_cell,whole_cell_figure_5,heldout_candidate,qep_q2,182,229.0,0.04221546774738264,0.7467248908296943
whole_cell,whole_cell_figure_5,heldout_candidate,qep_q2,183,608.0,0.188136826783115,0.9884868421052632
whole_cell,whole_cell_figure_5,heldout_candidate,qep_q2,185,216.0,0.08129469326307866,1.0
whole_cell,whole_cell_figure_5,heldout_candidate,qep_q2,186,240.0,0.09032743695897628,1.0
whole_cell,whole_cell_figure_5,heldout_candidate,qep_q2,187,63.0,0.023710952201731274,1.0
whole_cell,whole_cell_figure_5,heldout_candidate,qep_q2,188,612.0,0.2252623688155922,0.9950980392156863
whole_cell,whole_cell_figure_5,heldout_candidate,qep_q2,189,98.0,0.036883703424915315,1.0
whole_cell,whole_cell_figure_5,heldout_candidate,qep_q2,193,97.0,0.0047427946005107625,0.13402061855670103
whole_cell,whole_cell_figure_5,heldout_candidate,qep_q2,199,165.0,0.03413322300372362,1.0
whole_cell,whole_cell_figure_5,heldout_candidate,qep_q2,200,620.0,0.15909674108288427,1.0
whole_cell,whole_cell_figure_5,heldout_candidate,qep_q2,202,1549.0,0.2427899686520376,1.0
whole_cell,whole_cell_figure_5,heldout_candidate,qep_q2,205,1300.0,0.20376175548589343,1.0
whole_cell,whole_cell_figure_5,heldout_candidate,qep_q2,206,510.0,0.09981477670302531,1.0
whole_cell,whole_cell_figure_5,heldout_candidate,qep_q2,207,154.0,0.0,0.0
whole_cell,whole_cell_figure_5,heldout_candidate,qep_q2,209,162.0,0.014022331861854065,1.0
whole_cell,whole_cell_figure_5,heldout_candidate,qep_q2,214,64.0,0.0,0.0
whole_cell,whole_cell_figure_5,heldout_candidate,qep_q2,217,1209.0,0.23604060913705585,1.0
whole_cell,whole_cell_figure_5,heldout_candidate,qep_q2,219,266.0,0.0,0.0
whole_cell,whole_cell_figure_5,heldout_candidate,qep_q2,223,1062.0,0.207340882467786,1.0
whole_cell,whole_cell_figure_5,heldout_candidate,qep_q2,224,130.0,0.0,0.0
whole_cell,whole_cell_figure_5,heldout_candidate,qep_q2,225,100.0,0.02068680182043856,1.0
whole_cell,whole_cell_figure_5,heldout_candidate,qep_q2,226,71.0,0.0,0.0
whole_cell,whole_cell_figure_5,heldout_candidate,qep_q2,229,96.0,0.0,0.0
whole_cell,whole_cell_figure_5,heldout_candidate,qep_q2,230,420.0,0.1600609756097561,0.9809523809523809
whole_cell,whole_cell_figure_5,heldout_candidate,qep_q2,233,1126.0,0.10556909806862928,1.0
whole_cell,whole_cell_figure_5,heldout_candidate,qep_q2,234,236.0,0.020427594564182465,1.0
whole_cell,whole_cell_figure_5,heldout_candidate,qep_q2,236,906.0,0.08494280892555785,1.0
whole_cell,whole_cell_figure_5,heldout_candidate,qep_q2,238,1788.0,0.16763547721732608,1.0
whole_cell,whole_cell_figure_5,heldout_candidate,qep_q2,239,140.0,0.0599058622165169,1.0
whole_cell,whole_cell_figure_5,heldout_candidate,qep_q2,240,106.0,0.009175106033065004,1.0
whole_cell,whole_cell_figure_5,heldout_candidate,qep_q2,241,93.0,0.008719294955934745,1.0
whole_cell,whole_cell_figure_5,heldout_candidate,qep_q2,242,203.0,0.01903243952747047,1.0
whole_cell,whole_cell_figure_5,heldout_candidate,qep_q2,243,572.0,0.0,0.0
whole_cell,whole_cell_figure_5,heldout_candidate,qep_q2,244,78.0,0.06782608695652174,1.0
whole_cell,whole_cell_figure_5,heldout_candidate,qep_q2,245,587.0,0.01751739166876205,0.35604770017035775
whole_cell,whole_cell_figure_5,heldout_candidate,qep_q2,246,86.0,0.008063003937746109,1.0
whole_cell,whole_cell_figure_5,heldout_candidate,qep_q2,247,63.0,0.0,0.0
whole_cell,whole_cell_figure_5,heldout_candidate,qep_q2,248,66.0,0.04694167852062589,1.0
whole_cell,whole_cell_figure_5,heldout_candidate,qep_q2,249,84.0,0.07304347826086957,1.0
whole_cell,whole_cell_figure_5,heldout_candidate,qep_q2,250,144.0,0.12521739130434784,1.0
whole_cell,whole_cell_figure_5,heldout_candidate,qep_q2,251,92.0,0.08,1.0
whole_cell,whole_cell_figure_5,heldout_candidate,qep_q2,252,38.0,0.0,0.0
whole_cell,whole_cell_figure_5,heldout_candidate,qep_q2,253,52.0,0.004028103044496487,0.8269230769230769
whole_cell,whole_cell_figure_5,heldout_candidate,qep_q2,254,79.0,0.0561877667140825,1.0
whole_cell,whole_cell_figure_5,heldout_candidate,qep_q2,257,126.0,0.0,0.0
whole_cell,whole_cell_figure_5,heldout_candidate,qep_q2,258,27.0,0.0,0.0
whole_cell,whole_cell_figure_5,heldout_candidate,qep_q2,260,60.0,0.008381924198250729,1.0
whole_cell,whole_cell_figure_5,heldout_candidate,qep_q1.5,1,92.0,0.0,0.0
whole_cell,whole_cell_figure_5,heldout_candidate,qep_q1.5,2,56.0,0.0,0.0
whole_cell,whole_cell_figure_5,heldout_candidate,qep_q1.5,5,22.0,0.03426791277258567,1.0
whole_cell,whole_cell_figure_5,heldout_candidate,qep_q1.5,6,426.0,0.13610835811034028,0.9671361502347418
whole_cell,whole_cell_figure_5,heldout_candidate,qep_q1.5,9,844.0,0.20254991580466683,0.9976303317535545
whole_cell,whole_cell_figure_5,heldout_candidate,qep_q1.5,10,61.0,0.0025355391138082964,1.0
whole_cell,whole_cell_figure_5,heldout_candidate,qep_q1.5,11,426.0,0.0845909451945989,1.0
whole_cell,whole_cell_figure_5,heldout_candidate,qep_q1.5,12,491.0,0.16296050448058413,1.0
whole_cell,whole_cell_figure_5,heldout_candidate,qep_q1.5,14,868.0,0.17189360857483127,0.9976958525345622
whole_cell,whole_cell_figure_5,heldout_candidate,qep_q1.5,15,651.0,0.2160637238632592,1.0
whole_cell,whole_cell_figure_5,heldout_candidate,qep_q1.5,17,39.0,0.0,0.0
whole_cell,whole_cell_figure_5,heldout_candidate,qep_q1.5,19,362.0,0.07188244638602065,1.0
whole_cell,whole_cell_figure_5,heldout_candidate,qep_q1.5,20,125.0,0.0414868901427149,1.0
whole_cell,whole_cell_figure_5,heldout_candidate,qep_q1.5,21,488.0,0.13192182410423453,1.0
whole_cell,whole_cell_figure_5,heldout_candidate,qep_q1.5,23,776.0,0.15409054805401112,1.0
whole_cell,whole_cell_figure_5,heldout_candidate,qep_q1.5,24,83.0,0.003408287958768029,0.9879518072289156
whole_cell,whole_cell_figure_5,heldout_candidate,qep_q1.5,26,4245.0,0.17644858259206916,1.0
whole_cell,whole_cell_figure_5,heldout_candidate,qep_q1.5,27,273.0,0.0741444866920152,1.0
whole_cell,whole_cell_figure_5,heldout_candidate,qep_q1.5,28,151.0,0.0501161632923996,1.0
whole_cell,whole_cell_figure_5,heldout_candidate,qep_q1.5,30,72.0,0.02554097197587797,1.0
whole_cell,whole_cell_figure_5,heldout_candidate,qep_q1.5,31,213.0,0.07069366080318619,1.0
whole_cell,whole_cell_figure_5,heldout_candidate,qep_q1.5,32,529.0,0.143671917436176,1.0
whole_cell,whole_cell_figure_5,heldout_candidate,qep_q1.5,36,109.0,0.02164416203335981,1.0
whole_cell,whole_cell_figure_5,heldout_candidate,qep_q1.5,38,521.0,0.14149918522542096,1.0
whole_cell,whole_cell_figure_5,heldout_candidate,qep_q1.5,39,191.0,0.040918390543305296,0.9424083769633508
whole_cell,whole_cell_figure_5,heldout_candidate,qep_q1.5,42,101.0,0.02173445233483968,1.0
whole_cell,whole_cell_figure_5,heldout_candidate,qep_q1.5,44,91.0,0.016624040920716114,1.0
whole_cell,whole_cell_figure_5,heldout_candidate,qep_q1.5,48,604.0,0.21030640668523676,1.0
whole_cell,whole_cell_figure_5,heldout_candidate,qep_q1.5,49,86.0,0.022625624835569586,1.0
whole_cell,whole_cell_figure_5,heldout_candidate,qep_q1.5,53,211.0,0.04497016197783461,1.0
whole_cell,whole_cell_figure_5,heldout_candidate,qep_q1.5,54,56.0,0.009108653220559532,1.0
whole_cell,whole_cell_figure_5,heldout_candidate,qep_q1.5,56,152.0,0.02118466898954704,1.0
whole_cell,whole_cell_figure_5,heldout_candidate,qep_q1.5,60,268.0,0.04342169458448528,0.996268656716418
whole_cell,whole_cell_figure_5,heldout_candidate,qep_q1.5,61,109.0,0.01970354302241504,1.0
whole_cell,whole_cell_figure_5,heldout_candidate,qep_q1.5,63,577.0,0.17337367624810893,0.9930675909878682
whole_cell,whole_cell_figure_5,heldout_candidate,qep_q1.5,64,162.0,0.02928416485900217,1.0
whole_cell,whole_cell_figure_5,heldout_candidate,qep_q1.5,65,62.0,0.009916826615483045,1.0
whole_cell,whole_cell_figure_5,heldout_candidate,qep_q1.5,68,722.0,0.2187215995152984,1.0
whole_cell,whole_cell_figure_5,heldout_candidate,qep_q1.5,69,328.0,0.2053982883475971,0.9512195121951219
whole_cell,whole_cell_figure_5,heldout_candidate,qep_q1.5,71,803.0,0.1424706943192065,0.9838107098381071
whole_cell,whole_cell_figure_5,heldout_candidate,qep_q1.5,74,528.0,0.09544468546637744,1.0
whole_cell,whole_cell_figure_5,heldout_candidate,qep_q1.5,75,408.0,0.07065609228550829,0.9656862745098039
whole_cell,whole_cell_figure_5,heldout_candidate,qep_q1.5,76,465.0,0.08405639913232105,1.0
whole_cell,whole_cell_figure_5,heldout_candidate,qep_q1.5,78,352.0,0.10562953995157386,0.9914772727272727
whole_cell,whole_cell_figure_5,heldout_candidate,qep_q1.5,80,95.0,0.015452179570592063,1.0
whole_cell,whole_cell_figure_5,heldout_candidate,qep_q1.5,82,97.0,0.0,0.0
whole_cell,whole_cell_figure_5,heldout_candidate,qep_q1.5,84,822.0,0.15612535612535614,1.0
whole_cell,whole_cell_figure_5,heldout_candidate,qep_q1.5,87,523.0,0.098292220113852,0.9904397705544933
whole_cell,whole_cell_figure_5,heldout_candidate,qep_q1.5,89,492.0,0.09344729344729345,1.0
whole_cell,whole_cell_figure_5,heldout_candidate,qep_q1.5,90,893.0,0.16961063627730294,1.0
whole_cell,whole_cell_figure_5,heldout_candidate,qep_q1.5,91,81.0,0.03476394849785408,1.0
whole_cell,whole_cell_figure_5,heldout_candidate,qep_q1.5,92,780.0,0.21219903691813805,0.8474358974358974
whole_cell,whole_cell_figure_5,heldout_candidate,qep_q1.5,94,376.0,0.12550066755674233,1.0
whole_cell,whole_cell_figure_5,heldout_candidate,qep_q1.5,96,58.0,0.01303370786516854,1.0
whole_cell,whole_cell_figure_5,heldout_candidate,qep_q1.5,97,357.0,0.1191588785046729,1.0
whole_cell,whole_cell_figure_5,heldout_candidate,qep_q1.5,99,134.0,0.060445387062566275,0.8507462686567164
whole_cell,whole_cell_figure_5,heldout_candidate,qep_q1.5,101,245.0,0.08347529812606473,1.0
whole_cell,whole_cell_figure_5,heldout_candidate,qep_q1.5,103,231.0,0.02392578125,0.38095238095238093
whole_cell,whole_cell_figure_5,heldout_candidate,qep_q1.5,109,127.0,0.0,0.0
whole_cell,whole_cell_figure_5,heldout_candidate,qep_q1.5,112,409.0,0.05498789997311105,1.0
whole_cell,whole_cell_figure_5,heldout_candidate,qep_q1.5,113,247.0,0.09697683549273656,1.0
whole_cell,whole_cell_figure_5,heldout_candidate,qep_q1.5,114,148.0,0.058107577542206516,1.0
whole_cell,whole_cell_figure_5,heldout_candidate,qep_q1.5,116,265.0,0.03562785695079322,1.0
whole_cell,whole_cell_figure_5,heldout_candidate,qep_q1.5,119,173.0,0.029154027637344117,1.0
whole_cell,whole_cell_figure_5,heldout_candidate,qep_q1.5,125,125.0,0.050559469539991714,0.976
whole_cell,whole_cell_figure_5,heldout_candidate,qep_q1.5,126,300.0,0.12448132780082988,1.0
whole_cell,whole_cell_figure_5,heldout_candidate,qep_q1.5,127,342.0,0.10168134507606084,0.7426900584795322
whole_cell,whole_cell_figure_5,heldout_candidate,qep_q1.5,128,308.0,0.07784073963614674,0.9318181818181818
whole_cell,whole_cell_figure_5,heldout_candidate,qep_q1.5,129,77.0,0.0,0.0
whole_cell,whole_cell_figure_5,heldout_candidate,qep_q1.5,130,430.0,0.16584564860426929,0.9395348837209302
whole_cell,whole_cell_figure_5,heldout_candidate,qep_q1.5,131,531.0,0.0,0.0
whole_cell,whole_cell_figure_5,heldout_candidate,qep_q1.5,132,59.0,0.01104248549504024,1.0
whole_cell,whole_cell_figure_5,heldout_candidate,qep_q1.5,133,402.0,0.06578301423662249,1.0
whole_cell,whole_cell_figure_5,heldout_candidate,qep_q1.5,136,239.0,0.059839759639459186,1.0
whole_cell,whole_cell_figure_5,heldout_candidate,qep_q1.5,137,67.0,0.012539771663859256,1.0
whole_cell,whole_cell_figure_5,heldout_candidate,qep_q1.5,138,232.0,0.05808713069604406,1.0
whole_cell,whole_cell_figure_5,heldout_candidate,qep_q1.5,139,66.0,0.003653675819309123,1.0
whole_cell,whole_cell_figure_5,heldout_candidate,qep_q1.5,140,134.0,0.05516383243467441,0.9925373134328358
whole_cell,whole_cell_figure_5,heldout_candidate,qep_q1.5,141,175.0,0.02052894396153135,0.6342857142857142
whole_cell,whole_cell_figure_5,heldout_candidate,qep_q1.5,143,62.0,0.018753781004234724,1.0
whole_cell,whole_cell_figure_5,heldout_candidate,qep_q1.5,145,924.0,0.14446071254270376,1.0
whole_cell,whole_cell_figure_5,heldout_candidate,qep_q1.5,147,460.0,0.07527409589265259,1.0
whole_cell,whole_cell_figure_5,heldout_candidate,qep_q1.5,148,74.0,0.01754845468831849,0.9054054054054054
whole_cell,whole_cell_figure_5,heldout_candidate,qep_q1.5,150,822.0,0.21569141957491472,1.0
whole_cell,whole_cell_figure_5,heldout_candidate,qep_q1.5,151,218.0,0.0031826163301141353,0.26605504587155965
whole_cell,whole_cell_figure_5,heldout_candidate,qep_q1.5,152,663.0,0.10776778413736714,0.9939668174962293
whole_cell,whole_cell_figure_5,heldout_candidate,qep_q1.5,156,70.0,0.0,0.0
whole_cell,whole_cell_figure_5,heldout_candidate,qep_q1.5,157,851.0,0.1392570774014073,1.0
whole_cell,whole_cell_figure_5,heldout_candidate,qep_q1.5,158,88.0,0.01783542764491285,1.0
whole_cell,whole_cell_figure_5,heldout_candidate,qep_q1.5,159,122.0,0.024726388325901905,1.0
whole_cell,whole_cell_figure_5,heldout_candidate,qep_q1.5,161,1038.0,0.17825862957238536,1.0
whole_cell,whole_cell_figure_5,heldout_candidate,qep_q1.5,163,774.0,0.13292117465224113,1.0
whole_cell,whole_cell_figure_5,heldout_candidate,qep_q1.5,166,636.0,0.22261113055652781,1.0
whole_cell,whole_cell_figure_5,heldout_candidate,qep_q1.5,168,1023.0,0.17527896995708153,1.0
whole_cell,whole_cell_figure_5,heldout_candidate,qep_q1.5,171,294.0,0.04614873837981408,0.7210884353741497
whole_cell,whole_cell_figure_5,heldout_candidate,qep_q1.5,172,673.0,0.19440459110473457,0.9717682020802377
whole_cell,whole_cell_figure_5,heldout_candidate,qep_q1.5,173,299.0,0.11253293187805796,1.0
whole_cell,whole_cell_figure_5,heldout_candidate,qep_q1.5,174,258.0,0.09627679578789018,0.9922480620155039
whole_cell,whole_cell_figure_5,heldout_candidate,qep_q1.5,175,104.0,0.03914188934888972,1.0
whole_cell,whole_cell_figure_5,heldout_candidate,qep_q1.5,176,632.0,0.22953271028037384,0.9920886075949367
whole_cell,whole_cell_figure_5,heldout_candidate,qep_q1.5,178,146.0,0.007186489399928135,0.136986301369863
whole_cell,whole_cell_figure_5,heldout_candidate,qep_q1.5,183,172.0,0.03558129913115432,1.0
whole_cell,whole_cell_figure_5,heldout_candidate,qep_q1.5,187,57.0,0.004933783432874578,1.0
whole_cell,whole_cell_figure_5,heldout_candidate,qep_q1.5,188,1367.0,0.21407302930575145,0.9992684711046086
whole_cell,whole_cell_figure_5,heldout_candidate,qep_q1.5,189,166.0,0.0,0.0
whole_cell,whole_cell_figure_5,heldout_candidate,qep_q1.5,192,179.0,0.015493811131307886,1.0
whole_cell,whole_cell_figure_5,heldout_candidate,qep_q1.5,197,75.0,0.0,0.0
whole_cell,whole_cell_figure_5,heldout_candidate,qep_q1.5,202,602.0,0.20997558423439136,1.0
whole_cell,whole_cell_figure_5,heldout_candidate,qep_q1.5,204,289.0,0.0,0.0
whole_cell,whole_cell_figure_5,heldout_candidate,qep_q1.5,205,647.0,0.1993174061433447,0.9768160741885626
whole_cell,whole_cell_figure_5,heldout_candidate,qep_q1.5,207,1050.0,0.20499804763764154,1.0
whole_cell,whole_cell_figure_5,heldout_candidate,qep_q1.5,208,158.0,0.0,0.0
whole_cell,whole_cell_figure_5,heldout_candidate,qep_q1.5,210,127.0,0.02627223831195697,1.0
whole_cell,whole_cell_figure_5,heldout_candidate,qep_q1.5,211,86.0,0.0,0.0
whole_cell,whole_cell_figure_5,heldout_candidate,qep_q1.5,213,103.0,0.0,0.0
whole_cell,whole_cell_figure_5,heldout_candidate,qep_q1.5,214,50.0,0.02139495079161318,1.0
whole_cell,whole_cell_figure_5,heldout_candidate,qep_q1.5,215,79.0,0.012668377164849262,1.0
whole_cell,whole_cell_figure_5,heldout_candidate,qep_q1.5,216,1154.0,0.10819426214138383,1.0
whole_cell,whole_cell_figure_5,heldout_candidate,qep_q1.5,217,282.0,0.024409244352116333,1.0
whole_cell,whole_cell_figure_5,heldout_candidate,qep_q1.5,219,974.0,0.09131820738796174,1.0
whole_cell,whole_cell_figure_5,heldout_candidate,qep_q1.5,221,1895.0,0.1776673542096381,1.0
whole_cell,whole_cell_figure_5,heldout_candidate,qep_q1.5,222,158.0,0.06760804450149764,1.0
whole_cell,whole_cell_figure_5,heldout_candidate,qep_q1.5,223,127.0,0.010992815718860903,1.0
whole_cell,whole_cell_figure_5,heldout_candidate,qep_q1.5,224,642.0,0.01990465835912018,0.3707165109034268
whole_cell,whole_cell_figure_5,heldout_candidate,qep_q1.5,225,242.0,0.022688918057378587,1.0
whole_cell,whole_cell_figure_5,heldout_candidate,qep_q1.5,226,602.0,0.0,0.0
whole_cell,whole_cell_figure_5,heldout_candidate,qep_q1.5,227,128.0,0.01200075004687793,1.0
whole_cell,whole_cell_figure_5,heldout_candidate,qep_q1.5,228,81.0,0.0,0.0
whole_cell,whole_cell_figure_5,heldout_candidate,qep_q1.5,230,100.0,0.08695652173913043,1.0
whole_cell,whole_cell_figure_5,heldout_candidate,qep_q1.5,231,40.0,0.0,0.0
whole_cell,whole_cell_figure_5,heldout_candidate,qep_q1.5,232,52.0,0.003934057699512926,0.8076923076923077
whole_cell,whole_cell_figure_5,heldout_candidate,qep_q1.5,233,171.0,0.12162162162162163,1.0
whole_cell,whole_cell_figure_5,heldout_candidate,qep_q1.5,236,129.0,0.0,0.0
whole_cell,whole_cell_figure_5,heldout_candidate,qep_q1.5,237,41.0,0.0,0.0
whole_cell,whole_cell_figure_5,heldout_candidate,qep_q1.5,239,55.0,0.023605150214592276,1.0
