test,q,lengthscale,outputscale,noise,mll,best_outputscale,best_mll,at_grid_edge
T1,1.0,0.15,1.0,0.1,-0.6142336812933181,,,
T1,1.2,0.15,1.0,0.1,-0.5352615353379644,,,
T1,1.5,0.15,1.0,0.1,-0.4196255775001078,,,
T1,1.8,0.15,1.0,0.1,-0.307330851084462,,,
T1,2.0,0.15,1.0,0.1,-0.23446235531557047,,,
T1,1.0,0.15,1.0,0.01,-0.25175187688911976,,,
T1,1.2,0.15,1.0,0.01,-0.11619734348481589,,,
T1,1.5,0.15,1.0,0.01,0.07197443865777217,,,
T1,1.8,0.15,1.0,0.01,0.23405511788957992,,,
T1,2.0,0.15,1.0,0.01,0.32098242486723016,,,
T1,1.0,0.15,1.0,0.001,-0.13380770510563966,,,
T1,1.2,0.15,1.0,0.001,0.02835979777957274,,,
T1,1.5,0.15,1.0,0.001,0.19250061642765467,,,
T1,1.8,0.15,1.0,0.001,0.1836484180197652,,,
T1,2.0,0.15,1.0,0.001,0.00535210055284061,,,
T1,1.0,0.15,1.0,0.0001,-0.17777090465498394,,,
T1,1.2,0.15,1.0,0.0001,-0.042632043212581294,,,
T1,1.5,0.15,1.0,0.0001,-0.06464569136796791,,,
T1,1.8,0.15,1.0,0.0001,-0.6564181927445087,,,
T1,2.0,0.15,1.0,0.0001,-1.6993896707372609,,,
T1,1.0,0.15,1.0,1e-05,-0.2172226172931328,,,
T1,1.2,0.15,1.0,1e-05,-0.10484835256216005,,,
T1,1.5,0.15,1.0,1e-05,-0.24540864478292193,,,
T1,1.8,0.15,1.0,1e-05,-1.2068404871475227,,,
T1,2.0,0.15,1.0,1e-05,-2.821740336651267,,,
T1,1.0,0.15,1.0,1e-06,-0.2235758182212308,,,
T1,1.2,0.15,1.0,1e-06,-0.11503943750149315,,,
T1,1.5,0.15,1.0,1e-06,-0.2750350481212129,,,
T1,1.8,0.15,1.0,1e-06,-1.297671548689007,,,
T1,2.0,0.15,1.0,1e-06,-3.0087717439210824,,,
T1,1.0,0.15,1.0,1e-08,-0.22431899251845716,,,
T1,1.2,0.15,1.0,1e-08,-0.11623485966490285,,,
T1,1.5,0.15,1.0,1e-08,-0.27851410118102293,,,
T1,1.8,0.15,1.0,1e-08,-1.3083540107002403,,,
T1,2.0,0.15,1.0,1e-08,-3.030802490766887,,,
T1,1.0,0.15,1.0,1e-10,-0.2243264716831515,,,
T1,1.2,0.15,1.0,1e-10,-0.1162468937035765,,,
T1,1.5,0.15,1.0,1e-10,-0.27854912847626084,,,
T1,1.8,0.15,1.0,1e-10,-1.3084615799678168,,,
T1,2.0,0.15,1.0,1e-10,-3.0310243706524855,,,
T2,1.0,0.15,,0.1,,1.0,-0.6142336812933181,False
T2,1.0,0.15,,0.01,,0.12589254117941687,-0.09732581956200423,False
T2,1.0,0.15,,0.001,,0.01995262314968879,0.30649334821077223,False
T2,1.0,0.15,,0.0001,,0.005011872336272725,0.41011379336128295,False
T2,1.0,0.15,,1e-06,,0.19952623149688828,-0.10891775526506783,False
T2,1.0,0.15,,1e-08,,0.25118864315095824,-0.11586414690875628,False
T2,1.2,0.15,,0.1,,0.6309573444801942,-0.5312616845534514,False
T2,1.2,0.15,,0.01,,0.1,0.059187166871465725,False
T2,1.2,0.15,,0.001,,0.025118864315095822,0.41988366002935623,False
T2,1.2,0.15,,0.0001,,0.039810717055349776,0.18222393266830164,False
T2,1.2,0.15,,1e-06,,0.7943282347242822,-0.10900424018616235,False
T2,1.2,0.15,,1e-08,,0.7943282347242822,-0.11075195597163354,False
T2,1.5,0.15,,0.1,,0.39810717055349776,-0.39349581545535417,False
T2,1.5,0.15,,0.01,,0.12589254117941687,0.25510746613957036,False
T2,1.5,0.15,,0.001,,0.07943282347242822,0.381315491541374,False
T2,1.5,0.15,,0.0001,,1.584893192461114,-0.04430924439074193,False
T2,1.5,0.15,,1e-06,,2.5118864315095824,-0.10496044756568379,False
T2,1.5,0.15,,1e-08,,2.5118864315095824,-0.1055567233251213,False
T2,1.8,0.15,,0.1,,0.25118864315095824,-0.24786861189686454,False
T2,1.8,0.15,,0.01,,0.15848931924611143,0.3866556162280195,False
T2,1.8,0.15,,0.001,,0.7943282347242822,0.18520717069662934,False
T2,1.8,0.15,,0.0001,,5.011872336272725,-0.07600830936683414,False
T2,1.8,0.15,,1e-06,,6.309573444801943,-0.10080796062981193,False
T2,1.8,0.15,,1e-08,,6.309573444801943,-0.10101786040507017,False
T2,2.0,0.15,,0.1,,0.25118864315095824,-0.15417327515392332,False
T2,2.0,0.15,,0.01,,0.25118864315095824,0.4335320694750269,False
T2,2.0,0.15,,0.001,,2.5118864315095824,0.08683034358955695,False
T2,2.0,0.15,,0.0001,,7.943282347242821,-0.08217532330426813,False
T2,2.0,0.15,,1e-06,,10.0,-0.10012857829481411,False
T2,2.0,0.15,,1e-08,,10.0,-0.10024674355458921,False
T3,1.0,0.001,0.0001,1e-10,-5.105287964613081,,,
T3,1.0,0.001,0.0001,1e-09,-5.105264511244686,,,
T3,1.0,0.001,0.0001,1e-08,-5.105029995530208,,,
T3,1.0,0.001,0.0001,1e-07,-5.102686633818934,,,
T3,1.0,0.001,0.0001,1e-06,-5.079431060106119,,,
T3,1.0,0.001,0.0001,1e-05,-4.863300892131455,,,
T3,1.0,0.001,0.0001,0.0001,-3.6055994129010984,,,
T3,1.0,0.001,0.0001,0.001,-1.715064232720629,,,
T3,1.0,0.001,0.0001,0.01,-1.1155223760495034,,,
T3,1.0,0.001,0.0001,0.1,-1.3011112685988444,,,
T3,1.0,0.001,0.0001,1.0,-1.7531128307218267,,,
T3,1.0,0.001,0.0001,10.0,-2.2896829569399,,,
T3,1.0,0.001,0.00046415888336127773,1e-10,-2.4283814949237272,,,
T3,1.0,0.001,0.00046415888336127773,1e-09,-2.4283794093187203,,,
T3,1.0,0.001,0.00046415888336127773,1e-08,-2.4283585536281107,,,
T3,1.0,0.001,0.00046415888336127773,1e-07,-2.42815003266225,,,
T3,1.0,0.001,0.00046415888336127773,1e-06,-2.4260684104079613,,,
T3,1.0,0.001,0.00046415888336127773,1e-05,-2.405604433812937,,,
T3,1.0,0.001,0.00046415888336127773,0.0001,-2.230734755145634,,,
T3,1.0,0.001,0.00046415888336127773,0.001,-1.5571020913009768,,,
T3,1.0,0.001,0.00046415888336127773,0.01,-1.1144003874098487,,,
T3,1.0,0.001,0.00046415888336127773,0.1,-1.3016916086937036,,,
T3,1.0,0.001,0.00046415888336127773,1.0,-1.7531934489662977,,,
T3,1.0,0.001,0.00046415888336127773,10.0,-2.289691731785809,,,
T3,1.0,0.001,0.002154434690031882,1e-10,-1.3915073177531774,,,
T3,1.0,0.001,0.002154434690031882,1e-09,-1.391507165153317,,,
T3,1.0,0.001,0.002154434690031882,1e-08,-1.3915056391611746,,,
T3,1.0,0.001,0.002154434690031882,1e-07,-1.391490379885606,,,
T3,1.0,0.001,0.002154434690031882,1e-06,-1.3913378516893833,,,
T3,1.0,0.001,0.002154434690031882,1e-05,-1.3898189989859264,,,
T3,1.0,0.001,0.002154434690031882,0.0001,-1.3752477908551648,,,
T3,1.0,0.001,0.002154434690031882,0.001,-1.273233227819841,,,
T3,1.0,0.001,0.002154434690031882,0.01,-1.111556264556354,,,
T3,1.0,0.001,0.002154434690031882,0.1,-1.3043656741908953,,,
T3,1.0,0.001,0.002154434690031882,1.0,-1.7535672866376757,,,
T3,1.0,0.001,0.002154434690031882,10.0,-2.289732456907841,,,
T3,1.0,0.001,0.01,1e-10,-1.1158695022972835,,,
T3,1.0,0.001,0.01,1e-09,-1.1158694990937168,,,
T3,1.0,0.001,0.01,1e-08,-1.1158694670581244,,,
T3,1.0,0.001,0.01,1e-07,-1.1158691467101476,,,
T3,1.0,0.001,0.01,1e-06,-1.1158659440250247,,,
T3,1.0,0.001,0.01,1e-05,-1.115833996553766,,,
T3,1.0,0.001,0.01,0.0001,-1.1155223760495034,,,
T3,1.0,0.001,0.01,0.001,-1.113115325266047,,,
T3,1.0,0.001,0.01,0.01,-1.1218585025130263,,,
T3,1.0,0.001,0.01,0.1,-1.3163733052486253,,,
T3,1.0,0.001,0.01,1.0,-1.7552947994911627,,,
T3,1.0,0.001,0.01,10.0,-2.2899213978027375,,,
T3,1.0,0.001,0.046415888336127774,1e-10,-1.1935663824648512,,,
T3,1.0,0.001,0.046415888336127774,1e-09,-1.1935663847419726,,,
T3,1.0,0.001,0.046415888336127774,1e-08,-1.1935664075131838,,,
T3,1.0,0.001,0.046415888336127774,1e-07,-1.1935666352251908,,,
T3,1.0,0.001,0.046415888336127774,1e-06,-1.1935689123346822,,,
T3,1.0,0.001,0.046415888336127774,1e-05,-1.1935916823717487,,,
T3,1.0,0.001,0.046415888336127774,0.0001,-1.1938192769621352,,,
T3,1.0,0.001,0.046415888336127774,0.001,-1.1960846511920173,,,
T3,1.0,0.001,0.046415888336127774,0.01,-1.2177012112446324,,,
T3,1.0,0.001,0.046415888336127774,0.1,-1.364920511371427,,,
T3,1.0,0.001,0.046415888336127774,1.0,-1.7631522254031562,,,
T3,1.0,0.001,0.046415888336127774,10.0,-2.290796485459804,,,
T3,1.0,0.001,0.21544346900318823,1e-10,-1.4352667070534952,,,
T3,1.0,0.001,0.21544346900318823,1e-09,-1.435266707840817,,,
T3,1.0,0.001,0.21544346900318823,1e-08,-1.4352667157140349,,,
T3,1.0,0.001,0.21544346900318823,1e-07,-1.4352667944461988,,,
T3,1.0,0.001,0.21544346900318823,1e-06,-1.435267581766324,,,
T3,1.0,0.001,0.21544346900318823,1e-05,-1.4352754548162125,,,
T3,1.0,0.001,0.21544346900318823,0.0001,-1.435354170182944,,,
T3,1.0,0.001,0.21544346900318823,0.001,-1.4361398146162594,,,
T3,1.0,0.001,0.21544346900318823,0.01,-1.443849201798581,,,
T3,1.0,0.001,0.21544346900318823,0.1,-1.5092275069978667,,,
T3,1.0,0.001,0.21544346900318823,1.0,-1.796558890083918,,,
T3,1.0,0.001,0.21544346900318823,10.0,-2.294817949051687,,,
T3,1.0,0.001,1.0,1e-10,-1.7530906877317172,,,
T3,1.0,0.001,1.0,1e-09,-1.7530906879310137,,,
T3,1.0,0.001,1.0,1e-08,-1.7530906899239778,,,
T3,1.0,0.001,1.0,1e-07,-1.7530907098536201,,,
T3,1.0,0.001,1.0,1e-06,-1.7530909091499496,,,
T3,1.0,0.001,1.0,1e-05,-1.7530929021040145,,,
T3,1.0,0.001,1.0,0.0001,-1.7531128307218267,,,
T3,1.0,0.001,1.0,0.001,-1.75331202467457,,,
T3,1.0,0.001,1.0,0.01,-1.7552947994911627,,,
T3,1.0,0.001,1.0,0.1,-1.7742600604268273,,,
T3,1.0,0.001,1.0,1.0,-1.9096477033215398,,,
T3,1.0,0.001,1.0,10.0,-2.3126675043487457,,,
T3,1.0,0.001,4.641588833612772,1e-10,-2.10624813961964,,,
T3,1.0,0.001,4.641588833612772,1e-09,-2.106248139665545,,,
T3,1.0,0.001,4.641588833612772,1e-08,-2.106248140124589,,,
T3,1.0,0.001,4.641588833612772,1e-07,-2.1062481447150314,,,
T3,1.0,0.001,4.641588833612772,1e-06,-2.10624819061945,,,
T3,1.0,0.001,4.641588833612772,1e-05,-2.1062486496631583,,,
T3,1.0,0.001,4.641588833612772,0.0001,-2.1062532400526597,,,
T3,1.0,0.001,4.641588833612772,0.001,-2.106299139190019,,,
T3,1.0,0.001,4.641588833612772,0.01,-2.106757655464873,,,
T3,1.0,0.001,4.641588833612772,0.1,-2.111295964777246,,,
T3,1.0,0.001,4.641588833612772,1.0,-2.1525611487018526,,,
T3,1.0,0.001,4.641588833612772,10.0,-2.3818656452257927,,,
T3,1.0,0.001,21.54434690031882,1e-10,-2.4758059360352167,,,
T3,1.0,0.001,21.54434690031882,1e-09,-2.475805936045403,,,
T3,1.0,0.001,21.54434690031882,1e-08,-2.475805936147269,,,
T3,1.0,0.001,21.54434690031882,1e-07,-2.475805937165923,,,
T3,1.0,0.001,21.54434690031882,1e-06,-2.4758059473524616,,,
T3,1.0,0.001,21.54434690031882,1e-05,-2.4758060492178275,,,
T3,1.0,0.001,21.54434690031882,0.0001,-2.4758070678691793,,,
T3,1.0,0.001,21.54434690031882,0.001,-2.475817254151614,,,
T3,1.0,0.001,21.54434690031882,0.01,-2.4759190938746434,,,
T3,1.0,0.001,21.54434690031882,0.1,-2.476935188021656,,,
T3,1.0,0.001,21.54434690031882,1.0,-2.486872634735482,,,
T3,1.0,0.001,21.54434690031882,10.0,-2.5689902267595737,,,
T3,1.0,0.001,100.0,1e-10,-2.8529760980627747,,,
T3,1.0,0.001,100.0,1e-09,-2.8529760980649987,,,
T3,1.0,0.001,100.0,1e-08,-2.8529760980872423,,,
T3,1.0,0.001,100.0,1e-07,-2.8529760983096715,,,
T3,1.0,0.001,100.0,1e-06,-2.8529761005339678,,,
T3,1.0,0.001,100.0,1e-05,-2.8529761227769317,,,
T3,1.0,0.001,100.0,0.0001,-2.8529763452064527,,,
T3,1.0,0.001,100.0,0.001,-2.852978569490722,,,
T3,1.0,0.001,100.0,0.01,-2.853000811238827,,,
T3,1.0,0.001,100.0,0.1,-2.853223119333971,,,
T3,1.0,0.001,100.0,1.0,-2.855435333682649,,,
T3,1.0,0.001,100.0,10.0,-2.876537825790226,,,
T3,1.0,0.001,464.1588833612773,1e-10,-3.233679607202184,,,
T3,1.0,0.001,464.1588833612773,1e-09,-3.2336796072026672,,,
T3,1.0,0.001,464.1588833612773,1e-08,-3.2336796072074883,,,
T3,1.0,0.001,464.1588833612773,1e-07,-3.2336796072557057,,,
T3,1.0,0.001,464.1588833612773,1e-06,-3.2336796077378827,,,
T3,1.0,0.001,464.1588833612773,1e-05,-3.2336796125596585,,,
T3,1.0,0.001,464.1588833612773,0.0001,-3.2336796607773963,,,
T3,1.0,0.001,464.1588833612773,0.001,-3.2336801429542747,,,
T3,1.0,0.001,464.1588833612773,0.01,-3.2336849646717787,,,
T3,1.0,0.001,464.1588833612773,0.1,-3.2337331767191664,,,
T3,1.0,0.001,464.1588833612773,1.0,-3.234214785162467,,,
T3,1.0,0.001,464.1588833612773,10.0,-3.2389803879830885,,,
T3,1.0,0.001,2154.4346900318824,1e-10,-3.616023150793702,,,
T3,1.0,0.001,2154.4346900318824,1e-09,-3.6160231507938065,,,
T3,1.0,0.001,2154.4346900318824,1e-08,-3.6160231507948475,,,
T3,1.0,0.001,2154.4346900318824,1e-07,-3.6160231508052663,,,
T3,1.0,0.001,2154.4346900318824,1e-06,-3.6160231509094443,,,
T3,1.0,0.001,2154.4346900318824,1e-05,-3.6160231519512314,,,
T3,1.0,0.001,2154.4346900318824,0.0001,-3.616023162369102,,,
T3,1.0,0.001,2154.4346900318824,0.001,-3.6160232665477894,,,
T3,1.0,0.001,2154.4346900318824,0.01,-3.616024308332264,,,
T3,1.0,0.001,2154.4346900318824,0.1,-3.616034725937953,,,
T3,1.0,0.001,2154.4346900318824,1.0,-3.616138878096609,,,
T3,1.0,0.001,2154.4346900318824,10.0,-3.6171780172149695,,,
T3,1.0,0.001,10000.0,1e-10,-3.9991279309451455,,,
T3,1.0,0.001,10000.0,1e-09,-3.999127930945169,,,
T3,1.0,0.001,10000.0,1e-08,-3.999127930945393,,,
T3,1.0,0.001,10000.0,1e-07,-3.9991279309476413,,,
T3,1.0,0.001,10000.0,1e-06,-3.999127930970115,,,
T3,1.0,0.001,10000.0,1e-05,-3.9991279311948573,,,
T3,1.0,0.001,10000.0,0.0001,-3.999127933442287,,,
T3,1.0,0.001,10000.0,0.001,-3.9991279559165833,,,
T3,1.0,0.001,10000.0,0.01,-3.9991281806594223,,,
T3,1.0,0.001,10000.0,0.1,-3.9991304280767124,,,
T3,1.0,0.001,10000.0,1.0,-3.999152901137849,,,
T3,1.0,0.001,10000.0,10.0,-3.9993775206472315,,,
T3,1.0,0.002848035868435802,0.0001,1e-10,-5.105286261252462,,,
T3,1.0,0.002848035868435802,0.0001,1e-09,-5.105262807906445,,,
T3,1.0,0.002848035868435802,0.0001,1e-08,-5.105028292415722,,,
T3,1.0,0.002848035868435802,0.0001,1e-07,-5.102684932939252,,,
T3,1.0,0.002848035868435802,0.0001,1e-06,-5.079429381304069,,,
T3,1.0,0.002848035868435802,0.0001,1e-05,-4.863299409882767,,,
T3,1.0,0.002848035868435802,0.0001,0.0001,-3.605598790592647,,,
T3,1.0,0.002848035868435802,0.0001,0.001,-1.715064177325208,,,
T3,1.0,0.002848035868435802,0.0001,0.01,-1.1155223731489745,,,
T3,1.0,0.002848035868435802,0.0001,0.1,-1.301111268412421,,,
T3,1.0,0.002848035868435802,0.0001,1.0,-1.7531128307065516,,,
T3,1.0,0.002848035868435802,0.0001,10.0,-2.28968295693848,,,
T3,1.0,0.002848035868435802,0.00046415888336127773,1e-10,-2.428380630826484,,,
T3,1.0,0.002848035868435802,0.00046415888336127773,1e-09,-2.4283785452238575,,,
T3,1.0,0.002848035868435802,0.00046415888336127773,1e-08,-2.4283576895570507,,,
T3,1.0,0.002848035868435802,0.00046415888336127773,1e-07,-2.4281491688291497,,,
T3,1.0,0.002848035868435802,0.00046415888336127773,1e-06,-2.426067548948276,,,
T3,1.0,0.002848035868435802,0.00046415888336127773,1e-05,-2.4056035954836608,,,
T3,1.0,0.002848035868435802,0.00046415888336127773,0.0001,-2.2307340998081244,,,
T3,1.0,0.002848035868435802,0.00046415888336127773,0.001,-1.5571019180747327,,,
T3,1.0,0.002848035868435802,0.00046415888336127773,0.01,-1.1144003745366633,,,
T3,1.0,0.002848035868435802,0.00046415888336127773,0.1,-1.3016916078319556,,,
T3,1.0,0.002848035868435802,0.00046415888336127773,1.0,-1.7531934488954242,,,
T3,1.0,0.002848035868435802,0.00046415888336127773,10.0,-2.289691731779216,,,
T3,1.0,0.002848035868435802,0.002154434690031882,1e-10,-1.3915068432082822,,,
T3,1.0,0.002848035868435802,0.002154434690031882,1e-09,-1.3915066906086904,,,
T3,1.0,0.002848035868435802,0.002154434690031882,1e-08,-1.3915051646192347,,,
T3,1.0,0.002848035868435802,0.002154434690031882,1e-07,-1.3914899053705365,,,
T3,1.0,0.002848035868435802,0.002154434690031882,1e-06,-1.3913373774428694,,,
T3,1.0,0.002848035868435802,0.002154434690031882,1e-05,-1.3898185274102741,,,
T3,1.0,0.002848035868435802,0.002154434690031882,0.0001,-1.375247344592704,,,
T3,1.0,0.002848035868435802,0.002154434690031882,0.001,-1.2732329437144945,,,
T3,1.0,0.002848035868435802,0.002154434690031882,0.01,-1.1115562150715763,,,
T3,1.0,0.002848035868435802,0.002154434690031882,0.1,-1.3043656702658566,,,
T3,1.0,0.002848035868435802,0.002154434690031882,1.0,-1.7535672863092924,,,
T3,1.0,0.002848035868435802,0.002154434690031882,10.0,-2.289732456877243,,,
T3,1.0,0.002848035868435802,0.01,1e-10,-1.1158692085666542,,,
T3,1.0,0.002848035868435802,0.01,1e-09,-1.1158692053631203,,,
T3,1.0,0.002848035868435802,0.01,1e-08,-1.1158691733278627,,,
T3,1.0,0.002848035868435802,0.01,1e-07,-1.115868852983234,,,
T3,1.0,0.002848035868435802,0.01,1e-06,-1.1158656503315911,,,
T3,1.0,0.002848035868435802,0.01,1e-05,-1.1158337031947454,,,
T3,1.0,0.002848035868435802,0.01,0.0001,-1.115522085996701,,,
T3,1.0,0.002848035868435802,0.01,0.001,-1.113115064864521,,,
T3,1.0,0.002848035868435802,0.01,0.01,-1.1218583785850196,,,
T3,1.0,0.002848035868435802,0.01,0.1,-1.3163732884914174,,,
T3,1.0,0.002848035868435802,0.01,1.0,-1.7552947979793836,,,
T3,1.0,0.002848035868435802,0.01,10.0,-2.2899213976608244,,,
T3,1.0,0.002848035868435802,0.046415888336127774,1e-10,-1.1935661726607778,,,
T3,1.0,0.002848035868435802,0.046415888336127774,1e-09,-1.1935661749379036,,,
T3,1.0,0.002848035868435802,0.046415888336127774,1e-08,-1.193566197709163,,,
T3,1.0,0.002848035868435802,0.046415888336127774,1e-07,-1.1935664254216471,,,
T3,1.0,0.002848035868435802,0.046415888336127774,1e-06,-1.1935687025359112,,,
T3,1.0,0.002848035868435802,0.046415888336127774,1e-05,-1.1935914726206942,,,
T3,1.0,0.002848035868435802,0.046415888336127774,0.0001,-1.193819067687117,,,
T3,1.0,0.002848035868435802,0.046415888336127774,0.001,-1.1960844465671499,,,
T3,1.0,0.002848035868435802,0.046415888336127774,0.01,-1.2177010441888223,,,
T3,1.0,0.002848035868435802,0.046415888336127774,0.1,-1.3649204549310727,,,
T3,1.0,0.002848035868435802,0.046415888336127774,1.0,-1.7631522186424333,,,
T3,1.0,0.002848035868435802,0.046415888336127774,10.0,-2.29079648480353,,,
T3,1.0,0.002848035868435802,0.21544346900318823,1e-10,-1.4352665362046793,,,
T3,1.0,0.002848035868435802,0.21544346900318823,1e-09,-1.435266536992002,,,
T3,1.0,0.002848035868435802,0.21544346900318823,1e-08,-1.4352665448652278,,,
T3,1.0,0.002848035868435802,0.21544346900318823,1e-07,-1.4352666235974698,,,
T3,1.0,0.002848035868435802,0.21544346900318823,1e-06,-1.4352674109183792,,,
T3,1.0,0.002848035868435802,0.21544346900318823,1e-05,-1.435275283976109,,,
T3,1.0,0.002848035868435802,0.21544346900318823,0.0001,-1.4353539994212174,,,
T3,1.0,0.002848035868435802,0.21544346900318823,0.001,-1.4361396446344703,,,
T3,1.0,0.002848035868435802,0.21544346900318823,0.01,-1.4438490392514158,,,
T3,1.0,0.002848035868435802,0.21544346900318823,0.1,-1.5092273943107382,,,
T3,1.0,0.002848035868435802,0.21544346900318823,1.0,-1.7965588632631757,,,
T3,1.0,0.002848035868435802,0.21544346900318823,10.0,-2.2948179460568,,,
T3,1.0,0.002848035868435802,1.0,1e-10,-1.7530905349643302,,,
T3,1.0,0.002848035868435802,1.0,1e-09,-1.7530905351636268,,,
T3,1.0,0.002848035868435802,1.0,1e-08,-1.7530905371565926,,,
T3,1.0,0.002848035868435802,1.0,1e-07,-1.7530905570862494,,,
T3,1.0,0.002848035868435802,1.0,1e-06,-1.7530907563827232,,,
T3,1.0,0.002848035868435802,1.0,1e-05,-1.7530927493382333,,,
T3,1.0,0.002848035868435802,1.0,0.0001,-1.7531126779704984,,,
T3,1.0,0.002848035868435802,1.0,0.001,-1.753311872067615,,,
T3,1.0,0.002848035868435802,1.0,0.01,-1.755294648313285,,,
T3,1.0,0.002848035868435802,1.0,0.1,-1.7742599222100168,,,
T3,1.0,0.002848035868435802,1.0,1.0,-1.9096476292315774,,,
T3,1.0,0.002848035868435802,1.0,10.0,-2.3126674914553584,,,
T3,1.0,0.002848035868435802,4.641588833612772,1e-10,-2.1062479952449094,,,
T3,1.0,0.002848035868435802,4.641588833612772,1e-09,-2.106247995290814,,,
T3,1.0,0.002848035868435802,4.641588833612772,1e-08,-2.1062479957498583,,,
T3,1.0,0.002848035868435802,4.641588833612772,1e-07,-2.1062480003403037,,,
T3,1.0,0.002848035868435802,4.641588833612772,1e-06,-2.1062480462447506,,,
T3,1.0,0.002848035868435802,4.641588833612772,1e-05,-2.106248505288746,,,
T3,1.0,0.002848035868435802,4.641588833612772,0.0001,-2.1062530956811174,,,
T3,1.0,0.002848035868435802,4.641588833612772,0.001,-2.106298994847169,,,
T3,1.0,0.002848035868435802,4.641588833612772,0.01,-2.1067575114083215,,,
T3,1.0,0.002848035868435802,4.641588833612772,0.1,-2.111295823522819,,,
T3,1.0,0.002848035868435802,4.641588833612772,1.0,-2.152561030474213,,,
T3,1.0,0.002848035868435802,4.641588833612772,10.0,-2.3818656004640273,,,
T3,1.0,0.002848035868435802,21.54434690031882,1e-10,-2.475805795556012,,,
T3,1.0,0.002848035868435802,21.54434690031882,1e-09,-2.475805795566198,,,
T3,1.0,0.002848035868435802,21.54434690031882,1e-08,-2.4758057956680637,,,
T3,1.0,0.002848035868435802,21.54434690031882,1e-07,-2.4758057966867186,,,
T3,1.0,0.002848035868435802,21.54434690031882,1e-06,-2.4758058068732627,,,
T3,1.0,0.002848035868435802,21.54434690031882,1e-05,-2.475805908738689,,,
T3,1.0,0.002848035868435802,21.54434690031882,0.0001,-2.4758069273906345,,,
T3,1.0,0.002848035868435802,21.54434690031882,0.001,-2.4758171136790073,,,
T3,1.0,0.002848035868435802,21.54434690031882,0.01,-2.475918953461396,,,
T3,1.0,0.002848035868435802,21.54434690031882,0.1,-2.4769350481992536,,,
T3,1.0,0.002848035868435802,21.54434690031882,1.0,-2.4868725005598455,,,
T3,1.0,0.002848035868435802,21.54434690031882,10.0,-2.568990131214267,,,
T3,1.0,0.002848035868435802,100.0,1e-10,-2.8529759593917126,,,
T3,1.0,0.002848035868435802,100.0,1e-09,-2.8529759593939374,,,
T3,1.0,0.002848035868435802,100.0,1e-08,-2.8529759594161788,,,
T3,1.0,0.002848035868435802,100.0,1e-07,-2.8529759596386097,,,
T3,1.0,0.002848035868435802,100.0,1e-06,-2.8529759618629074,,,
T3,1.0,0.002848035868435802,100.0,1e-05,-2.852975984105883,,,
T3,1.0,0.002848035868435802,100.0,0.0001,-2.8529762065355304,,,
T3,1.0,0.002848035868435802,100.0,0.001,-2.8529784308210537,,,
T3,1.0,0.002848035868435802,100.0,0.01,-2.853000672581709,,,
T3,1.0,0.002848035868435802,100.0,0.1,-2.853222980802223,,,
T3,1.0,0.002848035868435802,100.0,1.0,-2.8554351963922637,,,
T3,1.0,0.002848035868435802,100.0,10.0,-2.8765376997918874,,,
T3,1.0,0.002848035868435802,464.1588833612773,1e-10,-3.2336794693703874,,,
T3,1.0,0.002848035868435802,464.1588833612773,1e-09,-3.2336794693708706,,,
T3,1.0,0.002848035868435802,464.1588833612773,1e-08,-3.233679469375692,,,
T3,1.0,0.002848035868435802,464.1588833612773,1e-07,-3.2336794694239095,,,
T3,1.0,0.002848035868435802,464.1588833612773,1e-06,-3.233679469906087,,,
T3,1.0,0.002848035868435802,464.1588833612773,1e-05,-3.2336794747278637,,,
T3,1.0,0.002848035868435802,464.1588833612773,0.0001,-3.2336795229456308,,,
T3,1.0,0.002848035868435802,464.1588833612773,0.001,-3.233680005122777,,,
T3,1.0,0.002848035868435802,464.1588833612773,0.01,-3.2336848268429583,,,
T3,1.0,0.002848035868435802,464.1588833612773,0.1,-3.233733038917137,,,
T3,1.0,0.002848035868435802,464.1588833612773,1.0,-3.234214647627762,,,
T3,1.0,0.002848035868435802,464.1588833612773,10.0,-3.2389802530657064,,,
T3,1.0,0.002848035868435802,2154.4346900318824,1e-10,-3.616023013351458,,,
T3,1.0,0.002848035868435802,2154.4346900318824,1e-09,-3.6160230133515627,,,
T3,1.0,0.002848035868435802,2154.4346900318824,1e-08,-3.616023013352604,,,
T3,1.0,0.002848035868435802,2154.4346900318824,1e-07,-3.6160230133630207,,,
T3,1.0,0.002848035868435802,2154.4346900318824,1e-06,-3.6160230134672005,,,
T3,1.0,0.002848035868435802,2154.4346900318824,1e-05,-3.6160230145089876,,,
T3,1.0,0.002848035868435802,2154.4346900318824,0.0001,-3.6160230249268652,,,
T3,1.0,0.002848035868435802,2154.4346900318824,0.001,-3.6160231291056086,,,
T3,1.0,0.002848035868435802,2154.4346900318824,0.01,-3.6160241708906575,,,
T3,1.0,0.002848035868435802,2154.4346900318824,0.1,-3.6160345885020946,,,
T3,1.0,0.002848035868435802,2154.4346900318824,1.0,-3.616138740718209,,,
T3,1.0,0.002848035868435802,2154.4346900318824,10.0,-3.617177880408505,,,
T3,1.0,0.002848035868435802,10000.0,1e-10,-3.9991277936837157,,,
T3,1.0,0.002848035868435802,10000.0,1e-09,-3.999127793683738,,,
T3,1.0,0.002848035868435802,10000.0,1e-08,-3.9991277936839635,,,
T3,1.0,0.002848035868435802,10000.0,1e-07,-3.9991277936862106,,,
T3,1.0,0.002848035868435802,10000.0,1e-06,-3.9991277937086855,,,
T3,1.0,0.002848035868435802,10000.0,1e-05,-3.999127793933428,,,
T3,1.0,0.002848035868435802,10000.0,0.0001,-3.999127796180859,,,
T3,1.0,0.002848035868435802,10000.0,0.001,-3.9991278186551655,,,
T3,1.0,0.002848035868435802,10000.0,0.01,-3.99912804339813,,,
T3,1.0,0.002848035868435802,10000.0,0.1,-3.9991302908166566,,,
T3,1.0,0.002848035868435802,10000.0,1.0,-3.9991527638901507,,,
T3,1.0,0.002848035868435802,10000.0,10.0,-3.9993773835230053,,,
T3,1.0,0.008111308307896872,0.0001,1e-10,-4.98151099578845,,,
T3,1.0,0.008111308307896872,0.0001,1e-09,-4.981489136241906,,,
T3,1.0,0.008111308307896872,0.0001,1e-08,-4.981270556833969,,,
T3,1.0,0.008111308307896872,0.0001,1e-07,-4.979086367209122,,,
T3,1.0,0.008111308307896872,0.0001,1e-06,-4.9574036309537854,,,
T3,1.0,0.008111308307896872,0.0001,1e-05,-4.755306714612439,,,
T3,1.0,0.008111308307896872,0.0001,0.0001,-3.5597165961196553,,,
T3,1.0,0.008111308307896872,0.0001,0.001,-1.7109319603600437,,,
T3,1.0,0.008111308307896872,0.0001,0.01,-1.115305563182917,,,
T3,1.0,0.008111308307896872,0.0001,0.1,-1.3010973313665803,,,
T3,1.0,0.008111308307896872,0.0001,1.0,-1.7531116887236649,,,
T3,1.0,0.008111308307896872,0.0001,10.0,-2.2896828507358586,,,
T3,1.0,0.008111308307896872,0.00046415888336127773,1e-10,-2.365434906611627,,,
T3,1.0,0.008111308307896872,0.00046415888336127773,1e-09,-2.365432991053613,,,
T3,1.0,0.008111308307896872,0.00046415888336127773,1e-08,-2.3654138357894725,,,
T3,1.0,0.008111308307896872,0.00046415888336127773,1e-07,-2.365222314741997,,,
T3,1.0,0.008111308307896872,0.00046415888336127773,1e-06,-2.363310258095285,,,
T3,1.0,0.008111308307896872,0.00046415888336127773,1e-05,-2.3444996097671824,,,
T3,1.0,0.008111308307896872,0.00046415888336127773,0.0001,-2.1827631218366426,,,
T3,1.0,0.008111308307896872,0.00046415888336127773,0.001,-1.5442474397566919,,,
T3,1.0,0.008111308307896872,0.00046415888336127773,0.01,-1.1134386771711664,,,
T3,1.0,0.008111308307896872,0.00046415888336127773,0.1,-1.301627185289799,,,
T3,1.0,0.008111308307896872,0.00046415888336127773,1.0,-1.7531881503153013,,,
T3,1.0,0.008111308307896872,0.00046415888336127773,10.0,-2.2896912388486017,,,
T3,1.0,0.008111308307896872,0.002154434690031882,1e-10,-1.356795747614339,,,
T3,1.0,0.008111308307896872,0.002154434690031882,1e-09,-1.3567956143165247,,,
T3,1.0,0.008111308307896872,0.002154434690031882,1e-08,-1.3567942813437988,,,
T3,1.0,0.008111308307896872,0.002154434690031882,1e-07,-1.3567809521581757,,,
T3,1.0,0.008111308307896872,0.002154434690031882,1e-06,-1.3566477144438303,,,
T3,1.0,0.008111308307896872,0.002154434690031882,1e-05,-1.3553207301683923,,,
T3,1.0,0.008111308307896872,0.002154434690031882,0.0001,-1.3425696762453765,,,
T3,1.0,0.008111308307896872,0.002154434690031882,0.001,-1.2522921280775043,,,
T3,1.0,0.008111308307896872,0.002154434690031882,0.01,-1.1078671992626195,,,
T3,1.0,0.008111308307896872,0.002154434690031882,0.1,-1.30407228313048,,,
T3,1.0,0.008111308307896872,0.002154434690031882,1.0,-1.7535427362257632,,,
T3,1.0,0.008111308307896872,0.002154434690031882,10.0,-2.2897301692899097,,,
T3,1.0,0.008111308307896872,0.01,1e-10,-1.0942634725646425,,,
T3,1.0,0.008111308307896872,0.01,1e-09,-1.0942634717862216,,,
T3,1.0,0.008111308307896872,0.01,1e-08,-1.09426346400206,,,
T3,1.0,0.008111308307896872,0.01,1e-07,-1.0942633861656592,,,
T3,1.0,0.008111308307896872,0.01,1e-06,-1.0942626083226816,,,
T3,1.0,0.008111308307896872,0.01,1e-05,-1.0942548819421014,,,
T3,1.0,0.008111308307896872,0.01,0.0001,-1.0941827688752768,,,
T3,1.0,0.008111308307896872,0.01,0.001,-1.093927183479377,,,
T3,1.0,0.008111308307896872,0.01,0.01,-1.1126575028289585,,,
T3,1.0,0.008111308307896872,0.01,0.1,-1.315121437650312,,,
T3,1.0,0.008111308307896872,0.01,1.0,-1.7551817798143179,,,
T3,1.0,0.008111308307896872,0.01,10.0,-2.2899107880991494,,,
T3,1.0,0.008111308307896872,0.046415888336127774,1e-10,-1.1780434063727268,,,
T3,1.0,0.008111308307896872,0.046415888336127774,1e-09,-1.1780434089989942,,,
T3,1.0,0.008111308307896872,0.046415888336127774,1e-08,-1.1780434352616673,,,
T3,1.0,0.008111308307896872,0.046415888336127774,1e-07,-1.1780436978882125,,,
T3,1.0,0.008111308307896872,0.046415888336127774,1e-06,-1.178046324134916,,,
T3,1.0,0.008111308307896872,0.046415888336127774,1e-05,-1.178072584726997,,,
T3,1.0,0.008111308307896872,0.046415888336127774,0.0001,-1.1783350033452127,,,
T3,1.0,0.008111308307896872,0.046415888336127774,0.001,-1.1809406491715504,,,
T3,1.0,0.008111308307896872,0.046415888336127774,0.01,-1.2053125851344009,,,
T3,1.0,0.008111308307896872,0.046415888336127774,0.1,-1.3607105788798841,,,
T3,1.0,0.008111308307896872,0.046415888336127774,1.0,-1.7626468559162638,,,
T3,1.0,0.008111308307896872,0.046415888336127774,10.0,-2.2907474214197125,,,
T3,1.0,0.008111308307896872,0.21544346900318823,1e-10,-1.4225672344212832,,,
T3,1.0,0.008111308307896872,0.21544346900318823,1e-09,-1.4225672352664926,,,
T3,1.0,0.008111308307896872,0.21544346900318823,1e-08,-1.4225672437185881,,,
T3,1.0,0.008111308307896872,0.21544346900318823,1e-07,-1.4225673282395213,,,
T3,1.0,0.008111308307896872,0.21544346900318823,1e-06,-1.4225681734470608,,,
T3,1.0,0.008111308307896872,0.21544346900318823,1e-05,-1.4225766253429157,,,
T3,1.0,0.008111308307896872,0.21544346900318823,0.0001,-1.4226611263527718,,,
T3,1.0,0.008111308307896872,0.21544346900318823,0.001,-1.4235043469213144,,,
T3,1.0,0.008111308307896872,0.21544346900318823,0.01,-1.431762761071645,,,
T3,1.0,0.008111308307896872,0.21544346900318823,0.1,-1.5008320422477393,,,
T3,1.0,0.008111308307896872,0.21544346900318823,1.0,-1.7945548096619093,,,
T3,1.0,0.008111308307896872,0.21544346900318823,10.0,-2.294594051641762,,,
T3,1.0,0.008111308307896872,1.0,1e-10,-1.7417017693224075,,,
T3,1.0,0.008111308307896872,1.0,1e-09,-1.7417017695324417,,,
T3,1.0,0.008111308307896872,1.0,1e-08,-1.7417017716327876,,,
T3,1.0,0.008111308307896872,1.0,1e-07,-1.7417017926362477,,,
T3,1.0,0.008111308307896872,1.0,1e-06,-1.741702002670742,,,
T3,1.0,0.008111308307896872,1.0,1e-05,-1.7417041030053544,,,
T3,1.0,0.008111308307896872,1.0,0.0001,-1.7417251053188731,,,
T3,1.0,0.008111308307896872,1.0,0.001,-1.7419350252627193,,,
T3,1.0,0.008111308307896872,1.0,0.01,-1.7440239745147461,,,
T3,1.0,0.008111308307896872,1.0,0.1,-1.763952522213391,,,
T3,1.0,0.008111308307896872,1.0,1.0,-1.9041148853472092,,,
T3,1.0,0.008111308307896872,1.0,10.0,-2.3117036772266593,,,
T3,1.0,0.008111308307896872,4.641588833612772,1e-10,-2.0954675265964933,,,
T3,1.0,0.008111308307896872,4.641588833612772,1e-09,-2.095467526644538,,,
T3,1.0,0.008111308307896872,4.641588833612772,1e-08,-2.0954675271249834,,,
T3,1.0,0.008111308307896872,4.641588833612772,1e-07,-2.0954675319294394,,,
T3,1.0,0.008111308307896872,4.641588833612772,1e-06,-2.0954675799739917,,,
T3,1.0,0.008111308307896872,4.641588833612772,1e-05,-2.0954680604189933,,,
T3,1.0,0.008111308307896872,4.641588833612772,0.0001,-2.0954728648167804,,,
T3,1.0,0.008111308307896872,4.641588833612772,0.001,-2.0955209035728175,,,
T3,1.0,0.008111308307896872,4.641588833612772,0.01,-2.0960007697175254,,,
T3,1.0,0.008111308307896872,4.641588833612772,0.1,-2.1007480449593077,,,
T3,1.0,0.008111308307896872,4.641588833612772,1.0,-2.1437308233114964,,,
T3,1.0,0.008111308307896872,4.641588833612772,10.0,-2.3785201846395236,,,
T3,1.0,0.008111308307896872,21.54434690031882,1e-10,-2.465307673361106,,,
T3,1.0,0.008111308307896872,21.54434690031882,1e-09,-2.4653076733717367,,,
T3,1.0,0.008111308307896872,21.54434690031882,1e-08,-2.4653076734780397,,,
T3,1.0,0.008111308307896872,21.54434690031882,1e-07,-2.4653076745410685,,,
T3,1.0,0.008111308307896872,21.54434690031882,1e-06,-2.465307685171351,,,
T3,1.0,0.008111308307896872,21.54434690031882,1e-05,-2.4653077914741592,,,
T3,1.0,0.008111308307896872,21.54434690031882,0.0001,-2.4653088544997255,,,
T3,1.0,0.008111308307896872,21.54434690031882,0.001,-2.465319484503728,,,
T3,1.0,0.008111308307896872,21.54434690031882,0.01,-2.465425759386007,,,
T3,1.0,0.008111308307896872,21.54434690031882,0.1,-2.466486000438969,,,
T3,1.0,0.008111308307896872,21.54434690031882,1.0,-2.476845361396838,,,
T3,1.0,0.008111308307896872,21.54434690031882,10.0,-2.5618493255087116,,,
T3,1.0,0.008111308307896872,100.0,1e-10,-2.8426088908114417,,,
T3,1.0,0.008111308307896872,100.0,1e-09,-2.84260889081376,,,
T3,1.0,0.008111308307896872,100.0,1e-08,-2.8426088908369413,,,
T3,1.0,0.008111308307896872,100.0,1e-07,-2.842608891068759,,,
T3,1.0,0.008111308307896872,100.0,1e-06,-2.8426088933869234,,,
T3,1.0,0.008111308307896872,100.0,1e-05,-2.8426089165685706,,,
T3,1.0,0.008111308307896872,100.0,0.0001,-2.84260914838493,,,
T3,1.0,0.008111308307896872,100.0,0.001,-2.8426114665366446,,,
T3,1.0,0.008111308307896872,100.0,0.01,-2.8426346468658137,,,
T3,1.0,0.008111308307896872,100.0,0.1,-2.842866331442102,,,
T3,1.0,0.008111308307896872,100.0,1.0,-2.845171386926014,,,
T3,1.0,0.008111308307896872,100.0,10.0,-2.8671183479341136,,,
T3,1.0,0.008111308307896872,464.1588833612773,1e-10,-3.2233732304895555,,,
T3,1.0,0.008111308307896872,464.1588833612773,1e-09,-3.2233732304900578,,,
T3,1.0,0.008111308307896872,464.1588833612773,1e-08,-3.223373230495079,,,
T3,1.0,0.008111308307896872,464.1588833612773,1e-07,-3.2233732305453024,,,
T3,1.0,0.008111308307896872,464.1588833612773,1e-06,-3.2233732310475296,,,
T3,1.0,0.008111308307896872,464.1588833612773,1e-05,-3.2233732360698033,,,
T3,1.0,0.008111308307896872,464.1588833612773,0.0001,-3.2233732862925444,,,
T3,1.0,0.008111308307896872,464.1588833612773,0.001,-3.2233737885193916,,,
T3,1.0,0.008111308307896872,464.1588833612773,0.01,-3.2233788107322874,,,
T3,1.0,0.008111308307896872,464.1588833612773,0.1,-3.2234290273047206,,,
T3,1.0,0.008111308307896872,464.1588833612773,1.0,-3.223930638202078,,,
T3,1.0,0.008111308307896872,464.1588833612773,10.0,-3.228892076385403,,,
T3,1.0,0.008111308307896872,2154.4346900318824,1e-10,-3.6057450091159935,,,
T3,1.0,0.008111308307896872,2154.4346900318824,1e-09,-3.6057450091161023,,,
T3,1.0,0.008111308307896872,2154.4346900318824,1e-08,-3.605745009117187,,,
T3,1.0,0.008111308307896872,2154.4346900318824,1e-07,-3.605745009128035,,,
T3,1.0,0.008111308307896872,2154.4346900318824,1e-06,-3.6057450092365166,,,
T3,1.0,0.008111308307896872,2154.4346900318824,1e-05,-3.605745010321327,,,
T3,1.0,0.008111308307896872,2154.4346900318824,0.0001,-3.605745021169428,,,
T3,1.0,0.008111308307896872,2154.4346900318824,0.001,-3.605745129650425,,,
T3,1.0,0.008111308307896872,2154.4346900318824,0.01,-3.6057462144577928,,,
T3,1.0,0.008111308307896872,2154.4346900318824,0.1,-3.6057570622726103,,,
T3,1.0,0.008111308307896872,2154.4346900318824,1.0,-3.605865514542129,,,
T3,1.0,0.008111308307896872,2154.4346900318824,10.0,-3.606947457643509,,,
T3,1.0,0.008111308307896872,10000.0,1e-10,-3.9888628948097193,,,
T3,1.0,0.008111308307896872,10000.0,1e-09,-3.988862894809741,,,
T3,1.0,0.008111308307896872,10000.0,1e-08,-3.9888628948099756,,,
T3,1.0,0.008111308307896872,10000.0,1e-07,-3.9888628948123164,,,
T3,1.0,0.008111308307896872,10000.0,1e-06,-3.988862894835716,,,
T3,1.0,0.008111308307896872,10000.0,1e-05,-3.9888628950697105,,,
T3,1.0,0.008111308307896872,10000.0,0.0001,-3.9888628974096583,,,
T3,1.0,0.008111308307896872,10000.0,0.001,-3.9888629208091246,,,
T3,1.0,0.008111308307896872,10000.0,0.01,-3.9888631548036693,,,
T3,1.0,0.008111308307896872,10000.0,0.1,-3.9888654947370954,,,
T3,1.0,0.008111308307896872,10000.0,1.0,-3.9888888928678283,,,
T3,1.0,0.008111308307896872,10000.0,10.0,-3.989122753907361,,,
T3,1.0,0.02310129700083159,0.0001,1e-10,-3.054905511511832,,,
T3,1.0,0.02310129700083159,0.0001,1e-09,-3.054902385423589,,,
T3,1.0,0.02310129700083159,0.0001,1e-08,-3.0548711217688203,,,
T3,1.0,0.02310129700083159,0.0001,1e-07,-3.054558208759968,,,
T3,1.0,0.02310129700083159,0.0001,1e-06,-3.0514021903821,,,
T3,1.0,0.02310129700083159,0.0001,1e-05,-3.017784112270525,,,
T3,1.0,0.02310129700083159,0.0001,0.0001,-2.6751579719634986,,,
T3,1.0,0.02310129700083159,0.0001,0.001,-1.6091454759528845,,,
T3,1.0,0.02310129700083159,0.0001,0.01,-1.1096601548049745,,,
T3,1.0,0.02310129700083159,0.0001,0.1,-1.3007326065222613,,,
T3,1.0,0.02310129700083159,0.0001,1.0,-1.7530817933597782,,,
T3,1.0,0.02310129700083159,0.0001,10.0,-2.2896800704465825,,,
T3,1.0,0.02310129700083159,0.00046415888336127773,1e-10,-1.310469269607167,,,
T3,1.0,0.02310129700083159,0.00046415888336127773,1e-09,-1.3104696987882765,,,
T3,1.0,0.02310129700083159,0.00046415888336127773,1e-08,-1.3104739903152858,,,
T3,1.0,0.02310129700083159,0.00046415888336127773,1e-07,-1.3105168771901727,,,
T3,1.0,0.02310129700083159,0.00046415888336127773,1e-06,-1.3109429200251863,,,
T3,1.0,0.02310129700083159,0.00046415888336127773,1e-05,-1.3149337020229155,,,
T3,1.0,0.02310129700083159,0.00046415888336127773,0.0001,-1.336535265453999,,,
T3,1.0,0.02310129700083159,0.00046415888336127773,0.001,-1.2631786454224259,,,
T3,1.0,0.02310129700083159,0.00046415888336127773,0.01,-1.088842671702111,,,
T3,1.0,0.02310129700083159,0.00046415888336127773,0.1,-1.299943534074921,,,
T3,1.0,0.02310129700083159,0.00046415888336127773,1.0,-1.7530494548996558,,,
T3,1.0,0.02310129700083159,0.00046415888336127773,10.0,-2.2896783344705063,,,
T3,1.0,0.02310129700083159,0.002154434690031882,1e-10,-0.7064101108506946,,,
T3,1.0,0.02310129700083159,0.002154434690031882,1e-09,-0.7064103135827502,,,
T3,1.0,0.02310129700083159,0.002154434690031882,1e-08,-0.7064123408867744,,,
T3,1.0,0.02310129700083159,0.002154434690031882,1e-07,-0.7064326122737409,,,
T3,1.0,0.02310129700083159,0.002154434690031882,1e-06,-0.7066351609801316,,,
T3,1.0,0.02310129700083159,0.002154434690031882,1e-05,-0.7086442940507389,,,
T3,1.0,0.02310129700083159,0.002154434690031882,0.0001,-0.7272460489041681,,,
T3,1.0,0.02310129700083159,0.002154434690031882,0.001,-0.835046641668254,,,
T3,1.0,0.02310129700083159,0.002154434690031882,0.01,-1.0188416426255493,,,
T3,1.0,0.02310129700083159,0.002154434690031882,0.1,-1.2964500039758442,,,
T3,1.0,0.02310129700083159,0.002154434690031882,1.0,-1.752900398725145,,,
T3,1.0,0.02310129700083159,0.002154434690031882,10.0,-2.2896702849981088,,,
T3,1.0,0.02310129700083159,0.01,1e-10,-0.631667309367009,,,
T3,1.0,0.02310129700083159,0.01,1e-09,-0.631667364071065,,,
T3,1.0,0.02310129700083159,0.01,1e-08,-0.6316679111107945,,,
T3,1.0,0.02310129700083159,0.01,1e-07,-0.6316733814241295,,,
T3,1.0,0.02310129700083159,0.01,1e-06,-0.631728076163552,,,
T3,1.0,0.02310129700083159,0.01,1e-05,-0.6322741859321784,,,
T3,1.0,0.02310129700083159,0.01,0.0001,-0.637653245101675,,,
T3,1.0,0.02310129700083159,0.01,0.001,-0.6846262910637595,,,
T3,1.0,0.02310129700083159,0.01,0.01,-0.9061535895881153,,,
T3,1.0,0.02310129700083159,0.01,0.1,-1.2833152395385827,,,
T3,1.0,0.02310129700083159,0.01,1.0,-1.7522306558932008,,,
T3,1.0,0.02310129700083159,0.01,10.0,-2.289633099303367,,,
T3,1.0,0.02310129700083159,0.046415888336127774,1e-10,-0.8026114049767404,,,
T3,1.0,0.02310129700083159,0.046415888336127774,1e-09,-0.8026114178650463,,,
T3,1.0,0.02310129700083159,0.046415888336127774,1e-08,-0.8026115467480684,,,
T3,1.0,0.02310129700083159,0.046415888336127774,1e-07,-0.8026128355742376,,,
T3,1.0,0.02310129700083159,0.046415888336127774,1e-06,-0.8026257234307057,,,
T3,1.0,0.02310129700083159,0.046415888336127774,1e-05,-0.8027545614915981,,,
T3,1.0,0.02310129700083159,0.046415888336127774,0.0001,-0.8040389099254283,,,
T3,1.0,0.02310129700083159,0.046415888336127774,0.001,-0.8164964508870884,,,
T3,1.0,0.02310129700083159,0.046415888336127774,0.01,-0.9138782451368238,,,
T3,1.0,0.02310129700083159,0.046415888336127774,0.1,-1.258355863244735,,,
T3,1.0,0.02310129700083159,0.046415888336127774,1.0,-1.749560340979261,,,
T3,1.0,0.02310129700083159,0.046415888336127774,10.0,-2.289464271065184,,,
T3,1.0,0.02310129700083159,0.21544346900318823,1e-10,-1.0875932544550708,,,
T3,1.0,0.02310129700083159,0.21544346900318823,1e-09,-1.0875932573420395,,,
T3,1.0,0.02310129700083159,0.21544346900318823,1e-08,-1.0875932862117252,,,
T3,1.0,0.02310129700083159,0.21544346900318823,1e-07,-1.0875935749083927,,,
T3,1.0,0.02310129700083159,0.21544346900318823,1e-06,-1.0875964618559222,,,
T3,1.0,0.02310129700083159,0.21544346900318823,1e-05,-1.0876253294169829,,,
T3,1.0,0.02310129700083159,0.21544346900318823,0.0001,-1.0879138137899313,,,
T3,1.0,0.02310129700083159,0.21544346900318823,0.001,-1.0907797172575169,,,
T3,1.0,0.02310129700083159,0.21544346900318823,0.01,-1.1177092481502764,,,
T3,1.0,0.02310129700083159,0.21544346900318823,0.1,-1.2934426737255704,,,
T3,1.0,0.02310129700083159,0.21544346900318823,1.0,-1.7438792900618296,,,
T3,1.0,0.02310129700083159,0.21544346900318823,10.0,-2.2887587152758977,,,
T3,1.0,0.02310129700083159,1.0,1e-10,-1.425506739650126,,,
T3,1.0,0.02310129700083159,1.0,1e-09,-1.4255067402831312,,,
T3,1.0,0.02310129700083159,1.0,1e-08,-1.425506746613184,,,
T3,1.0,0.02310129700083159,1.0,1e-07,-1.4255068099137045,,,
T3,1.0,0.02310129700083159,1.0,1e-06,-1.4255074429180117,,,
T3,1.0,0.02310129700083159,1.0,1e-05,-1.4255137728715042,,,
T3,1.0,0.02310129700083159,1.0,0.0001,-1.4255770634503455,,,
T3,1.0,0.02310129700083159,1.0,0.001,-1.4262090754967196,,,
T3,1.0,0.02310129700083159,1.0,0.01,-1.4324416424209532,,,
T3,1.0,0.02310129700083159,1.0,0.1,-1.4874738007904031,,,
T3,1.0,0.02310129700083159,1.0,1.0,-1.7654164431978974,,,
T3,1.0,0.02310129700083159,1.0,10.0,-2.286895507744473,,,
T3,1.0,0.02310129700083159,4.641588833612772,1e-10,-1.7879889135697666,,,
T3,1.0,0.02310129700083159,4.641588833612772,1e-09,-1.7879889137072464,,,
T3,1.0,0.02310129700083159,4.641588833612772,1e-08,-1.7879889150820418,,,
T3,1.0,0.02310129700083159,4.641588833612772,1e-07,-1.7879889288299942,,,
T3,1.0,0.02310129700083159,4.641588833612772,1e-06,-1.787989066309479,,,
T3,1.0,0.02310129700083159,4.641588833612772,1e-05,-1.7879904411001537,,,
T3,1.0,0.02310129700083159,4.641588833612772,0.0001,-1.7880041885895679,,,
T3,1.0,0.02310129700083159,4.641588833612772,0.001,-1.788141621769061,,,
T3,1.0,0.02310129700083159,4.641588833612772,0.01,-1.789511800762773,,,
T3,1.0,0.02310129700083159,4.641588833612772,0.1,-1.802816017620826,,,
T3,1.0,0.02310129700083159,4.641588833612772,1.0,-1.9077758349524268,,,
T3,1.0,0.02310129700083159,4.641588833612772,10.0,-2.2940368768742863,,,
T3,1.0,0.02310129700083159,21.54434690031882,1e-10,-2.1618748625608424,,,
T3,1.0,0.02310129700083159,21.54434690031882,1e-09,-2.1618748625905715,,,
T3,1.0,0.02310129700083159,21.54434690031882,1e-08,-2.1618748628878652,,,
T3,1.0,0.02310129700083159,21.54434690031882,1e-07,-2.161874865860799,,,
T3,1.0,0.02310129700083159,21.54434690031882,1e-06,-2.161874895590131,,,
T3,1.0,0.02310129700083159,21.54434690031882,1e-05,-2.16187519288326,,,
T3,1.0,0.02310129700083159,21.54434690031882,0.0001,-2.1618781657951396,,,
T3,1.0,0.02310129700083159,21.54434690031882,0.001,-2.1619078929736104,,,
T3,1.0,0.02310129700083159,21.54434690031882,0.01,-2.1622049709132205,,,
T3,1.0,0.02310129700083159,21.54434690031882,0.1,-2.165156551420564,,,
T3,1.0,0.02310129700083159,21.54434690031882,1.0,-2.1929188599177856,,,
T3,1.0,0.02310129700083159,21.54434690031882,10.0,-2.3754455687766027,,,
T3,1.0,0.02310129700083159,100.0,1e-10,-2.541053975056927,,,
T3,1.0,0.02310129700083159,100.0,1e-09,-2.5410539750633427,,,
T3,1.0,0.02310129700083159,100.0,1e-08,-2.5410539751275025,,,
T3,1.0,0.02310129700083159,100.0,1e-07,-2.541053975769105,,,
T3,1.0,0.02310129700083159,100.0,1e-06,-2.5410539821851224,,,
T3,1.0,0.02310129700083159,100.0,1e-05,-2.5410540463452884,,,
T3,1.0,0.02310129700083159,100.0,0.0001,-2.541054687946054,,,
T3,1.0,0.02310129700083159,100.0,0.001,-2.541061103863562,,,
T3,1.0,0.02310129700083159,100.0,0.01,-2.5411252540263454,,,
T3,1.0,0.02310129700083159,100.0,0.1,-2.5417658563004943,,,
T3,1.0,0.02310129700083159,100.0,1.0,-2.5480837740002014,,,
T3,1.0,0.02310129700083159,100.0,10.0,-2.603921843610388,,,
T3,1.0,0.02310129700083159,464.1588833612773,1e-10,-2.9226899564029436,,,
T3,1.0,0.02310129700083159,464.1588833612773,1e-09,-2.922689956404328,,,
T3,1.0,0.02310129700083159,464.1588833612773,1e-08,-2.9226899564181608,,,
T3,1.0,0.02310129700083159,464.1588833612773,1e-07,-2.9226899565565008,,,
T3,1.0,0.02310129700083159,464.1588833612773,1e-06,-2.922689957939892,,,
T3,1.0,0.02310129700083159,464.1588833612773,1e-05,-2.9226899717738095,,,
T3,1.0,0.02310129700083159,464.1588833612773,0.0001,-2.922690110112941,,,
T3,1.0,0.02310129700083159,464.1588833612773,0.001,-2.922691493500066,,,
T3,1.0,0.02310129700083159,464.1588833612773,0.01,-2.9227053269527743,,,
T3,1.0,0.02310129700083159,464.1588833612773,0.1,-2.922843619644128,,,
T3,1.0,0.02310129700083159,464.1588833612773,1.0,-2.924222381693827,,,
T3,1.0,0.02310129700083159,464.1588833612773,10.0,-2.93761126614152,,,
T3,1.0,0.02310129700083159,2154.4346900318824,1e-10,-3.305466315252736,,,
T3,1.0,0.02310129700083159,2154.4346900318824,1e-09,-3.3054663152530352,,,
T3,1.0,0.02310129700083159,2154.4346900318824,1e-08,-3.305466315256017,,,
T3,1.0,0.02310129700083159,2154.4346900318824,1e-07,-3.3054663152858326,,,
T3,1.0,0.02310129700083159,2154.4346900318824,1e-06,-3.3054663155839856,,,
T3,1.0,0.02310129700083159,2154.4346900318824,1e-05,-3.3054663185655158,,,
T3,1.0,0.02310129700083159,2154.4346900318824,0.0001,-3.305466348380812,,,
T3,1.0,0.02310129700083159,2154.4346900318824,0.001,-3.305466646533587,,,
T3,1.0,0.02310129700083159,2154.4346900318824,0.01,-3.3054696280419016,,,
T3,1.0,0.02310129700083159,2154.4346900318824,0.1,-3.305499441182113,,,
T3,1.0,0.02310129700083159,2154.4346900318824,1.0,-3.3057973784783825,,,
T3,1.0,0.02310129700083159,2154.4346900318824,10.0,-3.308757526689636,,,
T3,1.0,0.02310129700083159,10000.0,1e-10,-3.6887719904511833,,,
T3,1.0,0.02310129700083159,10000.0,1e-09,-3.688771990451248,,,
T3,1.0,0.02310129700083159,10000.0,1e-08,-3.6887719904518903,,,
T3,1.0,0.02310129700083159,10000.0,1e-07,-3.688771990458316,,,
T3,1.0,0.02310129700083159,10000.0,1e-06,-3.688771990522561,,,
T3,1.0,0.02310129700083159,10000.0,1e-05,-3.688771991165022,,,
T3,1.0,0.02310129700083159,10000.0,0.0001,-3.6887719975896367,,,
T3,1.0,0.02310129700083159,10000.0,0.001,-3.688772061835768,,,
T3,1.0,0.02310129700083159,10000.0,0.01,-3.6887727042961784,,,
T3,1.0,0.02310129700083159,10000.0,0.1,-3.688779128810089,,,
T3,1.0,0.02310129700083159,10000.0,1.0,-3.688843364931267,,,
T3,1.0,0.02310129700083159,10000.0,10.0,-3.6894848262281927,,,
T3,1.0,0.0657933224657568,0.0001,1e-10,-2.5433304248293664,,,
T3,1.0,0.0657933224657568,0.0001,1e-09,-2.542031049294256,,,
T3,1.0,0.0657933224657568,0.0001,1e-08,-2.529197896575823,,,
T3,1.0,0.0657933224657568,0.0001,1e-07,-2.414951119995328,,,
T3,1.0,0.0657933224657568,0.0001,1e-06,-1.8784750739082372,,,
T3,1.0,0.0657933224657568,0.0001,1e-05,-1.3626496755517075,,,
T3,1.0,0.0657933224657568,0.0001,0.0001,-1.4622261714048883,,,
T3,1.0,0.0657933224657568,0.0001,0.001,-1.3542975616179684,,,
T3,1.0,0.0657933224657568,0.0001,0.01,-1.0922131916369047,,,
T3,1.0,0.0657933224657568,0.0001,0.1,-1.2995772673459085,,,
T3,1.0,0.0657933224657568,0.0001,1.0,-1.752986885791777,,,
T3,1.0,0.0657933224657568,0.0001,10.0,-2.289671242231671,,,
T3,1.0,0.0657933224657568,0.00046415888336127773,1e-10,-0.5978932072144009,,,
T3,1.0,0.0657933224657568,0.00046415888336127773,1e-09,-0.5977708583082961,,,
T3,1.0,0.0657933224657568,0.00046415888336127773,1e-08,-0.5965508701034115,,,
T3,1.0,0.0657933224657568,0.00046415888336127773,1e-07,-0.5846906184412027,,,
T3,1.0,0.0657933224657568,0.00046415888336127773,1e-06,-0.49216616140877784,,,
T3,1.0,0.0657933224657568,0.00046415888336127773,1e-05,-0.24832652282520123,,,
T3,1.0,0.0657933224657568,0.00046415888336127773,0.0001,-0.32523967455220415,,,
T3,1.0,0.0657933224657568,0.00046415888336127773,0.001,-0.7655373083489394,,,
T3,1.0,0.0657933224657568,0.00046415888336127773,0.01,-1.0190161293956006,,,
T3,1.0,0.0657933224657568,0.00046415888336127773,0.1,-1.294656127914664,,,
T3,1.0,0.0657933224657568,0.00046415888336127773,1.0,-1.752609494340313,,,
T3,1.0,0.0657933224657568,0.00046415888336127773,10.0,-2.28963736249293,,,
T3,1.0,0.0657933224657568,0.002154434690031882,1e-10,0.0995104940645998,,,
T3,1.0,0.0657933224657568,0.002154434690031882,1e-09,0.09952106650342465,,,
T3,1.0,0.0657933224657568,0.002154434690031882,1e-08,0.09962671534955661,,,
T3,1.0,0.0657933224657568,0.002154434690031882,1e-07,0.10067570045244097,,,
T3,1.0,0.0657933224657568,0.002154434690031882,1e-06,0.11046269080297648,,,
T3,1.0,0.0657933224657568,0.002154434690031882,1e-05,0.1660182210169733,,,
T3,1.0,0.0657933224657568,0.002154434690031882,0.0001,0.15812053689503394,,,
T3,1.0,0.0657933224657568,0.002154434690031882,0.001,-0.22861111355783734,,,
T3,1.0,0.0657933224657568,0.002154434690031882,0.01,-0.8187206713953383,,,
T3,1.0,0.0657933224657568,0.002154434690031882,0.1,-1.273391278084817,,,
T3,1.0,0.0657933224657568,0.002154434690031882,1.0,-1.7508702708970751,,,
T3,1.0,0.0657933224657568,0.002154434690031882,10.0,-2.2894802168258006,,,
T3,1.0,0.0657933224657568,0.01,1e-10,0.2175846586769005,,,
T3,1.0,0.0657933224657568,0.01,1e-09,0.2175853571626508,,,
T3,1.0,0.0657933224657568,0.01,1e-08,0.21759234039554337,,,
T3,1.0,0.0657933224657568,0.01,1e-07,0.21766201051183032,,,
T3,1.0,0.0657933224657568,0.01,1e-06,0.21834273362971324,,,
T3,1.0,0.0657933224657568,0.01,1e-05,0.2237629134244486,,,
T3,1.0,0.0657933224657568,0.01,0.0001,0.2234027221802716,,,
T3,1.0,0.0657933224657568,0.01,0.001,0.01550472105342049,,,
T3,1.0,0.0657933224657568,0.01,0.01,-0.5451983489975911,,,
T3,1.0,0.0657933224657568,0.01,0.1,-1.1988620078372276,,,
T3,1.0,0.0657933224657568,0.01,1.0,-1.743055801519074,,,
T3,1.0,0.0657933224657568,0.01,10.0,-2.288753174981906,,,
T3,1.0,0.0657933224657568,0.046415888336127774,1e-10,0.06675363400975183,,,
T3,1.0,0.0657933224657568,0.046415888336127774,1e-09,0.0667536265534416,,,
T3,1.0,0.0657933224657568,0.046415888336127774,1e-08,0.06675355195551766,,,
T3,1.0,0.0657933224657568,0.046415888336127774,1e-07,0.06675280249491529,,,
T3,1.0,0.0657933224657568,0.046415888336127774,1e-06,0.06674496098973996,,,
T3,1.0,0.0657933224657568,0.046415888336127774,1e-05,0.06663305408086106,,,
T3,1.0,0.0657933224657568,0.046415888336127774,0.0001,0.06306193929529051,,,
T3,1.0,0.0657933224657568,0.046415888336127774,0.001,-0.013238470785119106,,,
T3,1.0,0.0657933224657568,0.046415888336127774,0.01,-0.3807093837429097,,,
T3,1.0,0.0657933224657568,0.046415888336127774,0.1,-1.0451501444509321,,,
T3,1.0,0.0657933224657568,0.046415888336127774,1.0,-1.7114834634493472,,,
T3,1.0,0.0657933224657568,0.046415888336127774,10.0,-2.2854285515582182,,,
T3,1.0,0.0657933224657568,0.21544346900318823,1e-10,-0.20889251857003935,,,
T3,1.0,0.0657933224657568,0.21544346900318823,1e-09,-0.20889253597077867,,,
T3,1.0,0.0657933224657568,0.21544346900318823,1e-08,-0.2088927099789064,,,
T3,1.0,0.0657933224657568,0.21544346900318823,1e-07,-0.2088944501343823,,,
T3,1.0,0.0657933224657568,0.21544346900318823,1e-06,-0.2089118591018586,,,
T3,1.0,0.0657933224657568,0.21544346900318823,1e-05,-0.20908668338670608,,,
T3,1.0,0.0657933224657568,0.21544346900318823,0.0001,-0.21090218442577893,,,
T3,1.0,0.0657933224657568,0.21544346900318823,0.001,-0.23223452243555887,,,
T3,1.0,0.0657933224657568,0.21544346900318823,0.01,-0.4032371517887173,,,
T3,1.0,0.0657933224657568,0.21544346900318823,0.1,-0.9022856032711977,,,
T3,1.0,0.0657933224657568,0.21544346900318823,1.0,-1.6210110545839502,,,
T3,1.0,0.0657933224657568,0.21544346900318823,10.0,-2.2709903170226737,,,
T3,1.0,0.0657933224657568,1.0,1e-10,-0.5424727549976469,,,
T3,1.0,0.0657933224657568,1.0,1e-09,-0.5424727603259589,,,
T3,1.0,0.0657933224657568,1.0,1e-08,-0.5424728136091156,,,
T3,1.0,0.0657933224657568,1.0,1e-07,-0.542473346442224,,,
T3,1.0,0.0657933224657568,1.0,1e-06,-0.5424786749292789,,,
T3,1.0,0.0657933224657568,1.0,1e-05,-0.5425319753548812,,,
T3,1.0,0.0657933224657568,1.0,0.0001,-0.5430664951970507,,,
T3,1.0,0.0657933224657568,1.0,0.001,-0.5485289750808945,,,
T3,1.0,0.0657933224657568,1.0,0.01,-0.6025727900581994,,,
T3,1.0,0.0657933224657568,1.0,0.1,-0.8828431311333883,,,
T3,1.0,0.0657933224657568,1.0,1.0,-1.489658858604182,,,
T3,1.0,0.0657933224657568,1.0,10.0,-2.219481744306474,,,
T3,1.0,0.0657933224657568,4.641588833612772,1e-10,-0.9029436131225512,,,
T3,1.0,0.0657933224657568,4.641588833612772,1e-09,-0.9029436144284462,,,
T3,1.0,0.0657933224657568,4.641588833612772,1e-08,-0.9029436274873912,,,
T3,1.0,0.0657933224657568,4.641588833612772,1e-07,-0.9029437580768688,,,
T3,1.0,0.0657933224657568,4.641588833612772,1e-06,-0.9029450639748072,,,
T3,1.0,0.0657933224657568,4.641588833612772,1e-05,-0.9029581232720834,,,
T3,1.0,0.0657933224657568,4.641588833612772,0.0001,-0.9030887477482666,,,
T3,1.0,0.0657933224657568,4.641588833612772,0.001,-0.9043978705142528,,,
T3,1.0,0.0657933224657568,4.641588833612772,0.01,-0.9175785424816215,,,
T3,1.0,0.0657933224657568,4.641588833612772,0.1,-1.0258929574284315,,,
T3,1.0,0.0657933224657568,4.641588833612772,1.0,-1.4224196465093006,,,
T3,1.0,0.0657933224657568,4.641588833612772,10.0,-2.109274719908452,,,
T3,1.0,0.0657933224657568,21.54434690031882,1e-10,-1.2758959921020456,,,
T3,1.0,0.0657933224657568,21.54434690031882,1e-09,-1.27589599239919,,,
T3,1.0,0.0657933224657568,21.54434690031882,1e-08,-1.2758959953705968,,,
T3,1.0,0.0657933224657568,21.54434690031882,1e-07,-1.2758960250846796,,,
T3,1.0,0.0657933224657568,21.54434690031882,1e-06,-1.2758963222255697,,,
T3,1.0,0.0657933224657568,21.54434690031882,1e-05,-1.2758992936404727,,,
T3,1.0,0.0657933224657568,21.54434690031882,0.0001,-1.27592900838931,,,
T3,1.0,0.0657933224657568,21.54434690031882,0.001,-1.2762262136129368,,,
T3,1.0,0.0657933224657568,21.54434690031882,0.01,-1.2792019637910315,,,
T3,1.0,0.0657933224657568,21.54434690031882,0.1,-1.3082230886237454,,,
T3,1.0,0.0657933224657568,21.54434690031882,1.0,-1.4955362125023857,,,
T3,1.0,0.0657933224657568,21.54434690031882,10.0,-2.0058163440906935,,,
T3,1.0,0.0657933224657568,100.0,1e-10,-1.6546417798073343,,,
T3,1.0,0.0657933224657568,100.0,1e-09,-1.6546417798729305,,,
T3,1.0,0.0657933224657568,100.0,1e-08,-1.654641780528896,,,
T3,1.0,0.0657933224657568,100.0,1e-07,-1.6546417870885457,,,
T3,1.0,0.0657933224657568,100.0,1e-06,-1.6546418526850357,,,
T3,1.0,0.0657933224657568,100.0,1e-05,-1.6546425086500318,,,
T3,1.0,0.0657933224657568,100.0,0.0001,-1.6546490683090813,,,
T3,1.0,0.0657933224657568,100.0,0.001,-1.654714665788871,,,
T3,1.0,0.0657933224657568,100.0,0.01,-1.6553707099270465,,,
T3,1.0,0.0657933224657568,100.0,0.1,-1.6619214557787516,,,
T3,1.0,0.0657933224657568,100.0,1.0,-1.7213336331293647,,,
T3,1.0,0.0657933224657568,100.0,10.0,-2.0088412081993896,,,
T3,1.0,0.0657933224657568,464.1588833612773,1e-10,-2.0360766296079245,,,
T3,1.0,0.0657933224657568,464.1588833612773,1e-09,-2.0360766296222153,,,
T3,1.0,0.0657933224657568,464.1588833612773,1e-08,-2.0360766297651187,,,
T3,1.0,0.0657933224657568,464.1588833612773,1e-07,-2.0360766311941467,,,
T3,1.0,0.0657933224657568,464.1588833612773,1e-06,-2.0360766454844272,,,
T3,1.0,0.0657933224657568,464.1588833612773,1e-05,-2.0360767883872173,,,
T3,1.0,0.0657933224657568,464.1588833612773,0.0001,-2.036078217415162,,,
T3,1.0,0.0657933224657568,464.1588833612773,0.001,-2.036092507696101,,,
T3,1.0,0.0657933224657568,464.1588833612773,0.01,-2.0362354104693874,,,
T3,1.0,0.0657933224657568,464.1588833612773,0.1,-2.0376642548210837,,,
T3,1.0,0.0657933224657568,464.1588833612773,1.0,-2.0518058825066356,,,
T3,1.0,0.0657933224657568,464.1588833612773,10.0,-2.163321697940083,,,
T3,1.0,0.0657933224657568,2154.4346900318824,1e-10,-2.418759631465448,,,
T3,1.0,0.0657933224657568,2154.4346900318824,1e-09,-2.418759631468542,,,
T3,1.0,0.0657933224657568,2154.4346900318824,1e-08,-2.4187596314994892,,,
T3,1.0,0.0657933224657568,2154.4346900318824,1e-07,-2.4187596318089413,,,
T3,1.0,0.0657933224657568,2154.4346900318824,1e-06,-2.4187596349034832,,,
T3,1.0,0.0657933224657568,2154.4346900318824,1e-05,-2.4187596658489006,,,
T3,1.0,0.0657933224657568,2154.4346900318824,0.0001,-2.4187599753030673,,,
T3,1.0,0.0657933224657568,2154.4346900318824,0.001,-2.4187630698439135,,,
T3,1.0,0.0657933224657568,2154.4346900318824,0.01,-2.4187940151708887,,,
T3,1.0,0.0657933224657568,2154.4346900318824,0.1,-2.4191034584883844,,,
T3,1.0,0.0657933224657568,2154.4346900318824,1.0,-2.4221952335803136,,,
T3,1.0,0.0657933224657568,2154.4346900318824,10.0,-2.451985237094712,,,
T3,1.0,0.0657933224657568,10000.0,1e-10,-2.802021974186886,,,
T3,1.0,0.0657933224657568,10000.0,1e-09,-2.8020219741875536,,,
T3,1.0,0.0657933224657568,10000.0,1e-08,-2.802021974194237,,,
T3,1.0,0.0657933224657568,10000.0,1e-07,-2.8020219742610655,,,
T3,1.0,0.0657933224657568,10000.0,1e-06,-2.8020219749293447,,,
T3,1.0,0.0657933224657568,10000.0,1e-05,-2.8020219816121257,,,
T3,1.0,0.0657933224657568,10000.0,0.0001,-2.8020220484399485,,,
T3,1.0,0.0657933224657568,10000.0,0.001,-2.802022716718132,,,
T3,1.0,0.0657933224657568,10000.0,0.01,-2.802029399494386,,,
T3,1.0,0.0657933224657568,10000.0,0.1,-2.8020962266795895,,,
T3,1.0,0.0657933224657568,10000.0,1.0,-2.8027644232473685,,,
T3,1.0,0.0657933224657568,10000.0,10.0,-2.8094239956958567,,,
T3,1.0,0.1873817422860383,0.0001,1e-10,-37.97245856766098,,,
T3,1.0,0.1873817422860383,0.0001,1e-09,-35.546675274696504,,,
T3,1.0,0.1873817422860383,0.0001,1e-08,-25.079940832117636,,,
T3,1.0,0.1873817422860383,0.0001,1e-07,-11.850032156161207,,,
T3,1.0,0.1873817422860383,0.0001,1e-06,-3.9541752426681014,,,
T3,1.0,0.1873817422860383,0.0001,1e-05,-1.0622936823696214,,,
T3,1.0,0.1873817422860383,0.0001,0.0001,-0.9029879921400109,,,
T3,1.0,0.1873817422860383,0.0001,0.001,-1.1287369609626279,,,
T3,1.0,0.1873817422860383,0.0001,0.01,-1.0704367496475378,,,
T3,1.0,0.1873817422860383,0.0001,0.1,-1.2980627175980968,,,
T3,1.0,0.1873817422860383,0.0001,1.0,-1.7528619031534525,,,
T3,1.0,0.1873817422860383,0.0001,10.0,-2.289659611628547,,,
T3,1.0,0.1873817422860383,0.00046415888336127773,1e-10,-16.79462189308002,,,
T3,1.0,0.1873817422860383,0.00046415888336127773,1e-09,-16.518287384339743,,,
T3,1.0,0.1873817422860383,0.00046415888336127773,1e-08,-14.447910877536112,,,
T3,1.0,0.1873817422860383,0.00046415888336127773,1e-07,-8.470109755093109,,,
T3,1.0,0.1873817422860383,0.00046415888336127773,1e-06,-3.1150650479033013,,,
T3,1.0,0.1873817422860383,0.00046415888336127773,1e-05,-0.44511031294686065,,,
T3,1.0,0.1873817422860383,0.00046415888336127773,0.0001,0.051061208633370825,,,
T3,1.0,0.1873817422860383,0.00046415888336127773,0.001,-0.46819293662145683,,,
T3,1.0,0.1873817422860383,0.00046415888336127773,0.01,-0.9441319903606704,,,
T3,1.0,0.1873817422860383,0.00046415888336127773,0.1,-1.287846432332421,,,
T3,1.0,0.1873817422860383,0.00046415888336127773,1.0,-1.75203108206195,,,
T3,1.0,0.1873817422860383,0.00046415888336127773,10.0,-2.28958339323973,,,
T3,1.0,0.1873817422860383,0.002154434690031882,1e-10,-7.068244960143917,,,
T3,1.0,0.1873817422860383,0.002154434690031882,1e-09,-7.039651222291624,,,
T3,1.0,0.1873817422860383,0.002154434690031882,1e-08,-6.774059318643751,,,
T3,1.0,0.1873817422860383,0.002154434690031882,1e-07,-5.192114069080503,,,
T3,1.0,0.1873817422860383,0.002154434690031882,1e-06,-2.2471191285880563,,,
T3,1.0,0.1873817422860383,0.002154434690031882,1e-05,-0.2733361757954228,,,
T3,1.0,0.1873817422860383,0.002154434690031882,0.0001,0.40525682955840914,,,
T3,1.0,0.1873817422860383,0.002154434690031882,0.001,0.06628830013763753,,,
T3,1.0,0.1873817422860383,0.002154434690031882,0.01,-0.6631401051895377,,,
T3,1.0,0.1873817422860383,0.002154434690031882,0.1,-1.2457767196802605,,,
T3,1.0,0.1873817422860383,0.002154434690031882,1.0,-1.7482216256207959,,,
T3,1.0,0.1873817422860383,0.002154434690031882,10.0,-2.289230041177715,,,
T3,1.0,0.1873817422860383,0.01,1e-10,-2.7488950834455617,,,
T3,1.0,0.1873817422860383,0.01,1e-09,-2.7459942791683156,,,
T3,1.0,0.1873817422860383,0.01,1e-08,-2.717466312055021,,,
T3,1.0,0.1873817422860383,0.01,1e-07,-2.4720686602686035,,,
T3,1.0,0.1873817422860383,0.01,1e-06,-1.423973524619493,,,
T3,1.0,0.1873817422860383,0.01,1e-05,-0.1765218355735275,,,
T3,1.0,0.1873817422860383,0.01,0.0001,0.41387756289229893,,,
T3,1.0,0.1873817422860383,0.01,0.001,0.32272602638928694,,,
T3,1.0,0.1873817422860383,0.01,0.01,-0.33197004768623195,,,
T3,1.0,0.1873817422860383,0.01,0.1,-1.1172736202471332,,,
T3,1.0,0.1873817422860383,0.01,1.0,-1.731480632579877,,,
T3,1.0,0.1873817422860383,0.01,10.0,-2.2875989608618816,,,
T3,1.0,0.1873817422860383,0.046415888336127774,1e-10,-0.9486207119361676,,,
T3,1.0,0.1873817422860383,0.046415888336127774,1e-09,-0.948325449869629,,,
T3,1.0,0.1873817422860383,0.046415888336127774,1e-08,-0.9453836244307858,,,
T3,1.0,0.1873817422860383,0.046415888336127774,1e-07,-0.9169987147859274,,,
T3,1.0,0.1873817422860383,0.046415888336127774,1e-06,-0.7054340745869443,,,
T3,1.0,0.1873817422860383,0.046415888336127774,1e-05,-0.11965736360371153,,,
T3,1.0,0.1873817422860383,0.046415888336127774,0.0001,0.2981686397103431,,,
T3,1.0,0.1873817422860383,0.046415888336127774,0.001,0.32099190100483843,,,
T3,1.0,0.1873817422860383,0.046415888336127774,0.01,-0.10561073413902555,,,
T3,1.0,0.1873817422860383,0.046415888336127774,0.1,-0.8937204283467418,,,
T3,1.0,0.1873817422860383,0.046415888336127774,1.0,-1.6690135624932148,,,
T3,1.0,0.1873817422860383,0.046415888336127774,10.0,-2.2802165488690385,,,
T3,1.0,0.1873817422860383,0.21544346900318823,1e-10,-0.3185387951620555,,,
T3,1.0,0.1873817422860383,0.21544346900318823,1e-09,-0.31850823466788575,,,
T3,1.0,0.1873817422860383,0.21544346900318823,1e-08,-0.3182028755799003,,,
T3,1.0,0.1873817422860383,0.21544346900318823,1e-07,-0.31517363361557854,,,
T3,1.0,0.1873817422860383,0.21544346900318823,1e-06,-0.2871036032183234,,,
T3,1.0,0.1873817422860383,0.21544346900318823,1e-05,-0.1236547594639262,,,
T3,1.0,0.1873817422860383,0.21544346900318823,0.0001,0.13258979421191447,,,
T3,1.0,0.1873817422860383,0.21544346900318823,0.001,0.17097732398804072,,,
T3,1.0,0.1873817422860383,0.21544346900318823,0.01,-0.06368467698636149,,,
T3,1.0,0.1873817422860383,0.21544346900318823,0.1,-0.6763810218811794,,,
T3,1.0,0.1873817422860383,0.21544346900318823,1.0,-1.5165934700171992,,,
T3,1.0,0.1873817422860383,0.21544346900318823,10.0,-2.249473697863193,,,
T3,1.0,0.1873817422860383,1.0,1e-10,-0.2317066788724933,,,
T3,1.0,0.1873817422860383,1.0,1e-09,-0.2317034017919017,,,
T3,1.0,0.1873817422860383,1.0,1e-08,-0.23167063685833256,,,
T3,1.0,0.1873817422860383,1.0,1e-07,-0.23134357379189013,,,
T3,1.0,0.1873817422860383,1.0,1e-06,-0.22813037834448763,,,
T3,1.0,0.1873817422860383,1.0,1e-05,-0.20077129066716176,,,
T3,1.0,0.1873817422860383,1.0,0.0001,-0.09454008571619496,,,
T3,1.0,0.1873817422860383,1.0,0.001,-0.04533409536209252,,,
T3,1.0,0.1873817422860383,1.0,0.01,-0.1854804483989895,,,
T3,1.0,0.1873817422860383,1.0,0.1,-0.5749352945821433,,,
T3,1.0,0.1873817422860383,1.0,1.0,-1.3110315450881742,,,
T3,1.0,0.1873817422860383,1.0,10.0,-2.152290578022904,,,
T3,1.0,0.1873817422860383,4.641588833612772,1e-10,-0.39703832384373605,,,
T3,1.0,0.1873817422860383,4.641588833612772,1e-09,-0.39703794855571195,,,
T3,1.0,0.1873817422860383,4.641588833612772,1e-08,-0.3970341958297869,,,
T3,1.0,0.1873817422860383,4.641588833612772,1e-07,-0.39699668389067144,,,
T3,1.0,0.1873817422860383,4.641588833612772,1e-06,-0.39662308941330976,,,
T3,1.0,0.1873817422860383,4.641588833612772,1e-05,-0.3930331396775625,,,
T3,1.0,0.1873817422860383,4.641588833612772,0.0001,-0.3673496861390294,,,
T3,1.0,0.1873817422860383,4.641588833612772,0.001,-0.3207754163022624,,,
T3,1.0,0.1873817422860383,4.641588833612772,0.01,-0.39667128337560803,,,
T3,1.0,0.1873817422860383,4.641588833612772,0.1,-0.6385611694473111,,,
T3,1.0,0.1873817422860383,4.641588833612772,1.0,-1.1574412202635858,,,
T3,1.0,0.1873817422860383,4.641588833612772,10.0,-1.9724364693665908,,,
T3,1.0,0.1873817422860383,21.54434690031882,1e-10,-0.6794149901830855,,,
T3,1.0,0.1873817422860383,21.54434690031882,1e-09,-0.6794149424046333,,,
T3,1.0,0.1873817422860383,21.54434690031882,1e-08,-0.6794144646227778,,,
T3,1.0,0.1873817422860383,21.54434690031882,1e-07,-0.6794096872587143,,,
T3,1.0,0.1873817422860383,21.54434690031882,1e-06,-0.6793619589632705,,,
T3,1.0,0.1873817422860383,21.54434690031882,1e-05,-0.6788891665916037,,,
T3,1.0,0.1873817422860383,21.54434690031882,0.0001,-0.6745713235191773,,,
T3,1.0,0.1873817422860383,21.54434690031882,0.001,-0.6529721203446,,,
T3,1.0,0.1873817422860383,21.54434690031882,0.01,-0.665602605351358,,,
T3,1.0,0.1873817422860383,21.54434690031882,0.1,-0.8207546178780024,,,
T3,1.0,0.1873817422860383,21.54434690031882,1.0,-1.1467421194872176,,,
T3,1.0,0.1873817422860383,21.54434690031882,10.0,-1.7868112459324093,,,
T3,1.0,0.1873817422860383,100.0,1e-10,-1.0161192438637165,,,
T3,1.0,0.1873817422860383,100.0,1e-09,-1.0161192368780505,,,
T3,1.0,0.1873817422860383,100.0,1e-08,-1.0161191670163918,,,
T3,1.0,0.1873817422860383,100.0,1e-07,-1.0161184684243398,,,
T3,1.0,0.1873817422860383,100.0,1e-06,-1.0161114840460286,,,
T3,1.0,0.1873817422860383,100.0,1e-05,-1.0160417951018625,,,
T3,1.0,0.1873817422860383,100.0,0.0001,-1.0153600768193694,,,
T3,1.0,0.1873817422860383,100.0,0.001,-1.0098048455555666,,,
T3,1.0,0.1873817422860383,100.0,0.01,-0.9977600336732767,,,
T3,1.0,0.1873817422860383,100.0,0.1,-1.0683786131882738,,,
T3,1.0,0.1873817422860383,100.0,1.0,-1.281579541375439,,,
T3,1.0,0.1873817422860383,100.0,10.0,-1.700864718526607,,,
T3,1.0,0.1873817422860383,464.1588833612773,1e-10,-1.378040140712794,,,
T3,1.0,0.1873817422860383,464.1588833612773,1e-09,-1.3780401395387325,,,
T3,1.0,0.1873817422860383,464.1588833612773,1e-08,-1.3780401277948289,,,
T3,1.0,0.1873817422860383,464.1588833612773,1e-07,-1.3780400103601729,,,
T3,1.0,0.1873817422860383,464.1588833612773,1e-06,-1.3780388360662204,,,
T3,1.0,0.1873817422860383,464.1588833612773,1e-05,-1.3780270991409709,,,
T3,1.0,0.1873817422860383,464.1588833612773,0.0001,-1.3779103277593567,,,
T3,1.0,0.1873817422860383,464.1588833612773,0.001,-1.3767998740133778,,,
T3,1.0,0.1873817422860383,464.1588833612773,0.01,-1.3697045391414808,,,
T3,1.0,0.1873817422860383,464.1588833612773,0.1,-1.3770505134193873,,,
T3,1.0,0.1873817422860383,464.1588833612773,1.0,-1.5023185675315376,,,
T3,1.0,0.1873817422860383,464.1588833612773,10.0,-1.7706797683398476,,,
T3,1.0,0.1873817422860383,2154.4346900318824,1e-10,-1.751665567762921,,,
T3,1.0,0.1873817422860383,2154.4346900318824,1e-09,-1.7516655675429746,,,
T3,1.0,0.1873817422860383,2154.4346900318824,1e-08,-1.7516655653442457,,,
T3,1.0,0.1873817422860383,2154.4346900318824,1e-07,-1.7516655433504127,,,
T3,1.0,0.1873817422860383,2154.4346900318824,1e-06,-1.7516653234200994,,,
T3,1.0,0.1873817422860383,2154.4346900318824,1e-05,-1.7516631243700647,,,
T3,1.0,0.1873817422860383,2154.4346900318824,0.0001,-1.751641159153945,,,
T3,1.0,0.1873817422860383,2154.4346900318824,0.001,-1.7514240117408058,,,
T3,1.0,0.1873817422860383,2154.4346900318824,0.01,-1.749481387400688,,,
T3,1.0,0.1873817422860383,2154.4346900318824,0.1,-1.7420671482854484,,,
T3,1.0,0.1873817422860383,2154.4346900318824,1.0,-1.7815851371594043,,,
T3,1.0,0.1873817422860383,2154.4346900318824,10.0,-1.9560911039151407,,,
T3,1.0,0.1873817422860383,10000.0,1e-10,-2.1307237566468467,,,
T3,1.0,0.1873817422860383,10000.0,1e-09,-2.1307237566023804,,,
T3,1.0,0.1873817422860383,10000.0,1e-08,-2.1307237561610477,,,
T3,1.0,0.1873817422860383,10000.0,1e-07,-2.1307237517544344,,,
T3,1.0,0.1873817422860383,10000.0,1e-06,-2.130723707678787,,,
T3,1.0,0.1873817422860383,10000.0,1e-05,-2.1307232669341936,,,
T3,1.0,0.1873817422860383,10000.0,0.0001,-2.130718860612204,,,
T3,1.0,0.1873817422860383,10000.0,0.001,-2.130674909080671,,,
T3,1.0,0.1873817422860383,10000.0,0.01,-2.130246338514914,,,
T3,1.0,0.1873817422860383,10000.0,0.1,-2.126871492890854,,,
T3,1.0,0.1873817422860383,10000.0,1.0,-2.124245320316291,,,
T3,1.0,0.1873817422860383,10000.0,10.0,-2.2068463568182146,,,
T3,1.0,0.5336699231206307,0.0001,1e-10,-311.5659723530979,,,
T3,1.0,0.5336699231206307,0.0001,1e-09,-148.41501638942955,,,
T3,1.0,0.5336699231206307,0.0001,1e-08,-56.53925517239122,,,
T3,1.0,0.5336699231206307,0.0001,1e-07,-18.270458371231594,,,
T3,1.0,0.5336699231206307,0.0001,1e-06,-5.907966113828337,,,
T3,1.0,0.5336699231206307,0.0001,1e-05,-3.129982680554118,,,
T3,1.0,0.5336699231206307,0.0001,0.0001,-2.0381524680205034,,,
T3,1.0,0.5336699231206307,0.0001,0.001,-1.3458318564150595,,,
T3,1.0,0.5336699231206307,0.0001,0.01,-1.088609017401828,,,
T3,1.0,0.5336699231206307,0.0001,0.1,-1.299324085343247,,,
T3,1.0,0.5336699231206307,0.0001,1.0,-1.7529661194940622,,,
T3,1.0,0.5336699231206307,0.0001,10.0,-2.289669311712755,,,
T3,1.0,0.5336699231206307,0.00046415888336127773,1e-10,-200.17079408626572,,,
T3,1.0,0.5336699231206307,0.00046415888336127773,1e-09,-114.34970467539469,,,
T3,1.0,0.5336699231206307,0.00046415888336127773,1e-08,-49.85150949110656,,,
T3,1.0,0.5336699231206307,0.00046415888336127773,1e-07,-17.004766761447943,,,
T3,1.0,0.5336699231206307,0.00046415888336127773,1e-06,-4.662084971739633,,,
T3,1.0,0.5336699231206307,0.00046415888336127773,1e-05,-1.2908311755225508,,,
T3,1.0,0.5336699231206307,0.00046415888336127773,0.0001,-0.9274057822138474,,,
T3,1.0,0.5336699231206307,0.00046415888336127773,0.001,-0.8665727627491485,,,
T3,1.0,0.5336699231206307,0.00046415888336127773,0.01,-1.0081075028710482,,,
T3,1.0,0.5336699231206307,0.00046415888336127773,0.1,-1.2934923166592964,,,
T3,1.0,0.5336699231206307,0.00046415888336127773,1.0,-1.7525129963113923,,,
T3,1.0,0.5336699231206307,0.00046415888336127773,10.0,-2.2896284000951637,,,
T3,1.0,0.5336699231206307,0.002154434690031882,1e-10,-107.33177388823387,,,
T3,1.0,0.5336699231206307,0.002154434690031882,1e-09,-79.10302983123168,,,
T3,1.0,0.5336699231206307,0.002154434690031882,1e-08,-40.068921615977104,,,
T3,1.0,0.5336699231206307,0.002154434690031882,1e-07,-15.482247926264687,,,
T3,1.0,0.5336699231206307,0.002154434690031882,1e-06,-4.277861996987947,,,
T3,1.0,0.5336699231206307,0.002154434690031882,1e-05,-0.5799947704094247,,,
T3,1.0,0.5336699231206307,0.002154434690031882,0.0001,-0.04459310735738668,,,
T3,1.0,0.5336699231206307,0.002154434690031882,0.001,-0.41020039136238323,,,
T3,1.0,0.5336699231206307,0.002154434690031882,0.01,-0.8164534492894603,,,
T3,1.0,0.5336699231206307,0.002154434690031882,0.1,-1.2684374556095988,,,
T3,1.0,0.5336699231206307,0.002154434690031882,1.0,-1.7504205081446707,,,
T3,1.0,0.5336699231206307,0.002154434690031882,10.0,-2.289438580506288,,,
T3,1.0,0.5336699231206307,0.01,1e-10,-51.18442402978983,,,
T3,1.0,0.5336699231206307,0.01,1e-09,-45.94198277843492,,,
T3,1.0,0.5336699231206307,0.01,1e-08,-29.23123856684264,,,
T3,1.0,0.5336699231206307,0.01,1e-07,-13.009308583361895,,,
T3,1.0,0.5336699231206307,0.01,1e-06,-4.006550825288538,,,
T3,1.0,0.5336699231206307,0.01,1e-05,-0.44566708156744744,,,
T3,1.0,0.5336699231206307,0.01,0.0001,0.3868483868738636,,,
T3,1.0,0.5336699231206307,0.01,0.001,0.02142387768025813,,,
T3,1.0,0.5336699231206307,0.01,0.01,-0.583322642829831,,,
T3,1.0,0.5336699231206307,0.01,0.1,-1.1858650119915102,,,
T3,1.0,0.5336699231206307,0.01,1.0,-1.740966310946881,,,
T3,1.0,0.5336699231206307,0.01,10.0,-2.288559183305693,,,
T3,1.0,0.5336699231206307,0.046415888336127774,1e-10,-23.199992719821914,,,
T3,1.0,0.5336699231206307,0.046415888336127774,1e-09,-22.549947409449207,,,
T3,1.0,0.5336699231206307,0.046415888336127774,1e-08,-18.431725051688353,,,
T3,1.0,0.5336699231206307,0.046415888336127774,1e-07,-9.87257237992883,,,
T3,1.0,0.5336699231206307,0.046415888336127774,1e-06,-3.552358242099126,,,
T3,1.0,0.5336699231206307,0.046415888336127774,1e-05,-0.4765776949475892,,,
T3,1.0,0.5336699231206307,0.046415888336127774,0.0001,0.4564373851943742,,,
T3,1.0,0.5336699231206307,0.046415888336127774,0.001,0.3145627656109312,,,
T3,1.0,0.5336699231206307,0.046415888336127774,0.01,-0.34760048830633644,,,
T3,1.0,0.5336699231206307,0.046415888336127774,0.1,-1.0389209689799788,,,
T3,1.0,0.5336699231206307,0.046415888336127774,1.0,-1.7031242653994876,,,
T3,1.0,0.5336699231206307,0.046415888336127774,10.0,-2.284517140678345,,,
T3,1.0,0.5336699231206307,0.21544346900318823,1e-10,-10.172952259576562,,,
T3,1.0,0.5336699231206307,0.21544346900318823,1e-09,-10.104109497496273,,,
T3,1.0,0.5336699231206307,0.21544346900318823,1e-08,-9.498624790261442,,,
T3,1.0,0.5336699231206307,0.21544346900318823,1e-07,-6.669652256979839,,,
T3,1.0,0.5336699231206307,0.21544346900318823,1e-06,-2.8212964692431735,,,
T3,1.0,0.5336699231206307,0.21544346900318823,1e-05,-0.5224532535382302,,,
T3,1.0,0.5336699231206307,0.21544346900318823,0.0001,0.36241560372070614,,,
T3,1.0,0.5336699231206307,0.21544346900318823,0.001,0.3869777672236225,,,
T3,1.0,0.5336699231206307,0.21544346900318823,0.01,-0.1235647062822606,,,
T3,1.0,0.5336699231206307,0.21544346900318823,0.1,-0.880262280904325,,,
T3,1.0,0.5336699231206307,0.21544346900318823,1.0,-1.6049728868970554,,,
T3,1.0,0.5336699231206307,0.21544346900318823,10.0,-2.2668120678920545,,,
T3,1.0,0.5336699231206307,1.0,1e-10,-4.30683366123179,,,
T3,1.0,0.5336699231206307,1.0,1e-09,-4.299819086382406,,,
T3,1.0,0.5336699231206307,1.0,1e-08,-4.231743839698703,,,
T3,1.0,0.5336699231206307,1.0,1e-07,-3.702489990010047,,,
T3,1.0,0.5336699231206307,1.0,1e-06,-2.0339284811876044,,,
T3,1.0,0.5336699231206307,1.0,1e-05,-0.504901094572665,,,
T3,1.0,0.5336699231206307,1.0,0.0001,0.21055631756961155,,,
T3,1.0,0.5336699231206307,1.0,0.001,0.30064875555154347,,,
T3,1.0,0.5336699231206307,1.0,0.01,-0.01983345490325057,,,
T3,1.0,0.5336699231206307,1.0,0.1,-0.6995987583436261,,,
T3,1.0,0.5336699231206307,1.0,1.0,-1.4740029521580844,,,
T3,1.0,0.5336699231206307,1.0,10.0,-2.2060316193964757,,,
T3,1.0,0.5336699231206307,4.641588833612772,1e-10,-1.7871234640989033,,,
T3,1.0,0.5336699231206307,4.641588833612772,1e-09,-1.7864102700366324,,,
T3,1.0,0.5336699231206307,4.641588833612772,1e-08,-1.7793253184176294,,,
T3,1.0,0.5336699231206307,4.641588833612772,1e-07,-1.712820639473684,,,
T3,1.0,0.5336699231206307,4.641588833612772,1e-06,-1.2939814402844085,,,
T3,1.0,0.5336699231206307,4.641588833612772,1e-05,-0.4610224422309244,,,
T3,1.0,0.5336699231206307,4.641588833612772,0.0001,0.041393590952638705,,,
T3,1.0,0.5336699231206307,4.641588833612772,0.001,0.14007791985559095,,,
T3,1.0,0.5336699231206307,4.641588833612772,0.01,-0.06787367095951354,,,
T3,1.0,0.5336699231206307,4.641588833612772,0.1,-0.5610611321230398,,,
T3,1.0,0.5336699231206307,4.641588833612772,1.0,-1.3257832507629064,,,
T3,1.0,0.5336699231206307,4.641588833612772,10.0,-2.0923190814503823,,,
T3,1.0,0.5336699231206307,21.54434690031882,1e-10,-0.822959272936432,,,
T3,1.0,0.5336699231206307,21.54434690031882,1e-09,-0.8228857850890983,,,
T3,1.0,0.5336699231206307,21.54434690031882,1e-08,-0.8221519719103281,,,
T3,1.0,0.5336699231206307,21.54434690031882,1e-07,-0.8149182040457813,,,
T3,1.0,0.5336699231206307,21.54434690031882,1e-06,-0.7514731726204126,,,
T3,1.0,0.5336699231206307,21.54434690031882,1e-05,-0.4624777914784456,,,
T3,1.0,0.5336699231206307,21.54434690031882,0.0001,-0.13269724641089872,,,
T3,1.0,0.5336699231206307,21.54434690031882,0.001,-0.0626370781140901,,,
T3,1.0,0.5336699231206307,21.54434690031882,0.01,-0.20971992805343528,,,
T3,1.0,0.5336699231206307,21.54434690031882,0.1,-0.5524882708596144,,,
T3,1.0,0.5336699231206307,21.54434690031882,1.0,-1.1676251580238135,,,
T3,1.0,0.5336699231206307,21.54434690031882,10.0,-1.963431761707713,,,
T3,1.0,0.5336699231206307,100.0,1e-10,-0.5810448097534519,,,
T3,1.0,0.5336699231206307,100.0,1e-09,-0.581037001718121,,,
T3,1.0,0.5336699231206307,100.0,1e-08,-0.5809589471431572,,,
T3,1.0,0.5336699231206307,100.0,1e-07,-0.5801808785050617,,,
T3,1.0,0.5336699231206307,100.0,1e-06,-0.5726391117850202,,,
T3,1.0,0.5336699231206307,100.0,1e-05,-0.5147040036873971,,,
T3,1.0,0.5336699231206307,100.0,0.0001,-0.3503607642455776,,,
T3,1.0,0.5336699231206307,100.0,0.001,-0.2906236375409154,,,
T3,1.0,0.5336699231206307,100.0,0.01,-0.4038962599915302,,,
T3,1.0,0.5336699231206307,100.0,0.1,-0.6608829525838538,,,
T3,1.0,0.5336699231206307,100.0,1.0,-1.0966649309282832,,,
T3,1.0,0.5336699231206307,100.0,10.0,-1.8078643137933343,,,
T3,1.0,0.5336699231206307,464.1588833612773,1e-10,-0.6743920725761772,,,
T3,1.0,0.5336699231206307,464.1588833612773,1e-09,-0.6743911930998683,,,
T3,1.0,0.5336699231206307,464.1588833612773,1e-08,-0.6743823980712991,,,
T3,1.0,0.5336699231206307,464.1588833612773,1e-07,-0.6742945112681807,,,
T3,1.0,0.5336699231206307,464.1588833612773,1e-06,-0.6734218692122385,,,
T3,1.0,0.5336699231206307,464.1588833612773,1e-05,-0.6652712543187281,,,
T3,1.0,0.5336699231206307,464.1588833612773,0.0001,-0.6163703708700623,,,
T3,1.0,0.5336699231206307,464.1588833612773,0.001,-0.5560307402576521,,,
T3,1.0,0.5336699231206307,464.1588833612773,0.01,-0.6353945175898745,,,
T3,1.0,0.5336699231206307,464.1588833612773,0.1,-0.8344198105118583,,,
T3,1.0,0.5336699231206307,464.1588833612773,1.0,-1.1564680684222437,,,
T3,1.0,0.5336699231206307,464.1588833612773,10.0,-1.6847868137437598,,,
T3,1.0,0.5336699231206307,2154.4346900318824,1e-10,-0.9233563899559598,,,
T3,1.0,0.5336699231206307,2154.4346900318824,1e-09,-0.9233562807047047,,,
T3,1.0,0.5336699231206307,2154.4346900318824,1e-08,-0.923355188558357,,,
T3,1.0,0.5336699231206307,2154.4346900318824,1e-07,-0.923344267578849,,,
T3,1.0,0.5336699231206307,2154.4346900318824,1e-06,-0.9232352352199724,,,
T3,1.0,0.5336699231206307,2154.4346900318824,1e-05,-0.9221623664560961,,,
T3,1.0,0.5336699231206307,2154.4346900318824,0.0001,-0.9129213027636902,,,
T3,1.0,0.5336699231206307,2154.4346900318824,0.001,-0.8779236367952166,,,
T3,1.0,0.5336699231206307,2154.4346900318824,0.01,-0.9000006159743006,,,
T3,1.0,0.5336699231206307,2154.4346900318824,0.1,-1.0528187524210655,,,
T3,1.0,0.5336699231206307,2154.4346900318824,1.0,-1.3030967730805274,,,
T3,1.0,0.5336699231206307,2154.4346900318824,10.0,-1.6825981665161194,,,
T3,1.0,0.5336699231206307,10000.0,1e-10,-1.2445519883371987,,,
T3,1.0,0.5336699231206307,10000.0,1e-09,-1.2445519728132954,,,
T3,1.0,0.5336699231206307,10000.0,1e-08,-1.2445518176815722,,,
T3,1.0,0.5336699231206307,10000.0,1e-07,-1.2445502671443152,,,
T3,1.0,0.5336699231206307,10000.0,1e-06,-1.2445347674325882,,,
T3,1.0,0.5336699231206307,10000.0,1e-05,-1.2443803494675716,,,
T3,1.0,0.5336699231206307,10000.0,0.0001,-1.2428919307944282,,,
T3,1.0,0.5336699231206307,10000.0,0.001,-1.232088696963975,,,
T3,1.0,0.5336699231206307,10000.0,0.01,-1.2181672844019096,,,
T3,1.0,0.5336699231206307,10000.0,0.1,-1.3053591836854417,,,
T3,1.0,0.5336699231206307,10000.0,1.0,-1.501504809595267,,,
T3,1.0,0.5336699231206307,10000.0,10.0,-1.7931994152446857,,,
T3,1.0,1.5199110829529332,0.0001,1e-10,-608.6706144794296,,,
T3,1.0,1.5199110829529332,0.0001,1e-09,-206.91372999328428,,,
T3,1.0,1.5199110829529332,0.0001,1e-08,-71.87363946156906,,,
T3,1.0,1.5199110829529332,0.0001,1e-07,-35.53399249989518,,,
T3,1.0,1.5199110829529332,0.0001,1e-06,-22.060744115674876,,,
T3,1.0,1.5199110829529332,0.0001,1e-05,-9.065586215997078,,,
T3,1.0,1.5199110829529332,0.0001,0.0001,-3.5450812947231123,,,
T3,1.0,1.5199110829529332,0.0001,0.001,-1.6621142224996763,,,
T3,1.0,1.5199110829529332,0.0001,0.01,-1.112951377310512,,,
T3,1.0,1.5199110829529332,0.0001,0.1,-1.3009788617070266,,,
T3,1.0,1.5199110829529332,0.0001,1.0,-1.753102562406676,,,
T3,1.0,1.5199110829529332,0.0001,10.0,-2.289682008952569,,,
T3,1.0,1.5199110829529332,0.00046415888336127773,1e-10,-553.630838983928,,,
T3,1.0,1.5199110829529332,0.00046415888336127773,1e-09,-196.4370430455886,,,
T3,1.0,1.5199110829529332,0.00046415888336127773,1e-08,-65.06963086035833,,,
T3,1.0,1.5199110829529332,0.00046415888336127773,1e-07,-23.503179488532897,,,
T3,1.0,1.5199110829529332,0.00046415888336127773,1e-06,-13.37497730754309,,,
T3,1.0,1.5199110829529332,0.00046415888336127773,1e-05,-7.40991652755132,,,
T3,1.0,1.5199110829529332,0.00046415888336127773,0.0001,-2.7806082510399226,,,
T3,1.0,1.5199110829529332,0.00046415888336127773,0.001,-1.4008397151306642,,,
T3,1.0,1.5199110829529332,0.00046415888336127773,0.01,-1.0981195520442075,,,
T3,1.0,1.5199110829529332,0.00046415888336127773,0.1,-1.30095732578781,,,
T3,1.0,1.5199110829529332,0.00046415888336127773,1.0,-1.7531444068262168,,,
T3,1.0,1.5199110829529332,0.00046415888336127773,10.0,-2.289687317564335,,,
T3,1.0,1.5199110829529332,0.002154434690031882,1e-10,-464.87498918202675,,,
T3,1.0,1.5199110829529332,0.002154434690031882,1e-09,-182.70230268418965,,,
T3,1.0,1.5199110829529332,0.002154434690031882,1e-08,-61.845203093095144,,,
T3,1.0,1.5199110829529332,0.002154434690031882,1e-07,-19.61033147631303,,,
T3,1.0,1.5199110829529332,0.002154434690031882,1e-06,-7.511892815641465,,,
T3,1.0,1.5199110829529332,0.002154434690031882,1e-05,-4.7616163441969785,,,
T3,1.0,1.5199110829529332,0.002154434690031882,0.0001,-2.2879830266804895,,,
T3,1.0,1.5199110829529332,0.002154434690031882,0.001,-1.0620960924361633,,,
T3,1.0,1.5199110829529332,0.002154434690031882,0.01,-1.0299870655644345,,,
T3,1.0,1.5199110829529332,0.002154434690031882,0.1,-1.299278940121813,,,
T3,1.0,1.5199110829529332,0.002154434690031882,1.0,-1.7533114526426492,,,
T3,1.0,1.5199110829529332,0.002154434690031882,10.0,-2.2897116667792012,,,
T3,1.0,1.5199110829529332,0.01,1e-10,-356.10438795283176,,,
T3,1.0,1.5199110829529332,0.01,1e-09,-160.3417756833162,,,
T3,1.0,1.5199110829529332,0.01,1e-08,-58.28592373686148,,,
T3,1.0,1.5199110829529332,0.01,1e-07,-18.384730991280286,,,
T3,1.0,1.5199110829529332,0.01,1e-06,-5.251735043019726,,,
T3,1.0,1.5199110829529332,0.01,1e-05,-2.203139842157822,,,
T3,1.0,1.5199110829529332,0.01,0.0001,-1.5748371404447312,,,
T3,1.0,1.5199110829529332,0.01,0.001,-0.8559454215535247,,,
T3,1.0,1.5199110829529332,0.01,0.01,-0.8806816392265386,,,
T3,1.0,1.5199110829529332,0.01,0.1,-1.2824652917002586,,,
T3,1.0,1.5199110829529332,0.01,1.0,-1.7536212398614937,,,
T3,1.0,1.5199110829529332,0.01,10.0,-2.2898185722603417,,,
T3,1.0,1.5199110829529332,0.046415888336127774,1e-10,-244.3566433177072,,,
T3,1.0,1.5199110829529332,0.046415888336127774,1e-09,-128.2586974364049,,,
T3,1.0,1.5199110829529332,0.046415888336127774,1e-08,-52.987923399191175,,,
T3,1.0,1.5199110829529332,0.046415888336127774,1e-07,-17.490582434258414,,,
T3,1.0,1.5199110829529332,0.046415888336127774,1e-06,-4.655355445497839,,,
T3,1.0,1.5199110829529332,0.046415888336127774,1e-05,-0.924488711488791,,,
T3,1.0,1.5199110829529332,0.046415888336127774,0.0001,-0.576593063755508,,,
T3,1.0,1.5199110829529332,0.046415888336127774,0.001,-0.6634004294169273,,,
T3,1.0,1.5199110829529332,0.046415888336127774,0.01,-0.7563051870901909,,,
T3,1.0,1.5199110829529332,0.046415888336127774,0.1,-1.2161772397362351,,,
T3,1.0,1.5199110829529332,0.046415888336127774,1.0,-1.7504138363780086,,,
T3,1.0,1.5199110829529332,0.046415888336127774,10.0,-2.2901971998878796,,,
T3,1.0,1.5199110829529332,0.21544346900318823,1e-10,-140.81068604838612,,,
T3,1.0,1.5199110829529332,0.21544346900318823,1e-09,-93.38211750322449,,,
T3,1.0,1.5199110829529332,0.21544346900318823,1e-08,-44.34734749930671,,,
T3,1.0,1.5199110829529332,0.21544346900318823,1e-07,-16.306226514577926,,,
T3,1.0,1.5199110829529332,0.21544346900318823,1e-06,-4.4684111871217915,,,
T3,1.0,1.5199110829529332,0.21544346900318823,1e-05,-0.5767147563050325,,,
T3,1.0,1.5199110829529332,0.21544346900318823,0.0001,0.1337396510682339,,,
T3,1.0,1.5199110829529332,0.21544346900318823,0.001,-0.3056096420391903,,,
T3,1.0,1.5199110829529332,0.21544346900318823,0.01,-0.6869101199466308,,,
T3,1.0,1.5199110829529332,0.21544346900318823,0.1,-1.1216685584759438,,,
T3,1.0,1.5199110829529332,0.21544346900318823,1.0,-1.7225514425571085,,,
T3,1.0,1.5199110829529332,0.21544346900318823,10.0,-2.2903117013032612,,,
T3,1.0,1.5199110829529332,1.0,1e-10,-69.76806300347937,,,
T3,1.0,1.5199110829529332,1.0,1e-09,-58.724535734861135,,,
T3,1.0,1.5199110829529332,1.0,1e-08,-33.746500840954354,,,
T3,1.0,1.5199110829529332,1.0,1e-07,-14.290837503519423,,,
T3,1.0,1.5199110829529332,1.0,1e-06,-4.283617953299338,,,
T3,1.0,1.5199110829529332,1.0,1e-05,-0.5679943828829422,,,
T3,1.0,1.5199110829529332,1.0,0.0001,0.37429210698278653,,,
T3,1.0,1.5199110829529332,1.0,0.001,0.09378213176849393,,,
T3,1.0,1.5199110829529332,1.0,0.01,-0.5624097347690273,,,
T3,1.0,1.5199110829529332,1.0,0.1,-1.0711446339564887,,,
T3,1.0,1.5199110829529332,1.0,1.0,-1.6504049655242015,,,
T3,1.0,1.5199110829529332,1.0,10.0,-2.2806636904676374,,,
T3,1.0,1.5199110829529332,4.641588833612772,1e-10,-32.2527998722932,,,
T3,1.0,1.5199110829529332,4.641588833612772,1e-09,-30.691877555295758,,,
T3,1.0,1.5199110829529332,4.641588833612772,1e-08,-22.898722603189874,,,
T3,1.0,1.5199110829529332,4.641588833612772,1e-07,-11.335338013861325,,,
T3,1.0,1.5199110829529332,4.641588833612772,1e-06,-3.9597951512077776,,,
T3,1.0,1.5199110829529332,4.641588833612772,1e-05,-0.632099664936257,,,
T3,1.0,1.5199110829529332,4.641588833612772,0.0001,0.34990880414477205,,,
T3,1.0,1.5199110829529332,4.641588833612772,0.001,0.29721707436905154,,,
T3,1.0,1.5199110829529332,4.641588833612772,0.01,-0.33291793122409885,,,
T3,1.0,1.5199110829529332,4.641588833612772,0.1,-1.0249121114508137,,,
T3,1.0,1.5199110829529332,4.641588833612772,1.0,-1.5900381725425388,,,
T3,1.0,1.5199110829529332,4.641588833612772,10.0,-2.233874284044113,,,
T3,1.0,1.5199110829529332,21.54434690031882,1e-10,-14.447157057695657,,,
T3,1.0,1.5199110829529332,21.54434690031882,1e-09,-14.274762567209368,,,
T3,1.0,1.5199110829529332,21.54434690031882,1e-08,-12.894253074159073,,,
T3,1.0,1.5199110829529332,21.54434690031882,1e-07,-8.150590533188595,,,
T3,1.0,1.5199110829529332,21.54434690031882,1e-06,-3.330746617014308,,,
T3,1.0,1.5199110829529332,21.54434690031882,1e-05,-0.7027821915876448,,,
T3,1.0,1.5199110829529332,21.54434690031882,0.0001,0.2331047116891405,,,
T3,1.0,1.5199110829529332,21.54434690031882,0.001,0.290483623844325,,,
T3,1.0,1.5199110829529332,21.54434690031882,0.01,-0.1378603941096376,,,
T3,1.0,1.5199110829529332,21.54434690031882,0.1,-0.8961722636730827,,,
T3,1.0,1.5199110829529332,21.54434690031882,1.0,-1.562966121120977,,,
T3,1.0,1.5199110829529332,21.54434690031882,10.0,-2.163789096927994,,,
T3,1.0,1.5199110829529332,100.0,1e-10,-6.324765753378396,,,
T3,1.0,1.5199110829529332,100.0,1e-09,-6.307046203587918,,,
T3,1.0,1.5199110829529332,100.0,1e-08,-6.139296630960821,,,
T3,1.0,1.5199110829529332,100.0,1e-07,-5.02795524104711,,,
T3,1.0,1.5199110829529332,100.0,1e-06,-2.5468754708947388,,,
T3,1.0,1.5199110829529332,100.0,1e-05,-0.7219069841920494,,,
T3,1.0,1.5199110829529332,100.0,0.0001,0.0804493332335717,,,
T3,1.0,1.5199110829529332,100.0,0.001,0.1775159861000219,,,
T3,1.0,1.5199110829529332,100.0,0.01,-0.09926846986396728,,,
T3,1.0,1.5199110829529332,100.0,0.1,-0.7126889626861621,,,
T3,1.0,1.5199110829529332,100.0,1.0,-1.4973302860487787,,,
T3,1.0,1.5199110829529332,100.0,10.0,-2.1288278470441053,,,
T3,1.0,1.5199110829529332,464.1588833612773,1e-10,-2.753894301726713,,,
T3,1.0,1.5199110829529332,464.1588833612773,1e-09,-2.7520947604396437,,,
T3,1.0,1.5199110829529332,464.1588833612773,1e-08,-2.734318793691274,,,
T3,1.0,1.5199110829529332,464.1588833612773,1e-07,-2.5755917955922674,,,
T3,1.0,1.5199110829529332,464.1588833612773,1e-06,-1.7890938961630067,,,
T3,1.0,1.5199110829529332,464.1588833612773,1e-05,-0.6791653733984617,,,
T3,1.0,1.5199110829529332,464.1588833612773,0.0001,-0.0931456200636294,,,
T3,1.0,1.5199110829529332,464.1588833612773,0.001,0.01758532014303089,,,
T3,1.0,1.5199110829529332,464.1588833612773,0.01,-0.18572806274068193,,,
T3,1.0,1.5199110829529332,464.1588833612773,0.1,-0.6167756388928396,,,
T3,1.0,1.5199110829529332,464.1588833612773,1.0,-1.344713709818281,,,
T3,1.0,1.5199110829529332,464.1588833612773,10.0,-2.097226571501526,,,
T3,1.0,1.5199110829529332,2154.4346900318824,1e-10,-1.3014326095112743,,,
T3,1.0,1.5199110829529332,2154.4346900318824,1e-09,-1.3012484658422838,,,
T3,1.0,1.5199110829529332,2154.4346900318824,1e-08,-1.2994115624084608,,,
T3,1.0,1.5199110829529332,2154.4346900318824,1e-07,-1.2815192422529964,,,
T3,1.0,1.5199110829529332,2154.4346900318824,1e-06,-1.1387730790605377,,,
T3,1.0,1.5199110829529332,2154.4346900318824,1e-05,-0.6636011299034855,,,
T3,1.0,1.5199110829529332,2154.4346900318824,0.0001,-0.26524982063364355,,,
T3,1.0,1.5199110829529332,2154.4346900318824,0.001,-0.17860105060595935,,,
T3,1.0,1.5199110829529332,2154.4346900318824,0.01,-0.3329069902812627,,,
T3,1.0,1.5199110829529332,2154.4346900318824,0.1,-0.6589598299888062,,,
T3,1.0,1.5199110829529332,2154.4346900318824,1.0,-1.2011836904729747,,,
T3,1.0,1.5199110829529332,2154.4346900318824,10.0,-1.9913918176811987,,,
T3,1.0,1.5199110829529332,10000.0,1e-10,-0.8328312554488893,,,
T3,1.0,1.5199110829529332,10000.0,1e-09,-0.832811954658904,,,
T3,1.0,1.5199110829529332,10000.0,1e-08,-0.8326191065787544,,,
T3,1.0,1.5199110829529332,10000.0,1e-07,-0.8307019599963439,,,
T3,1.0,1.5199110829529332,10000.0,1e-06,-0.8125829795142234,,,
T3,1.0,1.5199110829529332,10000.0,1e-05,-0.6944602737368942,,,
T3,1.0,1.5199110829529332,10000.0,0.0001,-0.4630762221392935,,,
T3,1.0,1.5199110829529332,10000.0,0.001,-0.40117722409561407,,,
T3,1.0,1.5199110829529332,10000.0,0.01,-0.5193072299400342,,,
T3,1.0,1.5199110829529332,10000.0,0.1,-0.7840962688464905,,,
T3,1.0,1.5199110829529332,10000.0,1.0,-1.182787819395719,,,
T3,1.0,1.5199110829529332,10000.0,10.0,-1.829499363978983,,,
T3,1.0,4.328761281083057,0.0001,1e-10,-758.78317270005,,,
T3,1.0,4.328761281083057,0.0001,1e-09,-385.3674449836774,,,
T3,1.0,4.328761281083057,0.0001,1e-08,-241.84088133132855,,,
T3,1.0,4.328761281083057,0.0001,1e-07,-99.8266812214827,,,
T3,1.0,4.328761281083057,0.0001,1e-06,-33.305957475988826,,,
T3,1.0,4.328761281083057,0.0001,1e-05,-11.830658324411742,,,
T3,1.0,4.328761281083057,0.0001,0.0001,-4.680410535085694,,,
T3,1.0,4.328761281083057,0.0001,0.001,-1.774105051363851,,,
T3,1.0,4.328761281083057,0.0001,0.01,-1.1190398315133478,,,
T3,1.0,4.328761281083057,0.0001,0.1,-1.3013747874288,,,
T3,1.0,4.328761281083057,0.0001,1.0,-1.7531350760646707,,,
T3,1.0,4.328761281083057,0.0001,10.0,-2.289685033510909,,,
T3,1.0,4.328761281083057,0.00046415888336127773,1e-10,-688.8598230186824,,,
T3,1.0,4.328761281083057,0.00046415888336127773,1e-09,-263.50114974478515,,,
T3,1.0,4.328761281083057,0.00046415888336127773,1e-08,-154.44511018106812,,,
T3,1.0,4.328761281083057,0.00046415888336127773,1e-07,-86.6705341174214,,,
T3,1.0,4.328761281083057,0.00046415888336127773,1e-06,-31.573970068371388,,,
T3,1.0,4.328761281083057,0.00046415888336127773,1e-05,-10.223216504345714,,,
T3,1.0,4.328761281083057,0.00046415888336127773,0.0001,-3.892243169658296,,,
T3,1.0,4.328761281083057,0.00046415888336127773,0.001,-1.7222185210488394,,,
T3,1.0,4.328761281083057,0.00046415888336127773,0.01,-1.1243547119550605,,,
T3,1.0,4.328761281083057,0.00046415888336127773,0.1,-1.3027726372592074,,,
T3,1.0,4.328761281083057,0.00046415888336127773,1.0,-1.75329509569689,,,
T3,1.0,4.328761281083057,0.00046415888336127773,10.0,-2.2897013541004436,,,
T3,1.0,4.328761281083057,0.002154434690031882,1e-10,-657.3678574042598,,,
T3,1.0,4.328761281083057,0.002154434690031882,1e-09,-223.3740243774677,,,
T3,1.0,4.328761281083057,0.002154434690031882,1e-08,-95.89950077310067,,,
T3,1.0,4.328761281083057,0.002154434690031882,1e-07,-60.92647924212057,,,
T3,1.0,4.328761281083057,0.002154434690031882,1e-06,-28.89657582629881,,,
T3,1.0,4.328761281083057,0.002154434690031882,1e-05,-9.570439473964274,,,
T3,1.0,4.328761281083057,0.002154434690031882,0.0001,-3.136595645072704,,,
T3,1.0,4.328761281083057,0.002154434690031882,0.001,-1.5248682220729008,,,
T3,1.0,4.328761281083057,0.002154434690031882,0.01,-1.1238544797089776,,,
T3,1.0,4.328761281083057,0.002154434690031882,0.1,-1.3073391185877026,,,
T3,1.0,4.328761281083057,0.002154434690031882,1.0,-1.7540062467564403,,,
T3,1.0,4.328761281083057,0.002154434690031882,10.0,-2.289776771030318,,,
T3,1.0,4.328761281083057,0.01,1e-10,-624.4041779726583,,,
T3,1.0,4.328761281083057,0.01,1e-09,-210.0998023159246,,,
T3,1.0,4.328761281083057,0.01,1e-08,-72.99628751587669,,,
T3,1.0,4.328761281083057,0.01,1e-07,-36.24832303731834,,,
T3,1.0,4.328761281083057,0.01,1e-06,-22.61765699743244,,,
T3,1.0,4.328761281083057,0.01,1e-05,-8.97705997950245,,,
T3,1.0,4.328761281083057,0.01,0.0001,-2.8161543894270595,,,
T3,1.0,4.328761281083057,0.01,0.001,-1.2084356363224398,,,
T3,1.0,4.328761281083057,0.01,0.01,-1.0824295062118636,,,
T3,1.0,4.328761281083057,0.01,0.1,-1.3149757710655436,,,
T3,1.0,4.328761281083057,0.01,1.0,-1.7567630510478818,,,
T3,1.0,4.328761281083057,0.01,10.0,-2.2901197587362168,,,
T3,1.0,4.328761281083057,0.046415888336127774,1e-10,-579.2703071437561,,,
T3,1.0,4.328761281083057,0.046415888336127774,1e-09,-200.71731432719648,,,
T3,1.0,4.328761281083057,0.046415888336127774,1e-08,-66.07953793989786,,,
T3,1.0,4.328761281083057,0.046415888336127774,1e-07,-23.981236432097397,,,
T3,1.0,4.328761281083057,0.046415888336127774,1e-06,-13.747087117409075,,,
T3,1.0,4.328761281083057,0.046415888336127774,1e-05,-7.6522053074184,,,
T3,1.0,4.328761281083057,0.046415888336127774,0.0001,-2.661180760545197,,,
T3,1.0,4.328761281083057,0.046415888336127774,0.001,-1.0229375838252341,,,
T3,1.0,4.328761281083057,0.046415888336127774,0.01,-0.9597254107400879,,,
T3,1.0,4.328761281083057,0.046415888336127774,0.1,-1.3123062725425754,,,
T3,1.0,4.328761281083057,0.046415888336127774,1.0,-1.7638524423579693,,,
T3,1.0,4.328761281083057,0.046415888336127774,10.0,-2.2915757003098607,,,
T3,1.0,4.328761281083057,0.21544346900318823,1e-10,-504.84586783672614,,,
T3,1.0,4.328761281083057,0.21544346900318823,1e-09,-188.90471744915027,,,
T3,1.0,4.328761281083057,0.21544346900318823,1e-08,-63.05578182477787,,,
T3,1.0,4.328761281083057,0.21544346900318823,1e-07,-20.002737394246502,,,
T3,1.0,4.328761281083057,0.21544346900318823,1e-06,-7.764714377213883,,,
T3,1.0,4.328761281083057,0.21544346900318823,1e-05,-4.986731290348311,,,
T3,1.0,4.328761281083057,0.21544346900318823,0.0001,-2.4045058672640254,,,
T3,1.0,4.328761281083057,0.21544346900318823,0.001,-0.9688884113220798,,,
T3,1.0,4.328761281083057,0.21544346900318823,0.01,-0.8387195698358223,,,
T3,1.0,4.328761281083057,0.21544346900318823,0.1,-1.2673614090040646,,,
T3,1.0,4.328761281083057,0.21544346900318823,1.0,-1.7711161245446991,,,
T3,1.0,4.328761281083057,0.21544346900318823,10.0,-2.296406736191245,,,
T3,1.0,4.328761281083057,1.0,1e-10,-401.115432010663,,,
T3,1.0,4.328761281083057,1.0,1e-09,-170.90693587525874,,,
T3,1.0,4.328761281083057,1.0,1e-08,-59.91814357799903,,,
T3,1.0,4.328761281083057,1.0,1e-07,-18.77979527224579,,,
T3,1.0,4.328761281083057,1.0,1e-06,-5.453762284552042,,,
T3,1.0,4.328761281083057,1.0,1e-05,-2.3725741345151774,,,
T3,1.0,4.328761281083057,1.0,0.0001,-1.7314978558912268,,,
T3,1.0,4.328761281083057,1.0,0.001,-0.9282611471525414,,,
T3,1.0,4.328761281083057,1.0,0.01,-0.8033373726182294,,,
T3,1.0,4.328761281083057,1.0,0.1,-1.1823766593608318,,,
T3,1.0,4.328761281083057,1.0,1.0,-1.7587946951718016,,,
T3,1.0,4.328761281083057,1.0,10.0,-2.3052261348830334,,,
T3,1.0,4.328761281083057,4.641588833612772,1e-10,-290.04871311080825,,,
T3,1.0,4.328761281083057,4.641588833612772,1e-09,-142.1103418541964,,,
T3,1.0,4.328761281083057,4.641588833612772,1e-08,-55.59836844261338,,,
T3,1.0,4.328761281083057,4.641588833612772,1e-07,-17.984058392141815,,,
T3,1.0,4.328761281083057,4.641588833612772,1e-06,-4.8376727693143895,,,
T3,1.0,4.328761281083057,4.641588833612772,1e-05,-1.0654083934759417,,,
T3,1.0,4.328761281083057,4.641588833612772,0.0001,-0.7134481028671953,,,
T3,1.0,4.328761281083057,4.641588833612772,0.001,-0.7865357182669761,,,
T3,1.0,4.328761281083057,4.641588833612772,0.01,-0.8060651216098556,,,
T3,1.0,4.328761281083057,4.641588833612772,0.1,-1.1390729836205078,,,
T3,1.0,4.328761281083057,4.641588833612772,1.0,-1.7026369266955867,,,
T3,1.0,4.328761281083057,4.641588833612772,10.0,-2.3074783395392693,,,
T3,1.0,4.328761281083057,21.54434690031882,1e-10,-180.45550121624814,,,
T3,1.0,4.328761281083057,21.54434690031882,1e-09,-107.76412670257164,,,
T3,1.0,4.328761281083057,21.54434690031882,1e-08,-48.37988885096887,,,
T3,1.0,4.328761281083057,21.54434690031882,1e-07,-16.97870641490308,,,
T3,1.0,4.328761281083057,21.54434690031882,1e-06,-4.660737378534088,,,
T3,1.0,4.328761281083057,21.54434690031882,1e-05,-0.7017719875319376,,,
T3,1.0,4.328761281083057,21.54434690031882,0.0001,0.012600970572266234,,,
T3,1.0,4.328761281083057,21.54434690031882,0.001,-0.42891978701488753,,,
T3,1.0,4.328761281083057,21.54434690031882,0.01,-0.7914621632076646,,,
T3,1.0,4.328761281083057,21.54434690031882,0.1,-1.1448965969049474,,,
T3,1.0,4.328761281083057,21.54434690031882,1.0,-1.6450952541598827,,,
T3,1.0,4.328761281083057,21.54434690031882,10.0,-2.2777740195452054,,,
T3,1.0,4.328761281083057,100.0,1e-10,-94.20163019293958,,,
T3,1.0,4.328761281083057,100.0,1e-09,-72.71884223674587,,,
T3,1.0,4.328761281083057,100.0,1e-08,-38.26399095337306,,,
T3,1.0,4.328761281083057,100.0,1e-07,-15.3887767466659,,,
T3,1.0,4.328761281083057,100.0,1e-06,-4.505703136601641,,,
T3,1.0,4.328761281083057,100.0,1e-05,-0.6839578656220976,,,
T3,1.0,4.328761281083057,100.0,0.0001,0.2643269465590482,,,
T3,1.0,4.328761281083057,100.0,0.001,-0.021162536073924442,,,
T3,1.0,4.328761281083057,100.0,0.01,-0.6790452335847286,,,
T3,1.0,4.328761281083057,100.0,0.1,-1.1595445557648636,,,
T3,1.0,4.328761281083057,100.0,1.0,-1.6382189627846628,,,
T3,1.0,4.328761281083057,100.0,10.0,-2.215934053511991,,,
T3,1.0,4.328761281083057,464.1588833612773,1e-10,-44.542612291901506,,,
T3,1.0,4.328761281083057,464.1588833612773,1e-09,-40.91395737283054,,,
T3,1.0,4.328761281083057,464.1588833612773,1e-08,-27.46542577790845,,,
T3,1.0,4.328761281083057,464.1588833612773,1e-07,-12.74757203543806,,,
T3,1.0,4.328761281083057,464.1588833612773,1e-06,-4.267336363624461,,,
T3,1.0,4.328761281083057,464.1588833612773,1e-05,-0.7468961298686942,,,
T3,1.0,4.328761281083057,464.1588833612773,0.0001,0.25035045379082277,,,
T3,1.0,4.328761281083057,464.1588833612773,0.001,0.1900111186590001,,,
T3,1.0,4.328761281083057,464.1588833612773,0.01,-0.44624749326101193,,,
T3,1.0,4.328761281083057,464.1588833612773,0.1,-1.1361320512001496,,,
T3,1.0,4.328761281083057,464.1588833612773,1.0,-1.6567168495637048,,,
T3,1.0,4.328761281083057,464.1588833612773,10.0,-2.1868498154473603,,,
T3,1.0,4.328761281083057,2154.4346900318824,1e-10,-20.256606917771457,,,
T3,1.0,4.328761281083057,2154.4346900318824,1e-09,-19.826345725287595,,,
T3,1.0,4.328761281083057,2154.4346900318824,1e-08,-16.8515281234467,,,
T3,1.0,4.328761281083057,2154.4346900318824,1e-07,-9.59441714171689,,,
T3,1.0,4.328761281083057,2154.4346900318824,1e-06,-3.7694655151964427,,,
T3,1.0,4.328761281083057,2154.4346900318824,1e-05,-0.8222684660538533,,,
T3,1.0,4.328761281083057,2154.4346900318824,0.0001,0.14260376573318717,,,
T3,1.0,4.328761281083057,2154.4346900318824,0.001,0.19216126185262325,,,
T3,1.0,4.328761281083057,2154.4346900318824,0.01,-0.24583078647474182,,,
T3,1.0,4.328761281083057,2154.4346900318824,0.1,-1.0093019285227545,,,
T3,1.0,4.328761281083057,2154.4346900318824,1.0,-1.6663210846485548,,,
T3,1.0,4.328761281083057,2154.4346900318824,10.0,-2.19866070731078,,,
T3,1.0,4.328761281083057,10000.0,1e-10,-9.029364400870927,,,
T3,1.0,4.328761281083057,10000.0,1e-09,-8.984356103870425,,,
T3,1.0,4.328761281083057,10000.0,1e-08,-8.57670087721165,,,
T3,1.0,4.328761281083057,10000.0,1e-07,-6.420801320821378,,,
T3,1.0,4.328761281083057,10000.0,1e-06,-3.015010307809619,,,
T3,1.0,4.328761281083057,10000.0,1e-05,-0.8731236583311898,,,
T3,1.0,4.328761281083057,10000.0,0.0001,-0.0006224253543589242,,,
T3,1.0,4.328761281083057,10000.0,0.001,0.0894625822851852,,,
T3,1.0,4.328761281083057,10000.0,0.01,-0.2000274222546743,,,
T3,1.0,4.328761281083057,10000.0,0.1,-0.8221846680808668,,,
T3,1.0,4.328761281083057,10000.0,1.0,-1.6099632632012775,,,
T3,1.0,4.328761281083057,10000.0,10.0,-2.218836188473495,,,
T3,1.0,12.32846739442066,0.0001,1e-10,-2640.376088815593,,,
T3,1.0,12.32846739442066,0.0001,1e-09,-1030.719049353788,,,
T3,1.0,12.32846739442066,0.0001,1e-08,-340.9480262989325,,,
T3,1.0,12.32846739442066,0.0001,1e-07,-110.0780127327644,,,
T3,1.0,12.32846739442066,0.0001,1e-06,-38.70954983371992,,,
T3,1.0,12.32846739442066,0.0001,1e-05,-15.27039418507367,,,
T3,1.0,12.32846739442066,0.0001,0.0001,-5.079425807417164,,,
T3,1.0,12.32846739442066,0.0001,0.001,-1.7925071796824636,,,
T3,1.0,12.32846739442066,0.0001,0.01,-1.119916906703984,,,
T3,1.0,12.32846739442066,0.0001,0.1,-1.3014310621923164,,,
T3,1.0,12.32846739442066,0.0001,1.0,-1.7531396917797697,,,
T3,1.0,12.32846739442066,0.0001,10.0,-2.289685462835753,,,
T3,1.0,12.32846739442066,0.00046415888336127773,1e-10,-1775.324199906304,,,
T3,1.0,12.32846739442066,0.00046415888336127773,1e-09,-931.7397456141123,,,
T3,1.0,12.32846739442066,0.00046415888336127773,1e-08,-331.3615934839988,,,
T3,1.0,12.32846739442066,0.00046415888336127773,1e-07,-107.50765094243002,,,
T3,1.0,12.32846739442066,0.00046415888336127773,1e-06,-34.574796341920475,,,
T3,1.0,12.32846739442066,0.00046415888336127773,1e-05,-12.777279081249038,,,
T3,1.0,12.32846739442066,0.00046415888336127773,0.0001,-4.870876319584831,,,
T3,1.0,12.32846739442066,0.00046415888336127773,0.001,-1.799810382158822,,,
T3,1.0,12.32846739442066,0.00046415888336127773,0.01,-1.128337835831314,,,
T3,1.0,12.32846739442066,0.00046415888336127773,0.1,-1.3030319315032355,,,
T3,1.0,12.32846739442066,0.00046415888336127773,1.0,-1.7533164976244806,,,
T3,1.0,12.32846739442066,0.00046415888336127773,10.0,-2.2897033466231047,,,
T3,1.0,12.32846739442066,0.002154434690031882,1e-10,-1095.986671235491,,,
T3,1.0,12.32846739442066,0.002154434690031882,1e-09,-700.8198684792262,,,
T3,1.0,12.32846739442066,0.002154434690031882,1e-08,-312.61540451742474,,,
T3,1.0,12.32846739442066,0.002154434690031882,1e-07,-105.04963645767177,,,
T3,1.0,12.32846739442066,0.002154434690031882,1e-06,-33.288314778544866,,,
T3,1.0,12.32846739442066,0.002154434690031882,1e-05,-10.747755413944493,,,
T3,1.0,12.32846739442066,0.002154434690031882,0.0001,-4.238240146689337,,,
T3,1.0,12.32846739442066,0.002154434690031882,0.001,-1.7760841455234946,,,
T3,1.0,12.32846739442066,0.002154434690031882,0.01,-1.1414105353671828,,,
T3,1.0,12.32846739442066,0.002154434690031882,0.1,-1.3085174595962634,,,
T3,1.0,12.32846739442066,0.002154434690031882,1.0,-1.7541051380016714,,,
T3,1.0,12.32846739442066,0.002154434690031882,10.0,-2.2897860146529494,,,
T3,1.0,12.32846739442066,0.01,1e-10,-799.2319301529612,,,
T3,1.0,12.32846739442066,0.01,1e-09,-435.4533526910541,,,
T3,1.0,12.32846739442066,0.01,1e-08,-261.55477006611324,,,
T3,1.0,12.32846739442066,0.01,1e-07,-101.1210840111459,,,
T3,1.0,12.32846739442066,0.01,1e-06,-32.616308828549734,,,
T3,1.0,12.32846739442066,0.01,1e-05,-10.006778294994051,,,
T3,1.0,12.32846739442066,0.01,0.0001,-3.396644545196395,,,
T3,1.0,12.32846739442066,0.01,0.001,-1.642499620167131,,,
T3,1.0,12.32846739442066,0.01,0.01,-1.1501748502932074,,,
T3,1.0,12.32846739442066,0.01,0.1,-1.3202385514963744,,,
T3,1.0,12.32846739442066,0.01,1.0,-1.7572148094601143,,,
T3,1.0,12.32846739442066,0.01,10.0,-2.290162562907839,,,
T3,1.0,12.32846739442066,0.046415888336127774,1e-10,-704.5664900397537,,,
T3,1.0,12.32846739442066,0.046415888336127774,1e-09,-285.0766514734615,,,
T3,1.0,12.32846739442066,0.046415888336127774,1e-08,-174.93581084073156,,,
T3,1.0,12.32846739442066,0.046415888336127774,1e-07,-91.23074843470522,,,
T3,1.0,12.32846739442066,0.046415888336127774,1e-06,-31.688832193143476,,,
T3,1.0,12.32846739442066,0.046415888336127774,1e-05,-9.77543475851273,,,
T3,1.0,12.32846739442066,0.046415888336127774,0.0001,-2.967695961025076,,,
T3,1.0,12.32846739442066,0.046415888336127774,0.001,-1.345892067556003,,,
T3,1.0,12.32846739442066,0.046415888336127774,0.01,-1.1307214198227968,,,
T3,1.0,12.32846739442066,0.046415888336127774,0.1,-1.334530457928874,,,
T3,1.0,12.32846739442066,0.046415888336127774,1.0,-1.7658789005087367,,,
T3,1.0,12.32846739442066,0.046415888336127774,10.0,-2.291772503993708,,,
T3,1.0,12.32846739442066,0.21544346900318823,1e-10,-668.86370947403,,,
T3,1.0,12.32846739442066,0.21544346900318823,1e-09,-231.07262212740767,,,
T3,1.0,12.32846739442066,0.21544346900318823,1e-08,-106.8618292581513,,,
T3,1.0,12.32846739442066,0.21544346900318823,1e-07,-68.07093899240537,,,
T3,1.0,12.32846739442066,0.21544346900318823,1e-06,-29.83837169689794,,,
T3,1.0,12.32846739442066,0.21544346900318823,1e-05,-9.55998259415873,,,
T3,1.0,12.32846739442066,0.21544346900318823,0.0001,-2.8575935274204505,,,
T3,1.0,12.32846739442066,0.21544346900318823,0.001,-1.104845266355524,,,
T3,1.0,12.32846739442066,0.21544346900318823,0.01,-1.0370760972096829,,,
T3,1.0,12.32846739442066,0.21544346900318823,0.1,-1.34113645443333,,,
T3,1.0,12.32846739442066,0.21544346900318823,1.0,-1.7799967175470066,,,
T3,1.0,12.32846739442066,0.21544346900318823,10.0,-2.2972960584375364,,,
T3,1.0,12.32846739442066,1.0,1e-10,-638.796022152772,,,
T3,1.0,12.32846739442066,1.0,1e-09,-213.98203401944028,,,
T3,1.0,12.32846739442066,1.0,1e-08,-77.13599047765017,,,
T3,1.0,12.32846739442066,1.0,1e-07,-41.39162363183554,,,
T3,1.0,12.32846739442066,1.0,1e-06,-24.708801516854983,,,
T3,1.0,12.32846739442066,1.0,1e-05,-9.197450768294663,,,
T3,1.0,12.32846739442066,1.0,0.0001,-2.8193003733743955,,,
T3,1.0,12.32846739442066,1.0,0.001,-1.035818143064984,,,
T3,1.0,12.32846739442066,1.0,0.01,-0.9015173081914053,,,
T3,1.0,12.32846739442066,1.0,0.1,-1.3158734555237994,,,
T3,1.0,12.32846739442066,1.0,1.0,-1.7934130464281317,,,
T3,1.0,12.32846739442066,1.0,10.0,-2.3091749805250865,,,
T3,1.0,12.32846739442066,4.641588833612772,1e-10,-600.0002881701363,,,
T3,1.0,12.32846739442066,4.641588833612772,1e-09,-204.74679135829393,,,
T3,1.0,12.32846739442066,4.641588833612772,1e-08,-67.72326812308857,,,
T3,1.0,12.32846739442066,4.641588833612772,1e-07,-26.24857793677064,,,
T3,1.0,12.32846739442066,4.641588833612772,1e-06,-15.933135248897173,,,
T3,1.0,12.32846739442066,4.641588833612772,1e-05,-8.216012012310399,,,
T3,1.0,12.32846739442066,4.641588833612772,0.0001,-2.757719355990489,,,
T3,1.0,12.32846739442066,4.641588833612772,0.001,-1.0383764319687772,,,
T3,1.0,12.32846739442066,4.641588833612772,0.01,-0.8431492147828237,,,
T3,1.0,12.32846739442066,4.641588833612772,0.1,-1.2389166580340167,,,
T3,1.0,12.32846739442066,4.641588833612772,1.0,-1.7928692216939126,,,
T3,1.0,12.32846739442066,4.641588833612772,10.0,-2.3241657573531995,,,
T3,1.0,12.32846739442066,21.54434690031882,1e-10,-539.831270588362,,,
T3,1.0,12.32846739442066,21.54434690031882,1e-09,-194.21536389913695,,,
T3,1.0,12.32846739442066,21.54434690031882,1e-08,-64.2646263360845,,,
T3,1.0,12.32846739442066,21.54434690031882,1e-07,-20.855072594750688,,,
T3,1.0,12.32846739442066,21.54434690031882,1e-06,-8.985508187906174,,,
T3,1.0,12.32846739442066,21.54434690031882,1e-05,-5.832209340575862,,,
T3,1.0,12.32846739442066,21.54434690031882,0.0001,-2.5968317061077104,,,
T3,1.0,12.32846739442066,21.54434690031882,0.001,-1.0471804996469576,,,
T3,1.0,12.32846739442066,21.54434690031882,0.01,-0.850684694153955,,,
T3,1.0,12.32846739442066,21.54434690031882,0.1,-1.1767175434443229,,,
T3,1.0,12.32846739442066,21.54434690031882,1.0,-1.7531229841098799,,,
T3,1.0,12.32846739442066,21.54434690031882,10.0,-2.333804977171607,,,
T3,1.0,12.32846739442066,100.0,1e-10,-445.5072884096004,,,
T3,1.0,12.32846739442066,100.0,1e-09,-179.54790886906693,,,
T3,1.0,12.32846739442066,100.0,1e-08,-61.40399645794007,,,
T3,1.0,12.32846739442066,100.0,1e-07,-19.233658119252325,,,
T3,1.0,12.32846739442066,100.0,1e-06,-5.962559427709435,,,
T3,1.0,12.32846739442066,100.0,1e-05,-3.0216140260450137,,,
T3,1.0,12.32846739442066,100.0,0.0001,-2.060367951207295,,,
T3,1.0,12.32846739442066,100.0,0.001,-1.0412507357719254,,,
T3,1.0,12.32846739442066,100.0,0.01,-0.8757628197021642,,,
T3,1.0,12.32846739442066,100.0,0.1,-1.1748854197192904,,,
T3,1.0,12.32846739442066,100.0,1.0,-1.6881678763382215,,,
T3,1.0,12.32846739442066,100.0,10.0,-2.3193741309067857,,,
T3,1.0,12.32846739442066,464.1588833612773,1e-10,-335.83366854145714,,,
T3,1.0,12.32846739442066,464.1588833612773,1e-09,-155.14906701224172,,,
T3,1.0,12.32846739442066,464.1588833612773,1e-08,-57.703604291759575,,,
T3,1.0,12.32846739442066,464.1588833612773,1e-07,-18.440186978200465,,,
T3,1.0,12.32846739442066,464.1588833612773,1e-06,-5.075107750114766,,,
T3,1.0,12.32846739442066,464.1588833612773,1e-05,-1.401933858190046,,,
T3,1.0,12.32846739442066,464.1588833612773,0.0001,-1.069030978786057,,,
T3,1.0,12.32846739442066,464.1588833612773,0.001,-0.9507016621280403,,,
T3,1.0,12.32846739442066,464.1588833612773,0.01,-0.9007713641473728,,,
T3,1.0,12.32846739442066,464.1588833612773,0.1,-1.2008338911629048,,,
T3,1.0,12.32846739442066,464.1588833612773,1.0,-1.6668578320060128,,,
T3,1.0,12.32846739442066,464.1588833612773,10.0,-2.264382408929145,,,
T3,1.0,12.32846739442066,2154.4346900318824,1e-10,-224.40549586385768,,,
T3,1.0,12.32846739442066,2154.4346900318824,1e-09,-122.0978006173813,,,
T3,1.0,12.32846739442066,2154.4346900318824,1e-08,-51.89938644913669,,,
T3,1.0,12.32846739442066,2154.4346900318824,1e-07,-17.5492525456923,,,
T3,1.0,12.32846739442066,2154.4346900318824,1e-06,-4.840888324091685,,,
T3,1.0,12.32846739442066,2154.4346900318824,1e-05,-0.8694814709162639,,,
T3,1.0,12.32846739442066,2154.4346900318824,0.0001,-0.23403937502339325,,,
T3,1.0,12.32846739442066,2154.4346900318824,0.001,-0.6444996669757131,,,
T3,1.0,12.32846739442066,2154.4346900318824,0.01,-0.9088409988305532,,,
T3,1.0,12.32846739442066,2154.4346900318824,0.1,-1.2320635820414847,,,
T3,1.0,12.32846739442066,2154.4346900318824,1.0,-1.6861571026746336,,,
T3,1.0,12.32846739442066,2154.4346900318824,10.0,-2.220068063000057,,,
T3,1.0,12.32846739442066,10000.0,1e-10,-125.38250036915494,,,
T3,1.0,12.32846739442066,10000.0,1e-09,-87.20065828709794,,,
T3,1.0,12.32846739442066,10000.0,1e-08,-42.71029039142038,,,
T3,1.0,12.32846739442066,10000.0,1e-07,-16.279646205467934,,,
T3,1.0,12.32846739442066,10000.0,1e-06,-4.7009310821540735,,,
T3,1.0,12.32846739442066,10000.0,1e-05,-0.7949826350127903,,,
T3,1.0,12.32846739442066,10000.0,0.0001,0.11862041023582001,,,
T3,1.0,12.32846739442066,10000.0,0.001,-0.22077635502836798,,,
T3,1.0,12.32846739442066,10000.0,0.01,-0.8316878864875233,,,
T3,1.0,12.32846739442066,10000.0,0.1,-1.2617940243687595,,,
T3,1.0,12.32846739442066,10000.0,1.0,-1.7175723561816434,,,
T3,1.0,12.32846739442066,10000.0,10.0,-2.2249554392319846,,,
T3,1.0,35.11191734215127,0.0001,1e-10,-3418.1477600639896,,,
T3,1.0,35.11191734215127,0.0001,1e-09,-1099.7530799854326,,,
T3,1.0,35.11191734215127,0.0001,1e-08,-352.37310342418937,,,
T3,1.0,35.11191734215127,0.0001,1e-07,-123.21459826244063,,,
T3,1.0,35.11191734215127,0.0001,1e-06,-49.34502093140135,,,
T3,1.0,35.11191734215127,0.0001,1e-05,-16.68953877650118,,,
T3,1.0,35.11191734215127,0.0001,0.0001,-5.1419726901617135,,,
T3,1.0,35.11191734215127,0.0001,0.001,-1.7948843678737731,,,
T3,1.0,35.11191734215127,0.0001,0.01,-1.1200277975745994,,,
T3,1.0,35.11191734215127,0.0001,0.1,-1.301438162607218,,,
T3,1.0,35.11191734215127,0.0001,1.0,-1.7531402740559447,,,
T3,1.0,35.11191734215127,0.0001,10.0,-2.2896855169944956,,,
T3,1.0,35.11191734215127,0.00046415888336127773,1e-10,-3346.001659829622,,,
T3,1.0,35.11191734215127,0.00046415888336127773,1e-09,-1088.1556517317454,,,
T3,1.0,35.11191734215127,0.00046415888336127773,1e-08,-347.28590998031933,,,
T3,1.0,35.11191734215127,0.00046415888336127773,1e-07,-112.06426185969636,,,
T3,1.0,35.11191734215127,0.00046415888336127773,1e-06,-41.35881215019168,,,
T3,1.0,35.11191734215127,0.00046415888336127773,1e-05,-15.896802126282044,,,
T3,1.0,35.11191734215127,0.00046415888336127773,0.0001,-5.1283493837887715,,,
T3,1.0,35.11191734215127,0.00046415888336127773,0.001,-1.8106834742155715,,,
T3,1.0,35.11191734215127,0.00046415888336127773,0.01,-1.1288456216464358,,,
T3,1.0,35.11191734215127,0.00046415888336127773,0.1,-1.3030646723132535,,,
T3,1.0,35.11191734215127,0.00046415888336127773,1.0,-1.7533191976827698,,,
T3,1.0,35.11191734215127,0.00046415888336127773,10.0,-2.2897035979788165,,,
T3,1.0,35.11191734215127,0.002154434690031882,1e-10,-3227.1085647552163,,,
T3,1.0,35.11191734215127,0.002154434690031882,1e-09,-1067.7742126692563,,,
T3,1.0,35.11191734215127,0.002154434690031882,1e-08,-344.4886826489245,,,
T3,1.0,35.11191734215127,0.002154434690031882,1e-07,-108.96533684487834,,,
T3,1.0,35.11191734215127,0.002154434690031882,1e-06,-35.66206675984141,,,
T3,1.0,35.11191734215127,0.002154434690031882,1e-05,-13.782684688845933,,,
T3,1.0,35.11191734215127,0.002154434690031882,0.0001,-5.0076104785762015,,,
T3,1.0,35.11191734215127,0.002154434690031882,0.001,-1.8237344940967568,,,
T3,1.0,35.11191734215127,0.002154434690031882,0.01,-1.1437344336755977,,,
T3,1.0,35.11191734215127,0.002154434690031882,0.1,-1.3086667830388587,,,
T3,1.0,35.11191734215127,0.002154434690031882,1.0,-1.7541176181536975,,,
T3,1.0,35.11191734215127,0.002154434690031882,10.0,-2.289787180767828,,,
T3,1.0,35.11191734215127,0.01,1e-10,-2867.358903518398,,,
T3,1.0,35.11191734215127,0.01,1e-09,-1041.45207022966,,,
T3,1.0,35.11191734215127,0.01,1e-08,-339.38025013642584,,,
T3,1.0,35.11191734215127,0.01,1e-07,-108.00965170372596,,,
T3,1.0,35.11191734215127,0.01,1e-06,-33.74553766555935,,,
T3,1.0,35.11191734215127,0.01,1e-05,-11.347839228219106,,,
T3,1.0,35.11191734215127,0.01,0.0001,-4.550805862456639,,,
T3,1.0,35.11191734215127,0.01,0.001,-1.8176619987754052,,,
T3,1.0,35.11191734215127,0.01,0.01,-1.1606571573141717,,,
T3,1.0,35.11191734215127,0.01,0.1,-1.3209167975053997,,,
T3,1.0,35.11191734215127,0.01,1.0,-1.7572719109544273,,,
T3,1.0,35.11191734215127,0.01,10.0,-2.2901679635936802,,,
T3,1.0,35.11191734215127,0.046415888336127774,1e-10,-2082.1821534422147,,,
T3,1.0,35.11191734215127,0.046415888336127774,1e-09,-976.9537215277542,,,
T3,1.0,35.11191734215127,0.046415888336127774,1e-08,-332.20185920249935,,,
T3,1.0,35.11191734215127,0.046415888336127774,1e-07,-106.88252389771574,,,
T3,1.0,35.11191734215127,0.046415888336127774,1e-06,-33.264988657757556,,,
T3,1.0,35.11191734215127,0.046415888336127774,1e-05,-10.223919351727869,,,
T3,1.0,35.11191734215127,0.046415888336127774,0.0001,-3.702197505960579,,,
T3,1.0,35.11191734215127,0.046415888336127774,0.001,-1.7368973283702343,,,
T3,1.0,35.11191734215127,0.046415888336127774,0.01,-1.174154198605376,,,
T3,1.0,35.11191734215127,0.046415888336127774,0.1,-1.3376158434397891,,,
T3,1.0,35.11191734215127,0.046415888336127774,1.0,-1.766136977915504,,,
T3,1.0,35.11191734215127,0.046415888336127774,10.0,-2.2917973523812556,,,
T3,1.0,35.11191734215127,0.21544346900318823,1e-10,-1284.7447176440312,,,
T3,1.0,35.11191734215127,0.21544346900318823,1e-09,-794.276120454566,,,
T3,1.0,35.11191734215127,0.21544346900318823,1e-08,-320.34694675029516,,,
T3,1.0,35.11191734215127,0.21544346900318823,1e-07,-104.87850849193732,,,
T3,1.0,35.11191734215127,0.21544346900318823,1e-06,-33.01758775828182,,,
T3,1.0,35.11191734215127,0.21544346900318823,1e-05,-9.93588475120266,,,
T3,1.0,35.11191734215127,0.21544346900318823,0.0001,-3.100574478231649,,,
T3,1.0,35.11191734215127,0.21544346900318823,0.001,-1.489906130056059,,,
T3,1.0,35.11191734215127,0.21544346900318823,0.01,-1.1697758502539746,,,
T3,1.0,35.11191734215127,0.21544346900318823,0.1,-1.3547005371603673,,,
T3,1.0,35.11191734215127,0.21544346900318823,1.0,-1.7811675268285936,,,
T3,1.0,35.11191734215127,0.21544346900318823,10.0,-2.297408724141262,,,
T3,1.0,35.11191734215127,1.0,1e-10,-871.3738353666853,,,
T3,1.0,35.11191734215127,1.0,1e-09,-517.9376764606525,,,
T3,1.0,35.11191734215127,1.0,1e-08,-284.3733623462926,,,
T3,1.0,35.11191734215127,1.0,1e-07,-102.28363766935526,,,
T3,1.0,35.11191734215127,1.0,1e-06,-32.53966246726814,,,
T3,1.0,35.11191734215127,1.0,1e-05,-9.871472166977936,,,
T3,1.0,35.11191734215127,1.0,0.0001,-2.9189443815821243,,,
T3,1.0,35.11191734215127,1.0,0.001,-1.1973266166434204,,,
T3,1.0,35.11191734215127,1.0,0.01,-1.1075476474094437,,,
T3,1.0,35.11191734215127,1.0,0.1,-1.3666376128501427,,,
T3,1.0,35.11191734215127,1.0,1.0,-1.7986888958767373,,,
T3,1.0,35.11191734215127,1.0,10.0,-2.3096833323158825,,,
T3,1.0,35.11191734215127,4.641588833612772,1e-10,-728.3323402495723,,,
T3,1.0,35.11191734215127,4.641588833612772,1e-09,-323.6321910035919,,,
T3,1.0,35.11191734215127,4.641588833612772,1e-08,-205.77319193417333,,,
T3,1.0,35.11191734215127,4.641588833612772,1e-07,-95.85756985691938,,,
T3,1.0,35.11191734215127,4.641588833612772,1e-06,-31.858042492145678,,,
T3,1.0,35.11191734215127,4.641588833612772,1e-05,-9.7913744063465,,,
T3,1.0,35.11191734215127,4.641588833612772,0.0001,-2.8990598174646474,,,
T3,1.0,35.11191734215127,4.641588833612772,0.001,-1.0760483927796294,,,
T3,1.0,35.11191734215127,4.641588833612772,0.01,-0.9726993333847119,,,
T3,1.0,35.11191734215127,4.641588833612772,0.1,-1.3570701404263628,,,
T3,1.0,35.11191734215127,4.641588833612772,1.0,-1.814897971934356,,,
T3,1.0,35.11191734215127,4.641588833612772,10.0,-2.326472372209531,,,
T3,1.0,35.11191734215127,21.54434690031882,1e-10,-680.9546855416944,,,
T3,1.0,35.11191734215127,21.54434690031882,1e-09,-244.11839165926972,,,
T3,1.0,35.11191734215127,21.54434690031882,1e-08,-125.88429544584767,,,
T3,1.0,35.11191734215127,21.54434690031882,1e-07,-77.55437363513207,,,
T3,1.0,35.11191734215127,21.54434690031882,1e-06,-30.70694846384625,,,
T3,1.0,35.11191734215127,21.54434690031882,1e-05,-9.62510137910466,,,
T3,1.0,35.11191734215127,21.54434690031882,0.0001,-2.906641560869235,,,
T3,1.0,35.11191734215127,21.54434690031882,0.001,-1.069102833684268,,,
T3,1.0,35.11191734215127,21.54434690031882,0.01,-0.8805885419177397,,,
T3,1.0,35.11191734215127,21.54434690031882,0.1,-1.2967915660254277,,,
T3,1.0,35.11191734215127,21.54434690031882,1.0,-1.8221556792691036,,,
T3,1.0,35.11191734215127,21.54434690031882,10.0,-2.343960433313827,,,
T3,1.0,35.11191734215127,100.0,1e-10,-651.9491827863749,,,
T3,1.0,35.11191734215127,100.0,1e-09,-218.88395947452779,,,
T3,1.0,35.11191734215127,100.0,1e-08,-84.45813025629522,,,
T3,1.0,35.11191734215127,100.0,1e-07,-49.79530368310713,,,
T3,1.0,35.11191734215127,100.0,1e-06,-27.110970278139256,,,
T3,1.0,35.11191734215127,100.0,1e-05,-9.402957799567343,,,
T3,1.0,35.11191734215127,100.0,0.0001,-2.8917669894886466,,,
T3,1.0,35.11191734215127,100.0,0.001,-1.0938175051965164,,,
T3,1.0,35.11191734215127,100.0,0.01,-0.8724483450278339,,,
T3,1.0,35.11191734215127,100.0,0.1,-1.218438647333207,,,
T3,1.0,35.11191734215127,100.0,1.0,-1.7993851177520501,,,
T3,1.0,35.11191734215127,100.0,10.0,-2.357698466104938,,,
T3,1.0,35.11191734215127,464.1588833612773,1e-10,-617.5702438037589,,,
T3,1.0,35.11191734215127,464.1588833612773,1e-09,-208.51376938617295,,,
T3,1.0,35.11191734215127,464.1588833612773,1e-08,-70.17558534052402,,,
T3,1.0,35.11191734215127,464.1588833612773,1e-07,-30.232917840464147,,,
T3,1.0,35.11191734215127,464.1588833612773,1e-06,-19.168458939500248,,,
T3,1.0,35.11191734215127,464.1588833612773,1e-05,-8.784118433087784,,,
T3,1.0,35.11191734215127,464.1588833612773,0.0001,-2.8598241150266146,,,
T3,1.0,35.11191734215127,464.1588833612773,0.001,-1.1184227492544179,,,
T3,1.0,35.11191734215127,464.1588833612773,0.01,-0.8986302252896909,,,
T3,1.0,35.11191734215127,464.1588833612773,0.1,-1.1974245887329944,,,
T3,1.0,35.11191734215127,464.1588833612773,1.0,-1.7359128079745196,,,
T3,1.0,35.11191734215127,464.1588833612773,10.0,-2.355250713479307,,,
T3,1.0,35.11191734215127,2154.4346900318824,1e-10,-569.5324218647402,,,
T3,1.0,35.11191734215127,2154.4346900318824,1e-09,-198.96421836476623,,,
T3,1.0,35.11191734215127,2154.4346900318824,1e-08,-65.52842687744263,,,
T3,1.0,35.11191734215127,2154.4346900318824,1e-07,-22.249260562060783,,,
T3,1.0,35.11191734215127,2154.4346900318824,1e-06,-11.034425029238975,,,
T3,1.0,35.11191734215127,2154.4346900318824,1e-05,-6.918364721146602,,,
T3,1.0,35.11191734215127,2154.4346900318824,0.0001,-2.779112145034313,,,
T3,1.0,35.11191734215127,2154.4346900318824,0.001,-1.1359239654082902,,,
T3,1.0,35.11191734215127,2154.4346900318824,0.01,-0.9317102331829556,,,
T3,1.0,35.11191734215127,2154.4346900318824,0.1,-1.2185879337884422,,,
T3,1.0,35.11191734215127,2154.4346900318824,1.0,-1.6947532401334118,,,
T3,1.0,35.11191734215127,2154.4346900318824,10.0,-2.313643401468476,,,
T3,1.0,35.11191734215127,10000.0,1e-10,-491.5782879499734,,,
T3,1.0,35.11191734215127,10000.0,1e-09,-186.57136208970124,,,
T3,1.0,35.11191734215127,10000.0,1e-08,-62.75616837107481,,,
T3,1.0,35.11191734215127,10000.0,1e-07,-19.789792495010303,,,
T3,1.0,35.11191734215127,10000.0,1e-06,-6.8027106914512725,,,
T3,1.0,35.11191734215127,10000.0,1e-05,-4.017229379899836,,,
T3,1.0,35.11191734215127,10000.0,0.0001,-2.4208940547458573,,,
T3,1.0,35.11191734215127,10000.0,0.001,-1.15105310074775,,,
T3,1.0,35.11191734215127,10000.0,0.01,-0.9631407339801648,,,
T3,1.0,35.11191734215127,10000.0,0.1,-1.252215330872226,,,
T3,1.0,35.11191734215127,10000.0,1.0,-1.7039620332196752,,,
T3,1.0,35.11191734215127,10000.0,10.0,-2.2567131422495383,,,
T3,1.0,100.0,0.0001,1e-10,-3494.0109041375663,,,
T3,1.0,100.0,0.0001,1e-09,-1117.0930143030105,,,
T3,1.0,100.0,0.0001,1e-08,-386.927351616902,,,
T3,1.0,100.0,0.0001,1e-07,-156.15695776123397,,,
T3,1.0,100.0,0.0001,1e-06,-54.45642920804943,,,
T3,1.0,100.0,0.0001,1e-05,-16.919693660797343,,,
T3,1.0,100.0,0.0001,0.0001,-5.149950593956435,,,
T3,1.0,100.0,0.0001,0.001,-1.7951792763807872,,,
T3,1.0,100.0,0.0001,0.01,-1.120041516270915,,,
T3,1.0,100.0,0.0001,0.1,-1.3014390407944199,,,
T3,1.0,100.0,0.0001,1.0,-1.7531403460708135,,,
T3,1.0,100.0,0.0001,10.0,-2.2896855236927367,,,
T3,1.0,100.0,0.00046415888336127773,1e-10,-3483.4987523749965,,,
T3,1.0,100.0,0.00046415888336127773,1e-09,-1104.8570739812326,,,
T3,1.0,100.0,0.00046415888336127773,1e-08,-356.8048665979235,,,
T3,1.0,100.0,0.00046415888336127773,1e-07,-130.77377687912605,,,
T3,1.0,100.0,0.00046415888336127773,1e-06,-51.499393879528704,,,
T3,1.0,100.0,0.00046415888336127773,1e-05,-16.81898975033592,,,
T3,1.0,100.0,0.00046415888336127773,0.0001,-5.164791269414806,,,
T3,1.0,100.0,0.00046415888336127773,0.001,-1.8120473729328246,,,
T3,1.0,100.0,0.00046415888336127773,0.01,-1.128908508511404,,,
T3,1.0,100.0,0.00046415888336127773,0.1,-1.303068722122176,,,
T3,1.0,100.0,0.00046415888336127773,1.0,-1.7533195316240853,,,
T3,1.0,100.0,0.00046415888336127773,10.0,-2.289703629065996,,,
T3,1.0,100.0,0.002154434690031882,1e-10,-3458.236662019659,,,
T3,1.0,100.0,0.002154434690031882,1e-09,-1101.2273280319152,,,
T3,1.0,100.0,0.002154434690031882,1e-08,-348.8571834586868,,,
T3,1.0,100.0,0.002154434690031882,1e-07,-114.77190354965255,,,
T3,1.0,100.0,0.002154434690031882,1e-06,-44.38530708169574,,,
T3,1.0,100.0,0.002154434690031882,1e-05,-16.33232935808124,,,
T3,1.0,100.0,0.002154434690031882,0.0001,-5.165110840741037,,,
T3,1.0,100.0,0.002154434690031882,0.001,-1.8300157246642623,,,
T3,1.0,100.0,0.002154434690031882,0.01,-1.144023664201524,,,
T3,1.0,100.0,0.002154434690031882,0.1,-1.3086852618076081,,,
T3,1.0,100.0,0.002154434690031882,1.0,-1.7541191617545462,,,
T3,1.0,100.0,0.002154434690031882,10.0,-2.2897873249912015,,,
T3,1.0,100.0,0.01,1e-10,-3404.5983861232357,,,
T3,1.0,100.0,0.01,1e-09,-1096.5041518656733,,,
T3,1.0,100.0,0.01,1e-08,-346.9460359273045,,,
T3,1.0,100.0,0.01,1e-07,-109.7263793372482,,,
T3,1.0,100.0,0.01,1e-06,-37.22060680416787,,,
T3,1.0,100.0,0.01,1e-05,-14.73214105313773,,,
T3,1.0,100.0,0.01,0.0001,-5.100819183279023,,,
T3,1.0,100.0,0.01,0.001,-1.8458600423943132,,,
T3,1.0,100.0,0.01,0.01,-1.161991596055175,,,
T3,1.0,100.0,0.01,0.1,-1.3210009136412642,,,
T3,1.0,100.0,0.01,1.0,-1.7572789749351165,,,
T3,1.0,100.0,0.01,10.0,-2.290168631555083,,,
T3,1.0,100.0,0.046415888336127774,1e-10,-3349.636604493775,,,
T3,1.0,100.0,0.046415888336127774,1e-09,-1083.8656621155626,,,
T3,1.0,100.0,0.046415888336127774,1e-08,-345.9285156736276,,,
T3,1.0,100.0,0.046415888336127774,1e-07,-108.53227532143642,,,
T3,1.0,100.0,0.046415888336127774,1e-06,-34.20534856440556,,,
T3,1.0,100.0,0.046415888336127774,1e-05,-12.142281224175013,,,
T3,1.0,100.0,0.046415888336127774,0.0001,-4.800130486097283,,,
T3,1.0,100.0,0.046415888336127774,0.001,-1.850345496189164,,,
T3,1.0,100.0,0.046415888336127774,0.01,-1.1802520351842367,,,
T3,1.0,100.0,0.046415888336127774,0.1,-1.3380023723195127,,,
T3,1.0,100.0,0.046415888336127774,1.0,-1.7661689353999137,,,
T3,1.0,100.0,0.046415888336127774,10.0,-2.2918004259242832,,,
T3,1.0,100.0,0.21544346900318823,1e-10,-3278.709633538148,,,
T3,1.0,100.0,0.21544346900318823,1e-09,-1065.3920646851914,,,
T3,1.0,100.0,0.21544346900318823,1e-08,-343.43574701663636,,,
T3,1.0,100.0,0.21544346900318823,1e-07,-108.20256694009147,,,
T3,1.0,100.0,0.21544346900318823,1e-06,-33.43473798025589,,,
T3,1.0,100.0,0.21544346900318823,1e-05,-10.51642897010454,,,
T3,1.0,100.0,0.21544346900318823,0.0001,-4.048254822540914,,,
T3,1.0,100.0,0.21544346900318823,0.001,-1.8074157194213676,,,
T3,1.0,100.0,0.21544346900318823,0.01,-1.1962411485349116,,,
T3,1.0,100.0,0.21544346900318823,0.1,-1.3564786500324322,,,
T3,1.0,100.0,0.21544346900318823,1.0,-1.781313167776484,,,
T3,1.0,100.0,0.21544346900318823,10.0,-2.29742266600707,,,
T3,1.0,100.0,1.0,1e-10,-3051.7871910674176,,,
T3,1.0,100.0,1.0,1e-09,-1048.3157442889096,,,
T3,1.0,100.0,1.0,1e-08,-338.1061593797197,,,
T3,1.0,100.0,1.0,1e-07,-107.76393536248452,,,
T3,1.0,100.0,1.0,1e-06,-33.275712360856275,,,
T3,1.0,100.0,1.0,1e-05,-10.025879130542652,,,
T3,1.0,100.0,1.0,0.0001,-3.2860956146899887,,,
T3,1.0,100.0,1.0,0.001,-1.6258226741745059,,,
T3,1.0,100.0,1.0,0.01,-1.2014214726492614,,,
T3,1.0,100.0,1.0,0.1,-1.3746399724013298,,,
T3,1.0,100.0,1.0,1.0,-1.7993589881123693,,,
T3,1.0,100.0,1.0,10.0,-2.309746369214632,,,
T3,1.0,100.0,4.641588833612772,1e-10,-2423.0010606056853,,,
T3,1.0,100.0,4.641588833612772,1e-09,-1009.8435191942954,,,
T3,1.0,100.0,4.641588833612772,1e-08,-332.64998787075416,,,
T3,1.0,100.0,4.641588833612772,1e-07,-106.53344775341341,,,
T3,1.0,100.0,4.641588833612772,1e-06,-33.20765557651144,,,
T3,1.0,100.0,4.641588833612772,1e-05,-9.935958755442687,,,
T3,1.0,100.0,4.641588833612772,0.0001,-2.981560053165542,,,
T3,1.0,100.0,4.641588833612772,0.001,-1.3152949505398523,,,
T3,1.0,100.0,4.641588833612772,0.01,-1.1663674386021259,,,
T3,1.0,100.0,4.641588833612772,0.1,-1.3896443626218329,,,
T3,1.0,100.0,4.641588833612772,1.0,-1.8179614036085017,,,
T3,1.0,100.0,4.641588833612772,10.0,-2.326761164105503,,,
T3,1.0,100.0,21.54434690031882,1e-10,-1553.938928623767,,,
T3,1.0,100.0,21.54434690031882,1e-09,-882.4739124342148,,,
T3,1.0,100.0,21.54434690031882,1e-08,-325.5987563911059,,,
T3,1.0,100.0,21.54434690031882,1e-07,-104.72278266283779,,,
T3,1.0,100.0,21.54434690031882,1e-06,-32.99181946159369,,,
T3,1.0,100.0,21.54434690031882,1e-05,-9.936254175264555,,,
T3,1.0,100.0,21.54434690031882,0.0001,-2.9286567258037217,,,
T3,1.0,100.0,21.54434690031882,0.001,-1.1270448040403758,,,
T3,1.0,100.0,21.54434690031882,0.01,-1.0507128884765913,,,
T3,1.0,100.0,21.54434690031882,0.1,-1.391087647402933,,,
T3,1.0,100.0,21.54434690031882,1.0,-1.8355174711614057,,,
T3,1.0,100.0,21.54434690031882,10.0,-2.345288234416321,,,
T3,1.0,100.0,100.0,1e-10,-987.8863842645126,,,
T3,1.0,100.0,100.0,1e-09,-623.5399568009384,,,
T3,1.0,100.0,100.0,1e-08,-302.92714594678614,,,
T3,1.0,100.0,100.0,1e-07,-103.0573576737182,,,
T3,1.0,100.0,100.0,1e-06,-32.49310367264252,,,
T3,1.0,100.0,100.0,1e-05,-9.926077203582864,,,
T3,1.0,100.0,100.0,0.0001,-2.9448433022251956,,,
T3,1.0,100.0,100.0,0.001,-1.091992401919655,,,
T3,1.0,100.0,100.0,0.01,-0.928807787595812,,,
T3,1.0,100.0,100.0,0.1,-1.351354128125598,,,
T3,1.0,100.0,100.0,1.0,-1.8476449934336117,,,
T3,1.0,100.0,100.0,10.0,-2.3636812572493513,,,
T3,1.0,100.0,464.1588833612773,1e-10,-765.7732196441532,,,
T3,1.0,100.0,464.1588833612773,1e-09,-382.9513150627437,,,
T3,1.0,100.0,464.1588833612773,1e-08,-240.00388202518624,,,
T3,1.0,100.0,464.1588833612773,1e-07,-99.24546973794034,,,
T3,1.0,100.0,464.1588833612773,1e-06,-31.98748092246575,,,
T3,1.0,100.0,464.1588833612773,1e-05,-9.836389666250199,,,
T3,1.0,100.0,464.1588833612773,0.0001,-2.97173283681367,,,
T3,1.0,100.0,464.1588833612773,0.001,-1.1124903898661895,,,
T3,1.0,100.0,464.1588833612773,0.01,-0.895344493870633,,,
T3,1.0,100.0,464.1588833612773,0.1,-1.2687596150226312,,,
T3,1.0,100.0,464.1588833612773,1.0,-1.8391544256998738,,,
T3,1.0,100.0,464.1588833612773,10.0,-2.379737541112421,,,
T3,1.0,100.0,2154.4346900318824,1e-10,-693.6326033385807,,,
T3,1.0,100.0,2154.4346900318824,1e-09,-265.4706427250625,,,
T3,1.0,100.0,2154.4346900318824,1e-08,-152.9641187279643,,,
T3,1.0,100.0,2154.4346900318824,1e-07,-86.50329042232106,,,
T3,1.0,100.0,2154.4346900318824,1e-06,-31.32367639868509,,,
T3,1.0,100.0,2154.4346900318824,1e-05,-9.692014776437977,,,
T3,1.0,100.0,2154.4346900318824,0.0001,-2.9835899126743146,,,
T3,1.0,100.0,2154.4346900318824,0.001,-1.145786184331121,,,
T3,1.0,100.0,2154.4346900318824,0.01,-0.9142118920532407,,,
T3,1.0,100.0,2154.4346900318824,0.1,-1.2242696792774763,,,
T3,1.0,100.0,2154.4346900318824,1.0,-1.7871219869155837,,,
T3,1.0,100.0,2154.4346900318824,10.0,-2.385618132048247,,,
T3,1.0,100.0,10000.0,1e-10,-655.9953819883119,,,
T3,1.0,100.0,10000.0,1e-09,-225.2636005164865,,,
T3,1.0,100.0,10000.0,1e-08,-96.23860047282787,,,
T3,1.0,100.0,10000.0,1e-07,-60.51692632504587,,,
T3,1.0,100.0,10000.0,1e-06,-29.077704724428123,,,
T3,1.0,100.0,10000.0,1e-05,-9.567685866400216,,,
T3,1.0,100.0,10000.0,0.0001,-2.9679622412886446,,,
T3,1.0,100.0,10000.0,0.001,-1.1784546983844202,,,
T3,1.0,100.0,10000.0,0.01,-0.9479196888327867,,,
T3,1.0,100.0,10000.0,0.1,-1.234767020926902,,,
T3,1.0,100.0,10000.0,1.0,-1.7292422967345906,,,
T3,1.0,100.0,10000.0,10.0,-2.360070565368115,,,
T3,1.2,0.001,0.0001,1e-10,-18.218992241742605,,,
T3,1.2,0.001,0.0001,1e-09,-18.21888995243347,,,
T3,1.2,0.001,0.0001,1e-08,-18.21786714115003,,,
T3,1.2,0.001,0.0001,1e-07,-18.20764720199777,,,
T3,1.2,0.001,0.0001,1e-06,-18.106258138963966,,,
T3,1.2,0.001,0.0001,1e-05,-17.1669418591812,,,
T3,1.2,0.001,0.0001,0.0001,-11.811668787296457,,,
T3,1.2,0.001,0.0001,0.001,-4.108059580322187,,,
T3,1.2,0.001,0.0001,0.01,-1.380351868526186,,,
T3,1.2,0.001,0.0001,0.1,-1.156957271475116,,,
T3,1.2,0.001,0.0001,1.0,-1.6169005924905395,,,
T3,1.2,0.001,0.0001,10.0,-2.2496937658890745,,,
T3,1.2,0.001,0.00046415888336127773,1e-10,-6.977138303392957,,,
T3,1.2,0.001,0.00046415888336127773,1e-09,-6.9771298801387545,,,
T3,1.2,0.001,0.00046415888336127773,1e-08,-6.977045649071184,,,
T3,1.2,0.001,0.00046415888336127773,1e-07,-6.976203485814011,,,
T3,1.2,0.001,0.00046415888336127773,1e-06,-6.967796567385371,,,
T3,1.2,0.001,0.00046415888336127773,1e-05,-6.885171616095404,,,
T3,1.2,0.001,0.00046415888336127773,0.0001,-6.180583228315678,,,
T3,1.2,0.001,0.00046415888336127773,0.001,-3.4666299949618136,,,
T3,1.2,0.001,0.00046415888336127773,0.01,-1.3653354295352866,,,
T3,1.2,0.001,0.00046415888336127773,0.1,-1.157376420044768,,,
T3,1.2,0.001,0.00046415888336127773,1.0,-1.6169929048903207,,,
T3,1.2,0.001,0.00046415888336127773,10.0,-2.249704265554141,,,
T3,1.2,0.001,0.002154434690031882,1e-10,-2.778854243461042,,,
T3,1.2,0.001,0.002154434690031882,1e-09,-2.7788535964318166,,,
T3,1.2,0.001,0.002154434690031882,1e-08,-2.77884712616507,,,
T3,1.2,0.001,0.002154434690031882,1e-07,-2.7787824260488163,,,
T3,1.2,0.001,0.002154434690031882,1e-06,-2.778135679902853,,,
T3,1.2,0.001,0.002154434690031882,1e-05,-2.7716936153929437,,,
T3,1.2,0.001,0.002154434690031882,0.0001,-2.709712209631951,,,
T3,1.2,0.001,0.002154434690031882,0.001,-2.2631210397635,,,
T3,1.2,0.001,0.002154434690031882,0.01,-1.3076791480590728,,,
T3,1.2,0.001,0.002154434690031882,0.1,-1.1593209517273457,,,
T3,1.2,0.001,0.002154434690031882,1.0,-1.6174209898660432,,,
T3,1.2,0.001,0.002154434690031882,10.0,-2.249752995798371,,,
T3,1.2,0.001,0.01,1e-10,-1.3846688700708885,,,
T3,1.2,0.001,0.01,1e-09,-1.3846688308265436,,,
T3,1.2,0.001,0.01,1e-08,-1.3846684383834857,,,
T3,1.2,0.001,0.01,1e-07,-1.384664513992004,,,
T3,1.2,0.001,0.01,1e-06,-1.384625273986834,,,
T3,1.2,0.001,0.01,1e-05,-1.3842332645349504,,,
T3,1.2,0.001,0.01,0.0001,-1.3803518685261857,,,
T3,1.2,0.001,0.01,0.001,-1.3450772199510745,,,
T3,1.2,0.001,0.01,0.01,-1.1752171431446297,,,
T3,1.2,0.001,0.01,0.1,-1.1683079901229985,,,
T3,1.2,0.001,0.01,1.0,-1.6193996053376978,,,
T3,1.2,0.001,0.01,10.0,-2.2499790764034486,,,
T3,1.2,0.001,0.046415888336127774,1e-10,-1.1068155446668304,,,
T3,1.2,0.001,0.046415888336127774,1e-09,-1.1068155448020531,,,
T3,1.2,0.001,0.046415888336127774,1e-08,-1.1068155461542872,,,
T3,1.2,0.001,0.046415888336127774,1e-07,-1.1068155596769746,,,
T3,1.2,0.001,0.046415888336127774,1e-06,-1.106815694938763,,,
T3,1.2,0.001,0.046415888336127774,1e-05,-1.1068170510469821,,,
T3,1.2,0.001,0.046415888336127774,0.0001,-1.1068309602469237,,,
T3,1.2,0.001,0.046415888336127774,0.001,-1.107003968228553,,,
T3,1.2,0.001,0.046415888336127774,0.01,-1.1113957958923995,,,
T3,1.2,0.001,0.046415888336127774,0.1,-1.2082146858796823,,,
T3,1.2,0.001,0.046415888336127774,1.0,-1.628407832687366,,,
T3,1.2,0.001,0.046415888336127774,10.0,-2.2510261909537643,,,
T3,1.2,0.001,0.21544346900318823,1e-10,-1.2733820331222003,,,
T3,1.2,0.001,0.21544346900318823,1e-09,-1.2733820338881077,,,
T3,1.2,0.001,0.21544346900318823,1e-08,-1.2733820415471835,,,
T3,1.2,0.001,0.21544346900318823,1e-07,-1.2733821181379272,,,
T3,1.2,0.001,0.21544346900318823,1e-06,-1.2733828840442794,,,
T3,1.2,0.001,0.21544346900318823,1e-05,-1.273390542999006,,,
T3,1.2,0.001,0.21544346900318823,0.0001,-1.2734671216687534,,,
T3,1.2,0.001,0.21544346900318823,0.001,-1.2742318223150613,,,
T3,1.2,0.001,0.21544346900318823,0.01,-1.2817719139179231,,,
T3,1.2,0.001,0.21544346900318823,0.1,-1.3480085839789289,,,
T3,1.2,0.001,0.21544346900318823,1.0,-1.6668570522228692,,,
T3,1.2,0.001,0.21544346900318823,10.0,-2.2558384720163387,,,
T3,1.2,0.001,1.0,1e-10,-1.6168752377952618,,,
T3,1.2,0.001,1.0,1e-09,-1.6168752380234643,,,
T3,1.2,0.001,1.0,1e-08,-1.616875240305491,,,
T3,1.2,0.001,1.0,1e-07,-1.616875263125754,,,
T3,1.2,0.001,1.0,1e-06,-1.6168754913282837,,,
T3,1.2,0.001,1.0,1e-05,-1.6168777733435244,,,
T3,1.2,0.001,1.0,0.0001,-1.6169005924905395,,,
T3,1.2,0.001,1.0,0.001,-1.6171286834812044,,,
T3,1.2,0.001,1.0,0.01,-1.6193996053376978,,,
T3,1.2,0.001,1.0,0.1,-1.6411661274552187,,,
T3,1.2,0.001,1.0,1.0,-1.7984834919895423,,,
T3,1.2,0.001,1.0,10.0,-2.2772032816981636,,,
T3,1.2,0.001,4.641588833612772,1e-10,-2.0308042369492063,,,
T3,1.2,0.001,4.641588833612772,1e-09,-2.030804237003791,,,
T3,1.2,0.001,4.641588833612772,1e-08,-2.0308042375496393,,,
T3,1.2,0.001,4.641588833612772,1e-07,-2.0308042430081183,,,
T3,1.2,0.001,4.641588833612772,1e-06,-2.030804297592906,,,
T3,1.2,0.001,4.641588833612772,1e-05,-2.030804843440228,,,
T3,1.2,0.001,4.641588833612772,0.0001,-2.0308103018575303,,,
T3,1.2,0.001,4.641588833612772,0.001,-2.03086488043963,,,
T3,1.2,0.001,4.641588833612772,0.01,-2.0314101079434566,,,
T3,1.2,0.001,4.641588833612772,0.1,-2.036807313976125,,,
T3,1.2,0.001,4.641588833612772,1.0,-2.0859327690424987,,,
T3,1.2,0.001,4.641588833612772,10.0,-2.36009939051801,,,
T3,1.2,0.001,21.54434690031882,1e-10,-2.472774230942126,,,
T3,1.2,0.001,21.54434690031882,1e-09,-2.472774230954351,,,
T3,1.2,0.001,21.54434690031882,1e-08,-2.4727742310765994,,,
T3,1.2,0.001,21.54434690031882,1e-07,-2.4727742322990807,,,
T3,1.2,0.001,21.54434690031882,1e-06,-2.472774244523891,,,
T3,1.2,0.001,21.54434690031882,1e-05,-2.472774366771968,,,
T3,1.2,0.001,21.54434690031882,0.0001,-2.4727755892499763,,,
T3,1.2,0.001,21.54434690031882,0.001,-2.4727878137534307,,,
T3,1.2,0.001,21.54434690031882,0.01,-2.4729100311336727,,,
T3,1.2,0.001,21.54434690031882,0.1,-2.474129447920531,,,
T3,1.2,0.001,21.54434690031882,1.0,-2.4860560494597257,,,
T3,1.2,0.001,21.54434690031882,10.0,-2.5846499687280837,,,
T3,1.2,0.001,100.0,1e-10,-2.9259075460620667,,,
T3,1.2,0.001,100.0,1e-09,-2.92590754606474,,,
T3,1.2,0.001,100.0,1e-08,-2.925907546091477,,,
T3,1.2,0.001,100.0,1e-07,-2.9259075463588395,,,
T3,1.2,0.001,100.0,1e-06,-2.9259075490324675,,,
T3,1.2,0.001,100.0,1e-05,-2.9259075757687425,,,
T3,1.2,0.001,100.0,0.0001,-2.925907843131361,,,
T3,1.2,0.001,100.0,0.001,-2.925910516744392,,,
T3,1.2,0.001,100.0,0.01,-2.9259372515591933,,,
T3,1.2,0.001,100.0,0.1,-2.9262044682427124,,,
T3,1.2,0.001,100.0,1.0,-2.9288635751134726,,,
T3,1.2,0.001,100.0,10.0,-2.9542291517896198,,,
T3,1.2,0.001,464.1588833612773,1e-10,-3.383485059358508,,,
T3,1.2,0.001,464.1588833612773,1e-09,-3.3834850593590873,,,
T3,1.2,0.001,464.1588833612773,1e-08,-3.383485059364882,,,
T3,1.2,0.001,464.1588833612773,1e-07,-3.3834850594228256,,,
T3,1.2,0.001,464.1588833612773,1e-06,-3.3834850600022603,,,
T3,1.2,0.001,464.1588833612773,1e-05,-3.3834850657966142,,,
T3,1.2,0.001,464.1588833612773,0.0001,-3.3834851237401495,,,
T3,1.2,0.001,464.1588833612773,0.001,-3.3834857031748853,,,
T3,1.2,0.001,464.1588833612773,0.01,-3.3834914974605943,,,
T3,1.2,0.001,464.1588833612773,0.1,-3.383549434153772,,,
T3,1.2,0.001,464.1588833612773,1.0,-3.3841281855762078,,,
T3,1.2,0.001,464.1588833612773,10.0,-3.3898550162218086,,,
T3,1.2,0.001,2154.4346900318824,1e-10,-3.8428318398186065,,,
T3,1.2,0.001,2154.4346900318824,1e-09,-3.8428318398187313,,,
T3,1.2,0.001,2154.4346900318824,1e-08,-3.842831839819982,,,
T3,1.2,0.001,2154.4346900318824,1e-07,-3.8428318398324963,,,
T3,1.2,0.001,2154.4346900318824,1e-06,-3.8428318399576247,,,
T3,1.2,0.001,2154.4346900318824,1e-05,-3.8428318412089135,,,
T3,1.2,0.001,2154.4346900318824,0.0001,-3.842831853721802,,,
T3,1.2,0.001,2154.4346900318824,0.001,-3.8428319788506626,,,
T3,1.2,0.001,2154.4346900318824,0.01,-3.842833230136395,,,
T3,1.2,0.001,2154.4346900318824,0.1,-3.8428457427065,,,
T3,1.2,0.001,2154.4346900318824,1.0,-3.842970839694696,,,
T3,1.2,0.001,2154.4346900318824,10.0,-3.844218947130382,,,
T3,1.2,0.001,10000.0,1e-10,-4.30288297822315,,,
T3,1.2,0.001,10000.0,1e-09,-4.302882978223177,,,
T3,1.2,0.001,10000.0,1e-08,-4.302882978223446,,,
T3,1.2,0.001,10000.0,1e-07,-4.302882978226144,,,
T3,1.2,0.001,10000.0,1e-06,-4.302882978253129,,,
T3,1.2,0.001,10000.0,1e-05,-4.302882978522961,,,
T3,1.2,0.001,10000.0,0.0001,-4.302882981221297,,,
T3,1.2,0.001,10000.0,0.001,-4.302883008204656,,,
T3,1.2,0.001,10000.0,0.01,-4.302883278038109,,,
T3,1.2,0.001,10000.0,0.1,-4.302885976359291,,,
T3,1.2,0.001,10000.0,1.0,-4.302912958236027,,,
T3,1.2,0.001,10000.0,10.0,-4.303182643583872,,,
T3,1.2,0.002848035868435802,0.0001,1e-10,-18.21898573444384,,,
T3,1.2,0.002848035868435802,0.0001,1e-09,-18.218883445227824,,,
T3,1.2,0.002848035868435802,0.0001,1e-08,-18.217860634875382,,,
T3,1.2,0.002848035868435802,0.0001,1e-07,-18.207640705021152,,,
T3,1.2,0.002848035868435802,0.0001,1e-06,-18.106251733787897,,,
T3,1.2,0.002848035868435802,0.0001,1e-05,-17.166936266709932,,,
T3,1.2,0.002848035868435802,0.0001,0.0001,-11.811666622024775,,,
T3,1.2,0.002848035868435802,0.0001,0.001,-4.108059432379018,,,
T3,1.2,0.002848035868435802,0.0001,0.01,-1.3803518634673333,,,
T3,1.2,0.002848035868435802,0.0001,0.1,-1.156957271264308,,,
T3,1.2,0.002848035868435802,0.0001,1.0,-1.6169005924770254,,,
T3,1.2,0.002848035868435802,0.0001,10.0,-2.2496937658879137,,,
T3,1.2,0.002848035868435802,0.00046415888336127773,1e-10,-6.97713564676952,,,
T3,1.2,0.002848035868435802,0.00046415888336127773,1e-09,-6.977127223523432,,,
T3,1.2,0.002848035868435802,0.00046415888336127773,1e-08,-6.977042992537003,,,
T3,1.2,0.002848035868435802,0.00046415888336127773,1e-07,-6.976200830091005,,,
T3,1.2,0.002848035868435802,0.00046415888336127773,1e-06,-6.967793919751847,,,
T3,1.2,0.002848035868435802,0.00046415888336127773,1e-05,-6.885169047182832,,,
T3,1.2,0.002848035868435802,0.00046415888336127773,0.0001,-6.180581274085428,,,
T3,1.2,0.002848035868435802,0.00046415888336127773,0.001,-3.466629554920489,,,
T3,1.2,0.002848035868435802,0.00046415888336127773,0.01,-1.365335407245602,,,
T3,1.2,0.002848035868435802,0.00046415888336127773,0.1,-1.1573764190708506,,,
T3,1.2,0.002848035868435802,0.00046415888336127773,1.0,-1.6169929048276206,,,
T3,1.2,0.002848035868435802,0.00046415888336127773,10.0,-2.249704265548753,,,
T3,1.2,0.002848035868435802,0.002154434690031882,1e-10,-2.7788531198220006,,,
T3,1.2,0.002848035868435802,0.002154434690031882,1e-09,-2.7788524727934982,,,
T3,1.2,0.002848035868435802,0.002154434690031882,1e-08,-2.7788460025339865,,,
T3,1.2,0.002848035868435802,0.002154434690031882,1e-07,-2.778781302490082,,,
T3,1.2,0.002848035868435802,0.002154434690031882,1e-06,-2.778134557067182,,,
T3,1.2,0.002848035868435802,0.002154434690031882,1e-05,-2.771692499745571,,,
T3,1.2,0.002848035868435802,0.002154434690031882,0.0001,-2.709711161856356,,,
T3,1.2,0.002848035868435802,0.002154434690031882,0.001,-2.2631204139446814,,,
T3,1.2,0.002848035868435802,0.002154434690031882,0.01,-1.3076790649702459,,,
T3,1.2,0.002848035868435802,0.002154434690031882,0.1,-1.1593209473028605,,,
T3,1.2,0.002848035868435802,0.002154434690031882,1.0,-1.617420989575561,,,
T3,1.2,0.002848035868435802,0.002154434690031882,10.0,-2.2497529957733677,,,
T3,1.2,0.002848035868435802,0.01,1e-10,-1.3846683567241818,,,
T3,1.2,0.002848035868435802,0.01,1e-09,-1.3846683174799046,,,
T3,1.2,0.002848035868435802,0.01,1e-08,-1.3846679250375264,,,
T3,1.2,0.002848035868435802,0.01,1e-07,-1.3846640006528443,,,
T3,1.2,0.002848035868435802,0.01,1e-06,-1.3846247607156645,,,
T3,1.2,0.002848035868435802,0.01,1e-05,-1.384232751942832,,,
T3,1.2,0.002848035868435802,0.01,0.0001,-1.3803513626410882,,,
T3,1.2,0.002848035868435802,0.01,0.001,-1.345076773668841,,,
T3,1.2,0.002848035868435802,0.01,0.01,-1.175216955143591,,,
T3,1.2,0.002848035868435802,0.01,0.1,-1.1683079714463012,,,
T3,1.2,0.002848035868435802,0.01,1.0,-1.6193996040010479,,,
T3,1.2,0.002848035868435802,0.01,10.0,-2.249979076287487,,,
T3,1.2,0.002848035868435802,0.046415888336127774,1e-10,-1.1068152742818997,,,
T3,1.2,0.002848035868435802,0.046415888336127774,1e-09,-1.1068152744171298,,,
T3,1.2,0.002848035868435802,0.046415888336127774,1e-08,-1.106815275769435,,,
T3,1.2,0.002848035868435802,0.046415888336127774,1e-07,-1.1068152892928338,,,
T3,1.2,0.002848035868435802,0.046415888336127774,1e-06,-1.1068154245617339,,,
T3,1.2,0.002848035868435802,0.046415888336127774,1e-05,-1.106816780741056,,,
T3,1.2,0.002848035868435802,0.046415888336127774,0.0001,-1.1068306906501948,,,
T3,1.2,0.002848035868435802,0.046415888336127774,0.001,-1.107003705545135,,,
T3,1.2,0.002848035868435802,0.046415888336127774,0.01,-1.1113955880408457,,,
T3,1.2,0.002848035868435802,0.046415888336127774,0.1,-1.2082146255375572,,,
T3,1.2,0.002848035868435802,0.046415888336127774,1.0,-1.6284078267227102,,,
T3,1.2,0.002848035868435802,0.046415888336127774,10.0,-2.2510261904175333,,,
T3,1.2,0.002848035868435802,0.21544346900318823,1e-10,-1.2733818594620971,,,
T3,1.2,0.002848035868435802,0.21544346900318823,1e-09,-1.2733818602280056,,,
T3,1.2,0.002848035868435802,0.21544346900318823,1e-08,-1.27338186788709,,,
T3,1.2,0.002848035868435802,0.21544346900318823,1e-07,-1.2733819444779224,,,
T3,1.2,0.002848035868435802,0.21544346900318823,1e-06,-1.2733827103851603,,,
T3,1.2,0.002848035868435802,0.21544346900318823,1e-05,-1.273390369348744,,,
T3,1.2,0.002848035868435802,0.21544346900318823,0.0001,-1.2734669481070209,,,
T3,1.2,0.002848035868435802,0.21544346900318823,0.001,-1.2742316496339843,,,
T3,1.2,0.002848035868435802,0.21544346900318823,0.01,-1.2817717496027572,,,
T3,1.2,0.002848035868435802,0.21544346900318823,0.1,-1.3480084743065603,,,
T3,1.2,0.002848035868435802,0.21544346900318823,1.0,-1.6668570287650133,,,
T3,1.2,0.002848035868435802,0.21544346900318823,10.0,-2.255838469569898,,,
T3,1.2,0.002848035868435802,1.0,1e-10,-1.616875102642006,,,
T3,1.2,0.002848035868435802,1.0,1e-09,-1.616875102870209,,,
T3,1.2,0.002848035868435802,1.0,1e-08,-1.6168751051522363,,,
T3,1.2,0.002848035868435802,1.0,1e-07,-1.6168751279725133,,,
T3,1.2,0.002848035868435802,1.0,1e-06,-1.616875356175178,,,
T3,1.2,0.002848035868435802,1.0,1e-05,-1.6168776381917733,,,
T3,1.2,0.002848035868435802,1.0,0.0001,-1.6169004573523256,,,
T3,1.2,0.002848035868435802,1.0,0.001,-1.617128548478221,,,
T3,1.2,0.002848035868435802,1.0,0.01,-1.6193994716726965,,,
T3,1.2,0.002848035868435802,1.0,0.1,-1.6411660058755615,,,
T3,1.2,0.002848035868435802,1.0,1.0,-1.7984834287458469,,,
T3,1.2,0.002848035868435802,1.0,10.0,-2.277203271177629,,,
T3,1.2,0.002848035868435802,4.641588833612772,1e-10,-2.0308041171258027,,,
T3,1.2,0.002848035868435802,4.641588833612772,1e-09,-2.030804117180387,,,
T3,1.2,0.002848035868435802,4.641588833612772,1e-08,-2.0308041177262357,,,
T3,1.2,0.002848035868435802,4.641588833612772,1e-07,-2.0308041231847174,,,
T3,1.2,0.002848035868435802,4.641588833612772,1e-06,-2.0308041777695296,,,
T3,1.2,0.002848035868435802,4.641588833612772,1e-05,-2.030804723617096,,,
T3,1.2,0.002848035868435802,4.641588833612772,0.0001,-2.0308101820368387,,,
T3,1.2,0.002848035868435802,4.641588833612772,0.001,-2.0308647606433463,,,
T3,1.2,0.002848035868435802,4.641588833612772,0.01,-2.031409988390706,,,
T3,1.2,0.002848035868435802,4.641588833612772,0.1,-2.036807196805929,,,
T3,1.2,0.002848035868435802,4.641588833612772,1.0,-2.0859326713799917,,,
T3,1.2,0.002848035868435802,4.641588833612772,10.0,-2.3600993541332853,,,
T3,1.2,0.002848035868435802,21.54434690031882,1e-10,-2.472774117221647,,,
T3,1.2,0.002848035868435802,21.54434690031882,1e-09,-2.4727741172338717,,,
T3,1.2,0.002848035868435802,21.54434690031882,1e-08,-2.47277411735612,,,
T3,1.2,0.002848035868435802,21.54434690031882,1e-07,-2.4727741185786014,,,
T3,1.2,0.002848035868435802,21.54434690031882,1e-06,-2.472774130803417,,,
T3,1.2,0.002848035868435802,21.54434690031882,1e-05,-2.4727742530515426,,,
T3,1.2,0.002848035868435802,21.54434690031882,0.0001,-2.472775475530036,,,
T3,1.2,0.002848035868435802,21.54434690031882,0.001,-2.4727877000383423,,,
T3,1.2,0.002848035868435802,21.54434690031882,0.01,-2.4729099174670766,,,
T3,1.2,0.002848035868435802,21.54434690031882,0.1,-2.474129334736605,,,
T3,1.2,0.002848035868435802,21.54434690031882,1.0,-2.4860559408871437,,,
T3,1.2,0.002848035868435802,21.54434690031882,10.0,-2.5846498916223544,,,
T3,1.2,0.002848035868435802,100.0,1e-10,-2.9259074347712053,,,
T3,1.2,0.002848035868435802,100.0,1e-09,-2.9259074347738787,,,
T3,1.2,0.002848035868435802,100.0,1e-08,-2.9259074348006147,,,
T3,1.2,0.002848035868435802,100.0,1e-07,-2.925907435067978,,,
T3,1.2,0.002848035868435802,100.0,1e-06,-2.9259074377416066,,,
T3,1.2,0.002848035868435802,100.0,1e-05,-2.9259074644778913,,,
T3,1.2,0.002848035868435802,100.0,0.0001,-2.9259077318406113,,,
T3,1.2,0.002848035868435802,100.0,0.001,-2.9259104054546534,,,
T3,1.2,0.002848035868435802,100.0,0.01,-2.9259371402795566,,,
T3,1.2,0.002848035868435802,100.0,0.1,-2.9262043570639937,,,
T3,1.2,0.002848035868435802,100.0,1.0,-2.928863464933971,,,
T3,1.2,0.002848035868435802,100.0,10.0,-2.95422905069731,,,
T3,1.2,0.002848035868435802,464.1588833612773,1e-10,-3.3834849490348953,,,
T3,1.2,0.002848035868435802,464.1588833612773,1e-09,-3.3834849490354735,,,
T3,1.2,0.002848035868435802,464.1588833612773,1e-08,-3.383484949041268,,,
T3,1.2,0.002848035868435802,464.1588833612773,1e-07,-3.383484949099212,,,
T3,1.2,0.002848035868435802,464.1588833612773,1e-06,-3.3834849496786474,,,
T3,1.2,0.002848035868435802,464.1588833612773,1e-05,-3.3834849554730035,,,
T3,1.2,0.002848035868435802,464.1588833612773,0.0001,-3.3834850134165606,,,
T3,1.2,0.002848035868435802,464.1588833612773,0.001,-3.3834855928515104,,,
T3,1.2,0.002848035868435802,464.1588833612773,0.01,-3.383491387139366,,,
T3,1.2,0.002848035868435802,464.1588833612773,0.1,-3.3835493238540044,,,
T3,1.2,0.002848035868435802,464.1588833612773,1.0,-3.3841280754905925,,,
T3,1.2,0.002848035868435802,464.1588833612773,10.0,-3.389854908232877,,,
T3,1.2,0.002848035868435802,2154.4346900318824,1e-10,-3.842831729880062,,,
T3,1.2,0.002848035868435802,2154.4346900318824,1e-09,-3.8428317298801873,,,
T3,1.2,0.002848035868435802,2154.4346900318824,1e-08,-3.842831729881439,,,
T3,1.2,0.002848035868435802,2154.4346900318824,1e-07,-3.8428317298939505,,,
T3,1.2,0.002848035868435802,2154.4346900318824,1e-06,-3.8428317300190806,,,
T3,1.2,0.002848035868435802,2154.4346900318824,1e-05,-3.842831731270368,,,
T3,1.2,0.002848035868435802,2154.4346900318824,0.0001,-3.8428317437832624,,,
T3,1.2,0.002848035868435802,2154.4346900318824,0.001,-3.8428318689121688,,,
T3,1.2,0.002848035868435802,2154.4346900318824,0.01,-3.842833120198361,,,
T3,1.2,0.002848035868435802,2154.4346900318824,0.1,-3.842845632773064,,,
T3,1.2,0.002848035868435802,2154.4346900318824,1.0,-3.8429707298072286,,,
T3,1.2,0.002848035868435802,2154.4346900318824,10.0,-3.8442188377004727,,,
T3,1.2,0.002848035868435802,10000.0,1e-10,-4.302882868437902,,,
T3,1.2,0.002848035868435802,10000.0,1e-09,-4.302882868437929,,,
T3,1.2,0.002848035868435802,10000.0,1e-08,-4.3028828684382,,,
T3,1.2,0.002848035868435802,10000.0,1e-07,-4.302882868440898,,,
T3,1.2,0.002848035868435802,10000.0,1e-06,-4.302882868467882,,,
T3,1.2,0.002848035868435802,10000.0,1e-05,-4.302882868737716,,,
T3,1.2,0.002848035868435802,10000.0,0.0001,-4.302882871436052,,,
T3,1.2,0.002848035868435802,10000.0,0.001,-4.302882898419421,,,
T3,1.2,0.002848035868435802,10000.0,0.01,-4.302883168252973,,,
T3,1.2,0.002848035868435802,10000.0,0.1,-4.302885866575143,,,
T3,1.2,0.002848035868435802,10000.0,1.0,-4.302912848461764,,,
T3,1.2,0.002848035868435802,10000.0,10.0,-4.303182533908363,,,
T3,1.2,0.008111308307896872,0.0001,1e-10,-17.74796910971137,,,
T3,1.2,0.008111308307896872,0.0001,1e-09,-17.747873424111553,,,
T3,1.2,0.008111308307896872,0.0001,1e-08,-17.746916641613872,,,
T3,1.2,0.008111308307896872,0.0001,1e-07,-17.737356160557706,,,
T3,1.2,0.008111308307896872,0.0001,1e-06,-17.642479665136772,,,
T3,1.2,0.008111308307896872,0.0001,1e-05,-16.760952806953977,,,
T3,1.2,0.008111308307896872,0.0001,0.0001,-11.652383026272128,,,
T3,1.2,0.008111308307896872,0.0001,0.001,-4.097030135866125,,,
T3,1.2,0.008111308307896872,0.0001,0.01,-1.3799737536731382,,,
T3,1.2,0.008111308307896872,0.0001,0.1,-1.1569415112873787,,,
T3,1.2,0.008111308307896872,0.0001,1.0,-1.6168995821712895,,,
T3,1.2,0.008111308307896872,0.0001,10.0,-2.249693679105213,,,
T3,1.2,0.008111308307896872,0.00046415888336127773,1e-10,-6.784657073160188,,,
T3,1.2,0.008111308307896872,0.00046415888336127773,1e-09,-6.78464922599265,,,
T3,1.2,0.008111308307896872,0.00046415888336127773,1e-08,-6.784570755636144,,,
T3,1.2,0.008111308307896872,0.00046415888336127773,1e-07,-6.783786183933334,,,
T3,1.2,0.008111308307896872,0.00046415888336127773,1e-06,-6.775953629335206,,,
T3,1.2,0.008111308307896872,0.00046415888336127773,1e-05,-6.698920967853863,,,
T3,1.2,0.008111308307896872,0.00046415888336127773,0.0001,-6.038194146106448,,,
T3,1.2,0.008111308307896872,0.00046415888336127773,0.001,-3.4340465866644734,,,
T3,1.2,0.008111308307896872,0.00046415888336127773,0.01,-1.3636708671892976,,,
T3,1.2,0.008111308307896872,0.00046415888336127773,0.1,-1.1573036126301715,,,
T3,1.2,0.008111308307896872,0.00046415888336127773,1.0,-1.6169882173074668,,,
T3,1.2,0.008111308307896872,0.00046415888336127773,10.0,-2.24970386275425,,,
T3,1.2,0.008111308307896872,0.002154434690031882,1e-10,-2.697262749976219,,,
T3,1.2,0.008111308307896872,0.002154434690031882,1e-09,-2.6972621544439734,,,
T3,1.2,0.008111308307896872,0.002154434690031882,1e-08,-2.6972561991440522,,,
T3,1.2,0.008111308307896872,0.002154434690031882,1e-07,-2.697196648398895,,,
T3,1.2,0.008111308307896872,0.002154434690031882,1e-06,-2.696601366262985,,,
T3,1.2,0.008111308307896872,0.002154434690031882,1e-05,-2.690670987750579,,,
T3,1.2,0.008111308307896872,0.002154434690031882,0.0001,-2.6335262276331575,,,
T3,1.2,0.008111308307896872,0.002154434690031882,0.001,-2.217235803572396,,,
T3,1.2,0.008111308307896872,0.002154434690031882,0.01,-1.3014941153917627,,,
T3,1.2,0.008111308307896872,0.002154434690031882,0.1,-1.1589902620677628,,,
T3,1.2,0.008111308307896872,0.002154434690031882,1.0,-1.6173992729563096,,,
T3,1.2,0.008111308307896872,0.002154434690031882,10.0,-2.249751126492377,,,
T3,1.2,0.008111308307896872,0.01,1e-10,-1.3472233939498612,,,
T3,1.2,0.008111308307896872,0.01,1e-09,-1.3472233595718408,,,
T3,1.2,0.008111308307896872,0.01,1e-08,-1.3472230157919611,,,
T3,1.2,0.008111308307896872,0.01,1e-07,-1.3472195780263327,,,
T3,1.2,0.008111308307896872,0.01,1e-06,-1.3471852036858107,,,
T3,1.2,0.008111308307896872,0.01,1e-05,-1.3468417915613702,,,
T3,1.2,0.008111308307896872,0.01,0.0001,-1.3434405046090216,,,
T3,1.2,0.008111308307896872,0.01,0.001,-1.3124414105367967,,,
T3,1.2,0.008111308307896872,0.01,0.01,-1.1613152804391018,,,
T3,1.2,0.008111308307896872,0.01,0.1,-1.1669133217903118,,,
T3,1.2,0.008111308307896872,0.01,1.0,-1.619299676977238,,,
T3,1.2,0.008111308307896872,0.01,10.0,-2.2499704068590387,,,
T3,1.2,0.008111308307896872,0.046415888336127774,1e-10,-1.0869449161888096,,,
T3,1.2,0.008111308307896872,0.046415888336127774,1e-09,-1.0869449168382457,,,
T3,1.2,0.008111308307896872,0.046415888336127774,1e-08,-1.0869449233326083,,,
T3,1.2,0.008111308307896872,0.046415888336127774,1e-07,-1.0869449882764552,,,
T3,1.2,0.008111308307896872,0.046415888336127774,1e-06,-1.0869456377367845,,,
T3,1.2,0.008111308307896872,0.046415888336127774,1e-05,-1.086952134525322,,,
T3,1.2,0.008111308307896872,0.046415888336127774,0.0001,-1.0870173203366318,,,
T3,1.2,0.008111308307896872,0.046415888336127774,0.001,-1.0876903849546458,,,
T3,1.2,0.008111308307896872,0.046415888336127774,0.01,-1.096062040989543,,,
T3,1.2,0.008111308307896872,0.046415888336127774,0.1,-1.2037192358368796,,,
T3,1.2,0.008111308307896872,0.046415888336127774,1.0,-1.6279619442221338,,,
T3,1.2,0.008111308307896872,0.046415888336127774,10.0,-2.2509861007392327,,,
T3,1.2,0.008111308307896872,0.21544346900318823,1e-10,-1.260508077654841,,,
T3,1.2,0.008111308307896872,0.21544346900318823,1e-09,-1.260508078485714,,,
T3,1.2,0.008111308307896872,0.21544346900318823,1e-08,-1.2605080867944427,,,
T3,1.2,0.008111308307896872,0.21544346900318823,1e-07,-1.2605081698817142,,,
T3,1.2,0.008111308307896872,0.21544346900318823,1e-06,-1.2605090007530075,,,
T3,1.2,0.008111308307896872,0.21544346900318823,1e-05,-1.2605173093233761,,,
T3,1.2,0.008111308307896872,0.21544346900318823,0.0001,-1.2606003807741564,,,
T3,1.2,0.008111308307896872,0.21544346900318823,0.001,-1.2614296733990629,,,
T3,1.2,0.008111308307896872,0.21544346900318823,0.01,-1.269583727171313,,,
T3,1.2,0.008111308307896872,0.21544346900318823,0.1,-1.3398467412275867,,,
T3,1.2,0.008111308307896872,0.21544346900318823,1.0,-1.6651037521067853,,,
T3,1.2,0.008111308307896872,0.21544346900318823,10.0,-2.255655560010374,,,
T3,1.2,0.008111308307896872,1.0,1e-10,-1.6067867080372373,,,
T3,1.2,0.008111308307896872,1.0,1e-09,-1.6067867082755065,,,
T3,1.2,0.008111308307896872,1.0,1e-08,-1.606786710658198,,,
T3,1.2,0.008111308307896872,1.0,1e-07,-1.6067867344851128,,,
T3,1.2,0.008111308307896872,1.0,1e-06,-1.606786972754147,,,
T3,1.2,0.008111308307896872,1.0,1e-05,-1.6067893554333676,,,
T3,1.2,0.008111308307896872,1.0,0.0001,-1.6068131811129835,,,
T3,1.2,0.008111308307896872,1.0,0.001,-1.6070513267222473,,,
T3,1.2,0.008111308307896872,1.0,0.01,-1.6094217352320102,,,
T3,1.2,0.008111308307896872,1.0,0.1,-1.6320873151047732,,,
T3,1.2,0.008111308307896872,1.0,1.0,-1.7937547331253554,,,
T3,1.2,0.008111308307896872,1.0,10.0,-2.2764165266412233,,,
T3,1.2,0.008111308307896872,4.641588833612772,1e-10,-2.0218246051406252,,,
T3,1.2,0.008111308307896872,4.641588833612772,1e-09,-2.021824605197042,,,
T3,1.2,0.008111308307896872,4.641588833612772,1e-08,-2.021824605761207,,,
T3,1.2,0.008111308307896872,4.641588833612772,1e-07,-2.021824611402857,,,
T3,1.2,0.008111308307896872,4.641588833612772,1e-06,-2.021824667819349,,,
T3,1.2,0.008111308307896872,4.641588833612772,1e-05,-2.021825231983675,,,
T3,1.2,0.008111308307896872,4.641588833612772,0.0001,-2.021830873566956,,,
T3,1.2,0.008111308307896872,4.641588833612772,0.001,-2.021887283402954,,,
T3,1.2,0.008111308307896872,4.641588833612772,0.01,-2.022450782945877,,,
T3,1.2,0.008111308307896872,4.641588833612772,0.1,-2.028026747422947,,,
T3,1.2,0.008111308307896872,4.641588833612772,1.0,-2.078615663331571,,,
T3,1.2,0.008111308307896872,4.641588833612772,10.0,-2.3573761708304226,,,
T3,1.2,0.008111308307896872,21.54434690031882,1e-10,-2.4642360593588286,,,
T3,1.2,0.008111308307896872,21.54434690031882,1e-09,-2.4642360593714194,,,
T3,1.2,0.008111308307896872,21.54434690031882,1e-08,-2.464236059497325,,,
T3,1.2,0.008111308307896872,21.54434690031882,1e-07,-2.464236060756378,,,
T3,1.2,0.008111308307896872,21.54434690031882,1e-06,-2.4642360733469078,,,
T3,1.2,0.008111308307896872,21.54434690031882,1e-05,-2.464236199252176,,,
T3,1.2,0.008111308307896872,21.54434690031882,0.0001,-2.464237458301926,,,
T3,1.2,0.008111308307896872,21.54434690031882,0.001,-2.464250048505647,,,
T3,1.2,0.008111308307896872,21.54434690031882,0.01,-2.464375921174198,,,
T3,1.2,0.008111308307896872,21.54434690031882,0.1,-2.465631720214165,,,
T3,1.2,0.008111308307896872,21.54434690031882,1.0,-2.47790585060761,,,
T3,1.2,0.008111308307896872,21.54434690031882,10.0,-2.57886831119173,,,
T3,1.2,0.008111308307896872,100.0,1e-10,-2.9175451229600062,,,
T3,1.2,0.008111308307896872,100.0,1e-09,-2.917545122962756,,,
T3,1.2,0.008111308307896872,100.0,1e-08,-2.917545122990256,,,
T3,1.2,0.008111308307896872,100.0,1e-07,-2.91754512326525,,,
T3,1.2,0.008111308307896872,100.0,1e-06,-2.91754512601519,,,
T3,1.2,0.008111308307896872,100.0,1e-05,-2.917545153514587,,,
T3,1.2,0.008111308307896872,100.0,0.0001,-2.917545428508426,,,
T3,1.2,0.008111308307896872,100.0,0.001,-2.917548178432888,,,
T3,1.2,0.008111308307896872,100.0,0.01,-2.91757567628552,,,
T3,1.2,0.008111308307896872,100.0,0.1,-2.917850515707116,,,
T3,1.2,0.008111308307896872,100.0,1.0,-2.9205850935810718,,,
T3,1.2,0.008111308307896872,100.0,10.0,-2.946636685470307,,,
T3,1.2,0.008111308307896872,464.1588833612773,1e-10,-3.3751926029870463,,,
T3,1.2,0.008111308307896872,464.1588833612773,1e-09,-3.375192602987643,,,
T3,1.2,0.008111308307896872,464.1588833612773,1e-08,-3.375192602993599,,,
T3,1.2,0.008111308307896872,464.1588833612773,1e-07,-3.375192603053166,,,
T3,1.2,0.008111308307896872,464.1588833612773,1e-06,-3.3751926036488284,,,
T3,1.2,0.008111308307896872,464.1588833612773,1e-05,-3.375192609605466,,,
T3,1.2,0.008111308307896872,464.1588833612773,0.0001,-3.375192669171832,,,
T3,1.2,0.008111308307896872,464.1588833612773,0.001,-3.37519326483484,,,
T3,1.2,0.008111308307896872,464.1588833612773,0.01,-3.375199221399786,,,
T3,1.2,0.008111308307896872,464.1588833612773,0.1,-3.3752587805361727,,,
T3,1.2,0.008111308307896872,464.1588833612773,1.0,-3.3758537215499773,,,
T3,1.2,0.008111308307896872,464.1588833612773,10.0,-3.381739038094578,,,
T3,1.2,0.008111308307896872,2154.4346900318824,1e-10,-3.834567237704298,,,
T3,1.2,0.008111308307896872,2154.4346900318824,1e-09,-3.8345672377044266,,,
T3,1.2,0.008111308307896872,2154.4346900318824,1e-08,-3.8345672377057127,,,
T3,1.2,0.008111308307896872,2154.4346900318824,1e-07,-3.8345672377185736,,,
T3,1.2,0.008111308307896872,2154.4346900318824,1e-06,-3.834567237847181,,,
T3,1.2,0.008111308307896872,2154.4346900318824,1e-05,-3.83456723913325,,,
T3,1.2,0.008111308307896872,2154.4346900318824,0.0001,-3.834567251993943,,,
T3,1.2,0.008111308307896872,2154.4346900318824,0.001,-3.834567380600845,,,
T3,1.2,0.008111308307896872,2154.4346900318824,0.01,-3.8345686666668284,,,
T3,1.2,0.008111308307896872,2154.4346900318824,0.1,-3.8345815270233503,,,
T3,1.2,0.008111308307896872,2154.4346900318824,1.0,-3.8347101002661694,,,
T3,1.2,0.008111308307896872,2154.4346900318824,10.0,-3.8359928100416143,,,
T3,1.2,0.008111308307896872,10000.0,1e-10,-4.294629465088343,,,
T3,1.2,0.008111308307896872,10000.0,1e-09,-4.294629465088371,,,
T3,1.2,0.008111308307896872,10000.0,1e-08,-4.294629465088649,,,
T3,1.2,0.008111308307896872,10000.0,1e-07,-4.294629465091423,,,
T3,1.2,0.008111308307896872,10000.0,1e-06,-4.2946294651191534,,,
T3,1.2,0.008111308307896872,10000.0,1e-05,-4.294629465396464,,,
T3,1.2,0.008111308307896872,10000.0,0.0001,-4.2946294681695765,,,
T3,1.2,0.008111308307896872,10000.0,0.001,-4.2946294959006925,,,
T3,1.2,0.008111308307896872,10000.0,0.01,-4.2946297732117085,,,
T3,1.2,0.008111308307896872,10000.0,0.1,-4.29463254630778,,,
T3,1.2,0.008111308307896872,10000.0,1.0,-4.294660275858865,,,
T3,1.2,0.008111308307896872,10000.0,10.0,-4.2949374305034995,,,
T3,1.2,0.02310129700083159,0.0001,1e-10,-11.074101738008665,,,
T3,1.2,0.02310129700083159,0.0001,1e-09,-11.074072123856691,,,
T3,1.2,0.02310129700083159,0.0001,1e-08,-11.07377599787788,,,
T3,1.2,0.02310129700083159,0.0001,1e-07,-11.070816289764057,,,
T3,1.2,0.02310129700083159,0.0001,1e-06,-11.041372036019101,,,
T3,1.2,0.02310129700083159,0.0001,1e-05,-10.760414576926385,,,
T3,1.2,0.02310129700083159,0.0001,0.0001,-8.733607993884297,,,
T3,1.2,0.02310129700083159,0.0001,0.001,-3.82897482387949,,,
T3,1.2,0.02310129700083159,0.0001,0.01,-1.3701469046276862,,,
T3,1.2,0.02310129700083159,0.0001,0.1,-1.1565291304695902,,,
T3,1.2,0.02310129700083159,0.0001,1.0,-1.6168731338856595,,,
T3,1.2,0.02310129700083159,0.0001,10.0,-2.2496914072103413,,,
T3,1.2,0.02310129700083159,0.00046415888336127773,1e-10,-3.9678776737604453,,,
T3,1.2,0.02310129700083159,0.00046415888336127773,1e-09,-3.9678759981663516,,,
T3,1.2,0.02310129700083159,0.00046415888336127773,1e-08,-3.9678592422571315,,,
T3,1.2,0.02310129700083159,0.00046415888336127773,1e-07,-3.9676916863372513,,,
T3,1.2,0.02310129700083159,0.00046415888336127773,1e-06,-3.9660164462106238,,,
T3,1.2,0.02310129700083159,0.00046415888336127773,1e-05,-3.9492978087035553,,,
T3,1.2,0.02310129700083159,0.00046415888336127773,0.0001,-3.787078744301578,,,
T3,1.2,0.02310129700083159,0.00046415888336127773,0.001,-2.755157813728018,,,
T3,1.2,0.02310129700083159,0.00046415888336127773,0.01,-1.3214544090543328,,,
T3,1.2,0.02310129700083159,0.00046415888336127773,0.1,-1.1554018961487178,,,
T3,1.2,0.02310129700083159,0.00046415888336127773,1.0,-1.616865516368446,,,
T3,1.2,0.02310129700083159,0.00046415888336127773,10.0,-2.2496933180034135,,,
T3,1.2,0.02310129700083159,0.002154434690031882,1e-10,-1.416019764612687,,,
T3,1.2,0.02310129700083159,0.002154434690031882,1e-09,-1.416019807129872,,,
T3,1.2,0.02310129700083159,0.002154434690031882,1e-08,-1.4160202322904483,,,
T3,1.2,0.02310129700083159,0.002154434690031882,1e-07,-1.4160244827689172,,,
T3,1.2,0.02310129700083159,0.002154434690031882,1e-06,-1.41606687494595,,,
T3,1.2,0.02310129700083159,0.002154434690031882,1e-05,-1.4164796565906108,,,
T3,1.2,0.02310129700083159,0.002154434690031882,0.0001,-1.4196023887278801,,,
T3,1.2,0.02310129700083159,0.002154434690031882,0.001,-1.4037621458305853,,,
T3,1.2,0.02310129700083159,0.002154434690031882,0.01,-1.1569838914083745,,,
T3,1.2,0.02310129700083159,0.002154434690031882,0.1,-1.150420055632858,,,
T3,1.2,0.02310129700083159,0.002154434690031882,1.0,-1.6168310581237741,,,
T3,1.2,0.02310129700083159,0.002154434690031882,10.0,-2.2497021918088578,,,
T3,1.2,0.02310129700083159,0.01,1e-10,-0.6772886482199404,,,
T3,1.2,0.02310129700083159,0.01,1e-09,-0.6772886919891693,,,
T3,1.2,0.02310129700083159,0.01,1e-08,-0.6772891296807027,,,
T3,1.2,0.02310129700083159,0.01,1e-07,-0.677293506520156,,,
T3,1.2,0.02310129700083159,0.01,1e-06,-0.6773372673281852,,,
T3,1.2,0.02310129700083159,0.01,1e-05,-0.6777741183881266,,,
T3,1.2,0.02310129700083159,0.01,0.0001,-0.682068517152907,,,
T3,1.2,0.02310129700083159,0.01,0.001,-0.7188823879424895,,,
T3,1.2,0.02310129700083159,0.01,0.01,-0.8738261226565205,,,
T3,1.2,0.02310129700083159,0.01,0.1,-1.1318225418093957,,,
T3,1.2,0.02310129700083159,0.01,1.0,-1.616690092588124,,,
T3,1.2,0.02310129700083159,0.01,10.0,-2.249743481167124,,,
T3,1.2,0.02310129700083159,0.046415888336127774,1e-10,-0.6603763814646554,,,
T3,1.2,0.02310129700083159,0.046415888336127774,1e-09,-0.6603763938628646,,,
T3,1.2,0.02310129700083159,0.046415888336127774,1e-08,-0.6603765178449199,,,
T3,1.2,0.02310129700083159,0.046415888336127774,1e-07,-0.6603777576615156,,,
T3,1.2,0.02310129700083159,0.046415888336127774,1e-06,-0.6603901554317503,,,
T3,1.2,0.02310129700083159,0.046415888336127774,1e-05,-0.6605140935801133,,,
T3,1.2,0.02310129700083159,0.046415888336127774,0.0001,-0.6617495375408238,,,
T3,1.2,0.02310129700083159,0.046415888336127774,0.001,-0.6737271889357027,,,
T3,1.2,0.02310129700083159,0.046415888336127774,0.01,-0.7670236773894175,,,
T3,1.2,0.02310129700083159,0.046415888336127774,0.1,-1.097058772286316,,,
T3,1.2,0.02310129700083159,0.046415888336127774,1.0,-1.6164083016383302,,,
T3,1.2,0.02310129700083159,0.046415888336127774,10.0,-2.2499372779551257,,,
T3,1.2,0.02310129700083159,0.21544346900318823,1e-10,-0.9308253784669382,,,
T3,1.2,0.02310129700083159,0.21544346900318823,1e-09,-0.9308253813926509,,,
T3,1.2,0.02310129700083159,0.21544346900318823,1e-08,-0.9308254106497784,,,
T3,1.2,0.02310129700083159,0.21544346900318823,1e-07,-0.9308257032208622,,,
T3,1.2,0.02310129700083159,0.21544346900318823,1e-06,-0.9308286289125259,,,
T3,1.2,0.02310129700083159,0.21544346900318823,1e-05,-0.9308578839120891,,,
T3,1.2,0.02310129700083159,0.21544346900318823,0.0001,-0.9311502423864582,,,
T3,1.2,0.02310129700083159,0.21544346900318823,0.001,-0.9340548589840967,,,
T3,1.2,0.02310129700083159,0.21544346900318823,0.01,-0.961369139222283,,,
T3,1.2,0.02310129700083159,0.21544346900318823,0.1,-1.1408496417469334,,,
T3,1.2,0.02310129700083159,0.21544346900318823,1.0,-1.620571342958985,,,
T3,1.2,0.02310129700083159,0.21544346900318823,10.0,-2.250880871961261,,,
T3,1.2,0.02310129700083159,1.0,1e-10,-1.315674954941644,,,
T3,1.2,0.02310129700083159,1.0,1e-09,-1.3156749555938068,,,
T3,1.2,0.02310129700083159,1.0,1e-08,-1.3156749621154333,,,
T3,1.2,0.02310129700083159,1.0,1e-07,-1.3156750273316888,,,
T3,1.2,0.02310129700083159,1.0,1e-06,-1.3156756794933382,,,
T3,1.2,0.02310129700083159,1.0,1e-05,-1.3156822010193594,,,
T3,1.2,0.02310129700083159,1.0,0.0001,-1.3157474072338342,,,
T3,1.2,0.02310129700083159,1.0,0.001,-1.3163985666894402,,,
T3,1.2,0.02310129700083159,1.0,0.01,-1.322821730513609,,,
T3,1.2,0.02310129700083159,1.0,0.1,-1.3796856167486387,,,
T3,1.2,0.02310129700083159,1.0,1.0,-1.6722884901436914,,,
T3,1.2,0.02310129700083159,1.0,10.0,-2.256024814907547,,,
T3,1.2,0.02310129700083159,4.641588833612772,1e-10,-1.7460682222973312,,,
T3,1.2,0.02310129700083159,4.641588833612772,1e-09,-1.7460682224397086,,,
T3,1.2,0.02310129700083159,4.641588833612772,1e-08,-1.7460682238634795,,,
T3,1.2,0.02310129700083159,4.641588833612772,1e-07,-1.746068238101192,,,
T3,1.2,0.02310129700083159,4.641588833612772,1e-06,-1.7460683804782722,,,
T3,1.2,0.02310129700083159,4.641588833612772,1e-05,-1.746069804244846,,,
T3,1.2,0.02310129700083159,4.641588833612772,0.0001,-1.7460840414878978,,,
T3,1.2,0.02310129700083159,4.641588833612772,0.001,-1.746226371668584,,,
T3,1.2,0.02310129700083159,4.641588833612772,0.01,-1.7476454673795316,,,
T3,1.2,0.02310129700083159,4.641588833612772,0.1,-1.7614337321986113,,,
T3,1.2,0.02310129700083159,4.641588833612772,1.0,-1.8708521621226477,,,
T3,1.2,0.02310129700083159,4.641588833612772,10.0,-2.2868208727325103,,,
T3,1.2,0.02310129700083159,21.54434690031882,1e-10,-2.194592759526411,,,
T3,1.2,0.02310129700083159,21.54434690031882,1e-09,-2.194592759557246,,,
T3,1.2,0.02310129700083159,21.54434690031882,1e-08,-2.194592759865595,,,
T3,1.2,0.02310129700083159,21.54434690031882,1e-07,-2.194592762949081,,,
T3,1.2,0.02310129700083159,21.54434690031882,1e-06,-2.1945927937839427,,,
T3,1.2,0.02310129700083159,21.54434690031882,1e-05,-2.194593102132361,,,
T3,1.2,0.02310129700083159,21.54434690031882,0.0001,-2.19459618559687,,,
T3,1.2,0.02310129700083159,21.54434690031882,0.001,-2.1946270182750567,,,
T3,1.2,0.02310129700083159,21.54434690031882,0.01,-2.19493514855655,,,
T3,1.2,0.02310129700083159,21.54434690031882,0.1,-2.197996989310732,,,
T3,1.2,0.02310129700083159,21.54434690031882,1.0,-2.2268376530443303,,,
T3,1.2,0.02310129700083159,21.54434690031882,10.0,-2.418642061456878,,,
T3,1.2,0.02310129700083159,100.0,1e-10,-2.6503354853098795,,,
T3,1.2,0.02310129700083159,100.0,1e-09,-2.6503354853165364,,,
T3,1.2,0.02310129700083159,100.0,1e-08,-2.6503354853831054,,,
T3,1.2,0.02310129700083159,100.0,1e-07,-2.6503354860488004,,,
T3,1.2,0.02310129700083159,100.0,1e-06,-2.6503354927057488,,,
T3,1.2,0.02310129700083159,100.0,1e-05,-2.6503355592752196,,,
T3,1.2,0.02310129700083159,100.0,0.0001,-2.650336224969019,,,
T3,1.2,0.02310129700083159,100.0,0.001,-2.650342881815614,,,
T3,1.2,0.02310129700083159,100.0,0.01,-2.650409441143759,,,
T3,1.2,0.02310129700083159,100.0,0.1,-2.651074122544988,,,
T3,1.2,0.02310129700083159,100.0,1.0,-2.657631602364046,,,
T3,1.2,0.02310129700083159,100.0,10.0,-2.7157605590493006,,,
T3,1.2,0.02310129700083159,464.1588833612773,1e-10,-3.108951823702667,,,
T3,1.2,0.02310129700083159,464.1588833612773,1e-09,-3.1089518237041034,,,
T3,1.2,0.02310129700083159,464.1588833612773,1e-08,-3.108951823718456,,,
T3,1.2,0.02310129700083159,464.1588833612773,1e-07,-3.108951823861994,,,
T3,1.2,0.02310129700083159,464.1588833612773,1e-06,-3.1089518252973716,,,
T3,1.2,0.02310129700083159,464.1588833612773,1e-05,-3.1089518396511493,,,
T3,1.2,0.02310129700083159,464.1588833612773,0.0001,-3.108951983188877,,,
T3,1.2,0.02310129700083159,464.1588833612773,0.001,-3.1089534185619105,,,
T3,1.2,0.02310129700083159,464.1588833612773,0.01,-3.1089677718678503,,,
T3,1.2,0.02310129700083159,464.1588833612773,0.1,-3.109111262507324,,,
T3,1.2,0.02310129700083159,464.1588833612773,1.0,-3.110541945860335,,,
T3,1.2,0.02310129700083159,464.1588833612773,10.0,-3.1244444526632167,,,
T3,1.2,0.02310129700083159,2154.4346900318824,1e-10,-3.568712167882636,,,
T3,1.2,0.02310129700083159,2154.4346900318824,1e-09,-3.5687121678829454,,,
T3,1.2,0.02310129700083159,2154.4346900318824,1e-08,-3.5687121678860394,,,
T3,1.2,0.02310129700083159,2154.4346900318824,1e-07,-3.568712167916974,,,
T3,1.2,0.02310129700083159,2154.4346900318824,1e-06,-3.5687121682263183,,,
T3,1.2,0.02310129700083159,2154.4346900318824,1e-05,-3.56871217131976,,,
T3,1.2,0.02310129700083159,2154.4346900318824,0.0001,-3.56871220225417,,,
T3,1.2,0.02310129700083159,2154.4346900318824,0.001,-3.5687125115980693,,,
T3,1.2,0.02310129700083159,2154.4346900318824,0.01,-3.5687156050173727,,,
T3,1.2,0.02310129700083159,2154.4346900318824,0.1,-3.56874653724035,,,
T3,1.2,0.02310129700083159,2154.4346900318824,1.0,-3.5690556626555905,,,
T3,1.2,0.02310129700083159,2154.4346900318824,10.0,-3.5721274235833356,,,
T3,1.2,0.02310129700083159,10000.0,1e-10,-4.028927948969555,,,
T3,1.2,0.02310129700083159,10000.0,1e-09,-4.0289279489696215,,,
T3,1.2,0.02310129700083159,10000.0,1e-08,-4.028927948970287,,,
T3,1.2,0.02310129700083159,10000.0,1e-07,-4.028927948976954,,,
T3,1.2,0.02310129700083159,10000.0,1e-06,-4.028927949043608,,,
T3,1.2,0.02310129700083159,10000.0,1e-05,-4.028927949710157,,,
T3,1.2,0.02310129700083159,10000.0,0.0001,-4.028927956375642,,,
T3,1.2,0.02310129700083159,10000.0,0.001,-4.028928023030497,,,
T3,1.2,0.02310129700083159,10000.0,0.01,-4.028928689578116,,,
T3,1.2,0.02310129700083159,10000.0,0.1,-4.028935354962863,,,
T3,1.2,0.02310129700083159,10000.0,1.0,-4.029001999666709,,,
T3,1.2,0.02310129700083159,10000.0,10.0,-4.029667534245028,,,
T3,1.2,0.0657933224657568,0.0001,1e-10,-11.616593159771167,,,
T3,1.2,0.0657933224657568,0.0001,1e-09,-11.611407349191545,,,
T3,1.2,0.0657933224657568,0.0001,1e-08,-11.560185339866228,,,
T3,1.2,0.0657933224657568,0.0001,1e-07,-11.103665205975485,,,
T3,1.2,0.0657933224657568,0.0001,1e-06,-8.920394102089139,,,
T3,1.2,0.0657933224657568,0.0001,1e-05,-6.307577331851033,,,
T3,1.2,0.0657933224657568,0.0001,0.0001,-5.158433678092109,,,
T3,1.2,0.0657933224657568,0.0001,0.001,-3.180263046167595,,,
T3,1.2,0.0657933224657568,0.0001,0.01,-1.3399306647274736,,,
T3,1.2,0.0657933224657568,0.0001,0.1,-1.1552233190884467,,,
T3,1.2,0.0657933224657568,0.0001,1.0,-1.61678917046926,,,
T3,1.2,0.0657933224657568,0.0001,10.0,-2.249684193290964,,,
T3,1.2,0.0657933224657568,0.00046415888336127773,1e-10,-3.644841437014675,,,
T3,1.2,0.0657933224657568,0.00046415888336127773,1e-09,-3.644408933601902,,,
T3,1.2,0.0657933224657568,0.00046415888336127773,1e-08,-3.6400957088355677,,,
T3,1.2,0.0657933224657568,0.00046415888336127773,1e-07,-3.59810889232041,,,
T3,1.2,0.0657933224657568,0.00046415888336127773,1e-06,-3.26608321012667,,,
T3,1.2,0.0657933224657568,0.00046415888336127773,1e-05,-2.2564022385619924,,,
T3,1.2,0.0657933224657568,0.00046415888336127773,0.0001,-1.687605063042056,,,
T3,1.2,0.0657933224657568,0.00046415888336127773,0.001,-1.6692677549080925,,,
T3,1.2,0.0657933224657568,0.00046415888336127773,0.01,-1.204117717113339,,,
T3,1.2,0.0657933224657568,0.00046415888336127773,0.1,-1.1494398440166325,,,
T3,1.2,0.0657933224657568,0.00046415888336127773,1.0,-1.6164763108049207,,,
T3,1.2,0.0657933224657568,0.00046415888336127773,10.0,-2.2496598378975863,,,
T3,1.2,0.0657933224657568,0.002154434690031882,1e-10,-0.7482455160621584,,,
T3,1.2,0.0657933224657568,0.002154434690031882,1e-09,-0.748211161609041,,,
T3,1.2,0.0657933224657568,0.002154434690031882,1e-08,-0.7478678316337757,,,
T3,1.2,0.0657933224657568,0.002154434690031882,1e-07,-0.7444558434376635,,,
T3,1.2,0.0657933224657568,0.002154434690031882,1e-06,-0.7123327464480645,,,
T3,1.2,0.0657933224657568,0.002154434690031882,1e-05,-0.5119214577392949,,,
T3,1.2,0.0657933224657568,0.002154434690031882,0.0001,-0.2329515667672842,,,
T3,1.2,0.0657933224657568,0.002154434690031882,0.001,-0.44163609834448125,,,
T3,1.2,0.0657933224657568,0.002154434690031882,0.01,-0.8536742217712499,,,
T3,1.2,0.0657933224657568,0.002154434690031882,0.1,-1.1246837816639519,,,
T3,1.2,0.0657933224657568,0.002154434690031882,1.0,-1.6150355854194942,,,
T3,1.2,0.0657933224657568,0.002154434690031882,10.0,-2.2495468757732136,,,
T3,1.2,0.0657933224657568,0.01,1e-10,0.12774226008635042,,,
T3,1.2,0.0657933224657568,0.01,1e-09,0.1277446143272428,,,
T3,1.2,0.0657933224657568,0.01,1e-08,0.12776815296662303,,,
T3,1.2,0.0657933224657568,0.01,1e-07,0.1280031629731983,,,
T3,1.2,0.0657933224657568,0.01,1e-06,0.13031617870514242,,,
T3,1.2,0.0657933224657568,0.01,1e-05,0.15021760563666914,,,
T3,1.2,0.0657933224657568,0.01,0.0001,0.21744026356506013,,,
T3,1.2,0.0657933224657568,0.01,0.001,0.08860212429861355,,,
T3,1.2,0.0657933224657568,0.01,0.01,-0.4310768987442355,,,
T3,1.2,0.0657933224657568,0.01,0.1,-1.0409887821548804,,,
T3,1.2,0.0657933224657568,0.01,1.0,-1.6085847285111492,,,
T3,1.2,0.0657933224657568,0.01,10.0,-2.249024388672813,,,
T3,1.2,0.0657933224657568,0.046415888336127774,1e-10,0.19929854601792557,,,
T3,1.2,0.0657933224657568,0.046415888336127774,1e-09,0.19929862029519488,,,
T3,1.2,0.0657933224657568,0.046415888336127774,1e-08,0.1992993630074027,,,
T3,1.2,0.0657933224657568,0.046415888336127774,1e-07,0.19930678408201086,,,
T3,1.2,0.0657933224657568,0.046415888336127774,1e-06,0.19938039217778486,,,
T3,1.2,0.0657933224657568,0.046415888336127774,1e-05,0.2000582357265941,,,
T3,1.2,0.0657933224657568,0.046415888336127774,0.0001,0.20252565918860926,,,
T3,1.2,0.0657933224657568,0.046415888336127774,0.001,0.1419541766149818,,,
T3,1.2,0.0657933224657568,0.046415888336127774,0.01,-0.2187245532915897,,,
T3,1.2,0.0657933224657568,0.046415888336127774,0.1,-0.8848583368563124,,,
T3,1.2,0.0657933224657568,0.046415888336127774,1.0,-1.5829043169704864,,,
T3,1.2,0.0657933224657568,0.046415888336127774,10.0,-2.2466380517862286,,,
T3,1.2,0.0657933224657568,0.21544346900318823,1e-10,-0.04939618453426906,,,
T3,1.2,0.0657933224657568,0.21544346900318823,1e-09,-0.04939620566440066,,,
T3,1.2,0.0657933224657568,0.21544346900318823,1e-08,-0.04939641696640233,,,
T3,1.2,0.0657933224657568,0.21544346900318823,1e-07,-0.04939853005565098,,,
T3,1.2,0.0657933224657568,0.21544346900318823,1e-06,-0.049419667864018454,,,
T3,1.2,0.0657933224657568,0.21544346900318823,1e-05,-0.04963173061976125,,,
T3,1.2,0.0657933224657568,0.21544346900318823,0.0001,-0.05181440831946542,,,
T3,1.2,0.0657933224657568,0.21544346900318823,0.001,-0.07626836000576383,,,
T3,1.2,0.0657933224657568,0.21544346900318823,0.01,-0.25872933683029736,,,
T3,1.2,0.0657933224657568,0.21544346900318823,0.1,-0.7709367842568101,,,
T3,1.2,0.0657933224657568,0.21544346900318823,1.0,-1.513094350661645,,,
T3,1.2,0.0657933224657568,0.21544346900318823,10.0,-2.2363311432884383,,,
T3,1.2,0.0657933224657568,1.0,1e-10,-0.4255852256702835,,,
T3,1.2,0.0657933224657568,1.0,1e-09,-0.42558523340749543,,,
T3,1.2,0.0657933224657568,1.0,1e-08,-0.4255853107796277,,,
T3,1.2,0.0657933224657568,1.0,1e-07,-0.4255860845002412,,,
T3,1.2,0.0657933224657568,1.0,1e-06,-0.4255938216367842,,,
T3,1.2,0.0657933224657568,1.0,1e-05,-0.4256711860284829,,,
T3,1.2,0.0657933224657568,1.0,0.0001,-0.4264441191684235,,,
T3,1.2,0.0657933224657568,1.0,0.001,-0.4340914702262393,,,
T3,1.2,0.0657933224657568,1.0,0.01,-0.5003824431231545,,,
T3,1.2,0.0657933224657568,1.0,0.1,-0.8022073125078076,,,
T3,1.2,0.0657933224657568,1.0,1.0,-1.4271819280069735,,,
T3,1.2,0.0657933224657568,1.0,10.0,-2.2003907785347674,,,
T3,1.2,0.0657933224657568,4.641588833612772,1e-10,-0.8525306717111756,,,
T3,1.2,0.0657933224657568,4.641588833612772,1e-09,-0.8525306736512729,,,
T3,1.2,0.0657933224657568,4.641588833612772,1e-08,-0.8525306930522418,,,
T3,1.2,0.0657933224657568,4.641588833612772,1e-07,-0.8525308870618196,,,
T3,1.2,0.0657933224657568,4.641588833612772,1e-06,-0.8525328271471191,,,
T3,1.2,0.0657933224657568,4.641588833612772,1e-05,-0.8525522269548411,,,
T3,1.2,0.0657933224657568,4.641588833612772,0.0001,-0.8527461205866758,,,
T3,1.2,0.0657933224657568,4.641588833612772,0.001,-0.8546746970264699,,,
T3,1.2,0.0657933224657568,4.641588833612772,0.01,-0.8730009939425425,,,
T3,1.2,0.0657933224657568,4.641588833612772,0.1,-1.0011008411548237,,,
T3,1.2,0.0657933224657568,4.641588833612772,1.0,-1.4204255359660185,,,
T3,1.2,0.0657933224657568,4.641588833612772,10.0,-2.1297465257699075,,,
T3,1.2,0.0657933224657568,21.54434690031882,1e-10,-1.299682606631813,,,
T3,1.2,0.0657933224657568,21.54434690031882,1e-09,-1.2996826070732272,,,
T3,1.2,0.0657933224657568,21.54434690031882,1e-08,-1.2996826114873308,,,
T3,1.2,0.0657933224657568,21.54434690031882,1e-07,-1.2996826556283678,,,
T3,1.2,0.0657933224657568,21.54434690031882,1e-06,-1.2996830970381177,,,
T3,1.2,0.0657933224657568,21.54434690031882,1e-05,-1.2996875110737338,,,
T3,1.2,0.0657933224657568,21.54434690031882,0.0001,-1.299731645244592,,,
T3,1.2,0.0657933224657568,21.54434690031882,0.001,-1.3001723701568282,,,
T3,1.2,0.0657933224657568,21.54434690031882,0.01,-1.3045195959064484,,,
T3,1.2,0.0657933224657568,21.54434690031882,0.1,-1.3431615850879908,,,
T3,1.2,0.0657933224657568,21.54434690031882,1.0,-1.5547368814155484,,,
T3,1.2,0.0657933224657568,21.54434690031882,10.0,-2.086095330142187,,,
T3,1.2,0.0657933224657568,100.0,1e-10,-1.754878889619747,,,
T3,1.2,0.0657933224657568,100.0,1e-09,-1.754878889716855,,,
T3,1.2,0.0657933224657568,100.0,1e-08,-1.7548788906879416,,,
T3,1.2,0.0657933224657568,100.0,1e-07,-1.7548789003987924,,,
T3,1.2,0.0657933224657568,100.0,1e-06,-1.7548789975072683,,,
T3,1.2,0.0657933224657568,100.0,1e-05,-1.7548799685889116,,,
T3,1.2,0.0657933224657568,100.0,0.0001,-1.7548896790935078,,,
T3,1.2,0.0657933224657568,100.0,0.001,-1.754986752977286,,,
T3,1.2,0.0657933224657568,100.0,0.01,-1.755954396327768,,,
T3,1.2,0.0657933224657568,100.0,0.1,-1.7653399577659705,,,
T3,1.2,0.0657933224657568,100.0,1.0,-1.8400550712586252,,,
T3,1.2,0.0657933224657568,100.0,10.0,-2.1527946654298504,,,
T3,1.2,0.0657933224657568,464.1588833612773,1e-10,-2.2132776852236358,,,
T3,1.2,0.0657933224657568,464.1588833612773,1e-09,-2.2132776852447296,,,
T3,1.2,0.0657933224657568,464.1588833612773,1e-08,-2.213277685455668,,,
T3,1.2,0.0657933224657568,464.1588833612773,1e-07,-2.213277687565043,,,
T3,1.2,0.0657933224657568,464.1588833612773,1e-06,-2.213277708658792,,,
T3,1.2,0.0657933224657568,464.1588833612773,1e-05,-2.2132779195961207,,,
T3,1.2,0.0657933224657568,464.1588833612773,0.0001,-2.2132800289545043,,,
T3,1.2,0.0657933224657568,464.1588833612773,0.001,-2.213301121045491,,,
T3,1.2,0.0657933224657568,464.1588833612773,0.01,-2.213511892895299,,,
T3,1.2,0.0657933224657568,464.1588833612773,0.1,-2.215604923318554,,,
T3,1.2,0.0657933224657568,464.1588833612773,1.0,-2.235243215293791,,,
T3,1.2,0.0657933224657568,464.1588833612773,10.0,-2.3676038142690183,,,
T3,1.2,0.0657933224657568,2154.4346900318824,1e-10,-2.6729514240608614,,,
T3,1.2,0.0657933224657568,2154.4346900318824,1e-09,-2.672951424065421,,,
T3,1.2,0.0657933224657568,2154.4346900318824,1e-08,-2.6729514241110146,,,
T3,1.2,0.0657933224657568,2154.4346900318824,1e-07,-2.672951424566942,,,
T3,1.2,0.0657933224657568,2154.4346900318824,1e-06,-2.672951429126236,,,
T3,1.2,0.0657933224657568,2154.4346900318824,1e-05,-2.6729514747191643,,,
T3,1.2,0.0657933224657568,2154.4346900318824,0.0001,-2.672951930647732,,,
T3,1.2,0.0657933224657568,2154.4346900318824,0.001,-2.6729564898632496,,,
T3,1.2,0.0657933224657568,2154.4346900318824,0.01,-2.67300207500649,,,
T3,1.2,0.0657933224657568,2154.4346900318824,0.1,-2.673457227525419,,,
T3,1.2,0.0657933224657568,2154.4346900318824,1.0,-2.677941027023903,,,
T3,1.2,0.0657933224657568,2154.4346900318824,10.0,-2.7174782208508566,,,
T3,1.2,0.0657933224657568,10000.0,1e-10,-3.133132726940136,,,
T3,1.2,0.0657933224657568,10000.0,1e-09,-3.1331327269411196,,,
T3,1.2,0.0657933224657568,10000.0,1e-08,-3.1331327269509552,,,
T3,1.2,0.0657933224657568,10000.0,1e-07,-3.1331327270493086,,,
T3,1.2,0.0657933224657568,10000.0,1e-06,-3.133132728032849,,,
T3,1.2,0.0657933224657568,10000.0,1e-05,-3.133132737868226,,,
T3,1.2,0.0657933224657568,10000.0,0.0001,-3.1331328362219795,,,
T3,1.2,0.0657933224657568,10000.0,0.001,-3.1331338197562606,,,
T3,1.2,0.0657933224657568,10000.0,0.01,-3.133143654771968,,,
T3,1.2,0.0657933224657568,10000.0,0.1,-3.1332419722406213,,,
T3,1.2,0.0657933224657568,10000.0,1.0,-3.1342219009748433,,,
T3,1.2,0.0657933224657568,10000.0,10.0,-3.1437171360736187,,,
T3,1.2,0.1873817422860383,0.0001,1e-10,-200.38368019240673,,,
T3,1.2,0.1873817422860383,0.0001,1e-09,-185.83799515521122,,,
T3,1.2,0.1873817422860383,0.0001,1e-08,-125.27694959074817,,,
T3,1.2,0.1873817422860383,0.0001,1e-07,-55.12731838934483,,,
T3,1.2,0.1873817422860383,0.0001,1e-06,-18.37091813968266,,,
T3,1.2,0.1873817422860383,0.0001,1e-05,-6.02636744160869,,,
T3,1.2,0.1873817422860383,0.0001,0.0001,-3.7159717017741856,,,
T3,1.2,0.1873817422860383,0.0001,0.001,-2.6351399387150787,,,
T3,1.2,0.1873817422860383,0.0001,0.01,-1.3025520797466394,,,
T3,1.2,0.1873817422860383,0.0001,0.1,-1.1535126581551833,,,
T3,1.2,0.1873817422860383,0.0001,1.0,-1.6166786018211128,,,
T3,1.2,0.1873817422860383,0.0001,10.0,-2.2496746894091117,,,
T3,1.2,0.1873817422860383,0.00046415888336127773,1e-10,-78.8421719078643,,,
T3,1.2,0.1873817422860383,0.00046415888336127773,1e-09,-77.41546503869871,,,
T3,1.2,0.1873817422860383,0.00046415888336127773,1e-08,-66.8598010027256,,,
T3,1.2,0.1873817422860383,0.00046415888336127773,1e-07,-37.86830689723545,,,
T3,1.2,0.1873817422860383,0.00046415888336127773,1e-06,-14.296077414095084,,,
T3,1.2,0.1873817422860383,0.00046415888336127773,1e-05,-3.7498943333050123,,,
T3,1.2,0.1873817422860383,0.00046415888336127773,0.0001,-1.0994668992920946,,,
T3,1.2,0.1873817422860383,0.00046415888336127773,0.001,-1.096134427899719,,,
T3,1.2,0.1873817422860383,0.00046415888336127773,0.01,-1.0824947322308878,,,
T3,1.2,0.1873817422860383,0.00046415888336127773,0.1,-1.1417842941948373,,,
T3,1.2,0.1873817422860383,0.00046415888336127773,1.0,-1.6159646634449132,,,
T3,1.2,0.1873817422860383,0.00046415888336127773,10.0,-2.249615736923343,,,
T3,1.2,0.1873817422860383,0.002154434690031882,1e-10,-30.19521781582002,,,
T3,1.2,0.1873817422860383,0.002154434690031882,1e-09,-30.068953777883102,,,
T3,1.2,0.1873817422860383,0.002154434690031882,1e-08,-28.89990048050901,,,
T3,1.2,0.1873817422860383,0.002154434690031882,1e-07,-22.08258970529055,,,
T3,1.2,0.1873817422860383,0.002154434690031882,1e-06,-10.132422454247358,,,
T3,1.2,0.1873817422860383,0.002154434690031882,1e-05,-2.7761267717831517,,,
T3,1.2,0.1873817422860383,0.002154434690031882,0.0001,-0.14470259189064053,,,
T3,1.2,0.1873817422860383,0.002154434690031882,0.001,-0.047239011843047685,,,
T3,1.2,0.1873817422860383,0.002154434690031882,0.01,-0.6372742460675349,,,
T3,1.2,0.1873817422860383,0.002154434690031882,0.1,-1.0942323281006519,,,
T3,1.2,0.1873817422860383,0.002154434690031882,1.0,-1.6126938699571203,,,
T3,1.2,0.1873817422860383,0.002154434690031882,10.0,-2.249342438231163,,,
T3,1.2,0.1873817422860383,0.01,1e-10,-11.058762471098884,,,
T3,1.2,0.1873817422860383,0.01,1e-09,-11.047873620511425,,,
T3,1.2,0.1873817422860383,0.01,1e-08,-10.940861388555643,,,
T3,1.2,0.1873817422860383,0.01,1e-07,-10.02594198611881,,,
T3,1.2,0.1873817422860383,0.01,1e-06,-6.233472266605622,,,
T3,1.2,0.1873817422860383,0.01,1e-05,-1.9477791655373937,,,
T3,1.2,0.1873817422860383,0.01,0.0001,0.08504659139348565,,,
T3,1.2,0.1873817422860383,0.01,0.001,0.3951508484554024,,,
T3,1.2,0.1873817422860383,0.01,0.01,-0.19346090992501336,,,
T3,1.2,0.1873817422860383,0.01,0.1,-0.9560777111817659,,,
T3,1.2,0.1873817422860383,0.01,1.0,-1.598372969661749,,,
T3,1.2,0.1873817422860383,0.01,10.0,-2.2480810531366218,,,
T3,1.2,0.1873817422860383,0.046415888336127774,1e-10,-3.713544158607445,,,
T3,1.2,0.1873817422860383,0.046415888336127774,1e-09,-3.712612564375982,,,
T3,1.2,0.1873817422860383,0.046415888336127774,1e-08,-3.703331980688776,,,
T3,1.2,0.1873817422860383,0.046415888336127774,1e-07,-3.613907111075907,,,
T3,1.2,0.1873817422860383,0.046415888336127774,1e-06,-2.9541959923059053,,,
T3,1.2,0.1873817422860383,0.046415888336127774,1e-05,-1.179562778524265,,,
T3,1.2,0.1873817422860383,0.046415888336127774,0.0001,0.11655036917798647,,,
T3,1.2,0.1873817422860383,0.046415888336127774,0.001,0.4465229622407323,,,
T3,1.2,0.1873817422860383,0.046415888336127774,0.01,0.056511803272429086,,,
T3,1.2,0.1873817422860383,0.046415888336127774,0.1,-0.7391743902923826,,,
T3,1.2,0.1873817422860383,0.046415888336127774,1.0,-1.545678828810259,,,
T3,1.2,0.1873817422860383,0.046415888336127774,10.0,-2.2423753860011333,,,
T3,1.2,0.1873817422860383,0.21544346900318823,1e-10,-1.0661954383714236,,,
T3,1.2,0.1873817422860383,0.21544346900318823,1e-09,-1.0661163215804705,,,
T3,1.2,0.1873817422860383,0.21544346900318823,1e-08,-1.065325811814919,,,
T3,1.2,0.1873817422860383,0.21544346900318823,1e-07,-1.0574858796167432,,,
T3,1.2,0.1873817422860383,0.21544346900318823,1e-06,-0.9850198638158328,,,
T3,1.2,0.1873817422860383,0.21544346900318823,1e-05,-0.5686544628388919,,,
T3,1.2,0.1873817422860383,0.21544346900318823,0.0001,0.09248384997097699,,,
T3,1.2,0.1873817422860383,0.21544346900318823,0.001,0.3167036684210249,,,
T3,1.2,0.1873817422860383,0.21544346900318823,0.01,0.08822249443981711,,,
T3,1.2,0.1873817422860383,0.21544346900318823,0.1,-0.5562008180531255,,,
T3,1.2,0.1873817422860383,0.21544346900318823,1.0,-1.4217894678055216,,,
T3,1.2,0.1873817422860383,0.21544346900318823,10.0,-2.218678584682679,,,
T3,1.2,0.1873817422860383,1.0,1e-10,-0.28941915393521855,,,
T3,1.2,0.1873817422860383,1.0,1e-09,-0.2894125426126248,,,
T3,1.2,0.1873817422860383,1.0,1e-08,-0.28934644165459406,,,
T3,1.2,0.1873817422860383,1.0,1e-07,-0.2886866564911525,,,
T3,1.2,0.1873817422860383,1.0,1e-06,-0.2822086774855679,,,
T3,1.2,0.1873817422860383,1.0,1e-05,-0.22733244383447512,,,
T3,1.2,0.1873817422860383,1.0,0.0001,-0.016717710843790277,,,
T3,1.2,0.1873817422860383,1.0,0.001,0.11324184214243846,,,
T3,1.2,0.1873817422860383,1.0,0.01,-0.04484183620604769,,,
T3,1.2,0.1873817422860383,1.0,0.1,-0.4940598160151303,,,
T3,1.2,0.1873817422860383,1.0,1.0,-1.2655865816657308,,,
T3,1.2,0.1873817422860383,1.0,10.0,-2.1445171240051395,,,
T3,1.2,0.1873817422860383,4.641588833612772,1e-10,-0.25735830480114485,,,
T3,1.2,0.1873817422860383,4.641588833612772,1e-09,-0.25735777544030525,,,
T3,1.2,0.1873817422860383,4.641588833612772,1e-08,-0.25735248206510575,,,
T3,1.2,0.1873817422860383,4.641588833612772,1e-07,-0.25729957144321586,,,
T3,1.2,0.1873817422860383,4.641588833612772,1e-06,-0.25677276716573144,,,
T3,1.2,0.1873817422860383,4.641588833612772,1e-05,-0.25172468747552673,,,
T3,1.2,0.1873817422860383,4.641588833612772,0.0001,-0.21640598608032918,,,
T3,1.2,0.1873817422860383,4.641588833612772,0.001,-0.15904059963261546,,,
T3,1.2,0.1873817422860383,4.641588833612772,0.01,-0.2684553727639809,,,
T3,1.2,0.1873817422860383,4.641588833612772,0.1,-0.5830820836999522,,,
T3,1.2,0.1873817422860383,4.641588833612772,1.0,-1.164931948736509,,,
T3,1.2,0.1873817422860383,4.641588833612772,10.0,-2.0110328118044705,,,
T3,1.2,0.1873817422860383,21.54434690031882,1e-10,-0.5217763278343817,,,
T3,1.2,0.1873817422860383,21.54434690031882,1e-09,-0.521776290553337,,,
T3,1.2,0.1873817422860383,21.54434690031882,1e-08,-0.52177591774552,,,
T3,1.2,0.1873817422860383,21.54434690031882,1e-07,-0.5217721901166033,,,
T3,1.2,0.1873817422860383,21.54434690031882,1e-06,-0.5217349586731073,,,
T3,1.2,0.1873817422860383,21.54434690031882,1e-05,-0.5213670824109479,,,
T3,1.2,0.1873817422860383,21.54434690031882,0.0001,-0.5180910465260743,,,
T3,1.2,0.1873817422860383,21.54434690031882,0.001,-0.505597995097778,,,
T3,1.2,0.1873817422860383,21.54434690031882,0.01,-0.5567492543512914,,,
T3,1.2,0.1873817422860383,21.54434690031882,0.1,-0.782533000681451,,,
T3,1.2,0.1873817422860383,21.54434690031882,1.0,-1.191462003419006,,,
T3,1.2,0.1873817422860383,21.54434690031882,10.0,-1.8826952142767417,,,
T3,1.2,0.1873817422860383,100.0,1e-10,-0.9042249123811257,,,
T3,1.2,0.1873817422860383,100.0,1e-09,-0.9042249109337185,,,
T3,1.2,0.1873817422860383,100.0,1e-08,-0.9042248964553705,,,
T3,1.2,0.1873817422860383,100.0,1e-07,-0.9042247516896154,,,
T3,1.2,0.1873817422860383,100.0,1e-06,-0.9042233049523849,,,
T3,1.2,0.1873817422860383,100.0,1e-05,-0.9042089301875482,,,
T3,1.2,0.1873817422860383,100.0,0.0001,-0.9040742337057868,,,
T3,1.2,0.1873817422860383,100.0,0.001,-0.9034630554500888,,,
T3,1.2,0.1873817422860383,100.0,0.01,-0.9188480935186488,,,
T3,1.2,0.1873817422860383,100.0,0.1,-1.051097600918719,,,
T3,1.2,0.1873817422860383,100.0,1.0,-1.347418319195254,,,
T3,1.2,0.1873817422860383,100.0,10.0,-1.8445462932224252,,,
T3,1.2,0.1873817422860383,464.1588833612773,1e-10,-1.3336623261919887,,,
T3,1.2,0.1873817422860383,464.1588833612773,1e-09,-1.333662326444989,,,
T3,1.2,0.1873817422860383,464.1588833612773,1e-08,-1.3336623289729759,,,
T3,1.2,0.1873817422860383,464.1588833612773,1e-07,-1.3336623542552632,,,
T3,1.2,0.1873817422860383,464.1588833612773,1e-06,-1.3336626070939044,,,
T3,1.2,0.1873817422860383,464.1588833612773,1e-05,-1.3336651376608917,,,
T3,1.2,0.1873817422860383,464.1588833612773,0.0001,-1.333690659523826,,,
T3,1.2,0.1873817422860383,464.1588833612773,0.001,-1.333966395362911,,,
T3,1.2,0.1873817422860383,464.1588833612773,0.01,-1.3380441921263422,,,
T3,1.2,0.1873817422860383,464.1588833612773,0.1,-1.3890310804884103,,,
T3,1.2,0.1873817422860383,464.1588833612773,1.0,-1.58712867007204,,,
T3,1.2,0.1873817422860383,464.1588833612773,10.0,-1.9424268475184832,,,
T3,1.2,0.1873817422860383,2154.4346900318824,1e-10,-1.7818063311746564,,,
T3,1.2,0.1873817422860383,2154.4346900318824,1e-09,-1.7818063312774648,,,
T3,1.2,0.1873817422860383,2154.4346900318824,1e-08,-1.7818063323069975,,,
T3,1.2,0.1873817422860383,2154.4346900318824,1e-07,-1.7818063425969886,,,
T3,1.2,0.1873817422860383,2154.4346900318824,1e-06,-1.7818064455014462,,,
T3,1.2,0.1873817422860383,2154.4346900318824,1e-05,-1.7818074746080979,,,
T3,1.2,0.1873817422860383,2154.4346900318824,0.0001,-1.7818177718138954,,,
T3,1.2,0.1873817422860383,2154.4346900318824,0.001,-1.7819213504079987,,,
T3,1.2,0.1873817422860383,2154.4346900318824,0.01,-1.7830109071222537,,,
T3,1.2,0.1873817422860383,2154.4346900318824,0.1,-1.7960004782131047,,,
T3,1.2,0.1873817422860383,2154.4346900318824,1.0,-1.8920941711545716,,,
T3,1.2,0.1873817422860383,2154.4346900318824,10.0,-2.146271222907535,,,
T3,1.2,0.1873817422860383,10000.0,1e-10,-2.2373975643304402,,,
T3,1.2,0.1873817422860383,10000.0,1e-09,-2.237397564356429,,,
T3,1.2,0.1873817422860383,10000.0,1e-08,-2.2373975646192767,,,
T3,1.2,0.1873817422860383,10000.0,1e-07,-2.2373975672524393,,,
T3,1.2,0.1873817422860383,10000.0,1e-06,-2.237397593576601,,,
T3,1.2,0.1873817422860383,10000.0,1e-05,-2.237397856821903,,,
T3,1.2,0.1873817422860383,10000.0,0.0001,-2.237400489490806,,,
T3,1.2,0.1873817422860383,10000.0,0.001,-2.237426837369388,,,
T3,1.2,0.1873817422860383,10000.0,0.01,-2.2376923749574678,,,
T3,1.2,0.1873817422860383,10000.0,0.1,-2.240505090225562,,,
T3,1.2,0.1873817422860383,10000.0,1.0,-2.2701497498349057,,,
T3,1.2,0.1873817422860383,10000.0,10.0,-2.41894353047898,,,
T3,1.2,0.5336699231206307,0.0001,1e-10,-2386.4830939127773,,,
T3,1.2,0.5336699231206307,0.0001,1e-09,-990.9248769992022,,,
T3,1.2,0.5336699231206307,0.0001,1e-08,-320.6329926973209,,,
T3,1.2,0.5336699231206307,0.0001,1e-07,-89.6295040338039,,,
T3,1.2,0.5336699231206307,0.0001,1e-06,-27.308332391206704,,,
T3,1.2,0.5336699231206307,0.0001,1e-05,-13.454197182587015,,,
T3,1.2,0.5336699231206307,0.0001,0.0001,-7.197781010442606,,,
T3,1.2,0.5336699231206307,0.0001,0.001,-3.18205932032616,,,
T3,1.2,0.5336699231206307,0.0001,0.01,-1.3339996823525053,,,
T3,1.2,0.5336699231206307,0.0001,0.1,-1.1549378640106274,,,
T3,1.2,0.5336699231206307,0.0001,1.0,-1.6167707935266826,,,
T3,1.2,0.5336699231206307,0.0001,10.0,-2.249682615692575,,,
T3,1.2,0.5336699231206307,0.00046415888336127773,1e-10,-1409.030016534542,,,
T3,1.2,0.5336699231206307,0.00046415888336127773,1e-09,-727.3122510647685,,,
T3,1.2,0.5336699231206307,0.00046415888336127773,1e-08,-276.19753483334046,,,
T3,1.2,0.5336699231206307,0.00046415888336127773,1e-07,-82.22364356184143,,,
T3,1.2,0.5336699231206307,0.00046415888336127773,1e-06,-21.732359919733423,,,
T3,1.2,0.5336699231206307,0.00046415888336127773,1e-05,-6.8774692491495815,,,
T3,1.2,0.5336699231206307,0.00046415888336127773,0.0001,-3.7621802654405414,,,
T3,1.2,0.5336699231206307,0.00046415888336127773,0.001,-1.9849636399571389,,,
T3,1.2,0.5336699231206307,0.00046415888336127773,0.01,-1.189466530219248,,,
T3,1.2,0.5336699231206307,0.00046415888336127773,0.1,-1.1481412609491408,,,
T3,1.2,0.5336699231206307,0.00046415888336127773,1.0,-1.6163908319948388,,,
T3,1.2,0.5336699231206307,0.00046415888336127773,10.0,-2.249652512428993,,,
T3,1.2,0.5336699231206307,0.002154434690031882,1e-10,-672.8420497574873,,,
T3,1.2,0.5336699231206307,0.002154434690031882,1e-09,-470.3428798692413,,,
T3,1.2,0.5336699231206307,0.002154434690031882,1e-08,-213.71032528664642,,,
T3,1.2,0.5336699231206307,0.002154434690031882,1e-07,-73.42299377743649,,,
T3,1.2,0.5336699231206307,0.002154434690031882,1e-06,-19.64659978329824,,,
T3,1.2,0.5336699231206307,0.002154434690031882,1e-05,-4.407714308222122,,,
T3,1.2,0.5336699231206307,0.002154434690031882,0.0001,-1.3571090984730323,,,
T3,1.2,0.5336699231206307,0.002154434690031882,0.001,-0.9581742843923206,,,
T3,1.2,0.5336699231206307,0.002154434690031882,0.01,-0.8688738734614807,,,
T3,1.2,0.5336699231206307,0.002154434690031882,0.1,-1.1193540249175515,,,
T3,1.2,0.5336699231206307,0.002154434690031882,1.0,-1.6146354524935884,,,
T3,1.2,0.5336699231206307,0.002154434690031882,10.0,-2.2495128119631427,,,
T3,1.2,0.5336699231206307,0.01,1e-10,-281.43545145791404,,,
T3,1.2,0.5336699231206307,0.01,1e-09,-248.3220955597198,,,
T3,1.2,0.5336699231206307,0.01,1e-08,-147.80186535628548,,,
T3,1.2,0.5336699231206307,0.01,1e-07,-59.91351397287733,,,
T3,1.2,0.5336699231206307,0.01,1e-06,-17.900823957968232,,,
T3,1.2,0.5336699231206307,0.01,1e-05,-3.6998242124047835,,,
T3,1.2,0.5336699231206307,0.01,0.0001,-0.2755591488950081,,,
T3,1.2,0.5336699231206307,0.01,0.001,-0.12240475536556214,,,
T3,1.2,0.5336699231206307,0.01,0.01,-0.517830039358881,,,
T3,1.2,0.5336699231206307,0.01,0.1,-1.0281291443618703,,,
T3,1.2,0.5336699231206307,0.01,1.0,-1.6066945330183913,,,
T3,1.2,0.5336699231206307,0.01,10.0,-2.2488650012990132,,,
T3,1.2,0.5336699231206307,0.046415888336127774,1e-10,-112.12024145603951,,,
T3,1.2,0.5336699231206307,0.046415888336127774,1e-09,-108.57010841672391,,,
T3,1.2,0.5336699231206307,0.046415888336127774,1e-08,-86.52375391749516,,,
T3,1.2,0.5336699231206307,0.046415888336127774,1e-07,-43.585600639859145,,,
T3,1.2,0.5336699231206307,0.046415888336127774,1e-06,-15.33208109404481,,,
T3,1.2,0.5336699231206307,0.046415888336127774,1e-05,-3.4031141104501197,,,
T3,1.2,0.5336699231206307,0.046415888336127774,0.0001,0.0028970338555545537,,,
T3,1.2,0.5336699231206307,0.046415888336127774,0.001,0.36454894562719264,,,
T3,1.2,0.5336699231206307,0.046415888336127774,0.01,-0.20962913257906735,,,
T3,1.2,0.5336699231206307,0.046415888336127774,0.1,-0.8769019304249175,,,
T3,1.2,0.5336699231206307,0.046415888336127774,1.0,-1.5749355535985503,,,
T3,1.2,0.5336699231206307,0.046415888336127774,10.0,-2.245875920905049,,,
T3,1.2,0.5336699231206307,0.21544346900318823,1e-10,-43.6358145875083,,,
T3,1.2,0.5336699231206307,0.21544346900318823,1e-09,-43.313646367833286,,,
T3,1.2,0.5336699231206307,0.21544346900318823,1e-08,-40.49613857144407,,,
T3,1.2,0.5336699231206307,0.21544346900318823,1e-07,-27.74073818772621,,,
T3,1.2,0.5336699231206307,0.21544346900318823,1e-06,-11.666568175441999,,,
T3,1.2,0.5336699231206307,0.21544346900318823,1e-05,-3.0627858195622983,,,
T3,1.2,0.5336699231206307,0.21544346900318823,0.0001,-0.010809028956455791,,,
T3,1.2,0.5336699231206307,0.21544346900318823,0.001,0.4970848430416931,,,
T3,1.2,0.5336699231206307,0.21544346900318823,0.01,0.03857049981684888,,,
T3,1.2,0.5336699231206307,0.21544346900318823,0.1,-0.7284297330933286,,,
T3,1.2,0.5336699231206307,0.21544346900318823,1.0,-1.493967823972002,,,
T3,1.2,0.5336699231206307,0.21544346900318823,10.0,-2.2326349571889477,,,
T3,1.2,0.5336699231206307,1.0,1e-10,-16.528749846907303,,,
T3,1.2,0.5336699231206307,1.0,1e-09,-16.50078819342855,,,
T3,1.2,0.5336699231206307,1.0,1e-08,-16.229776303466444,,,
T3,1.2,0.5336699231206307,1.0,1e-07,-14.144910780214243,,,
T3,1.2,0.5336699231206307,1.0,1e-06,-7.845010128695971,,,
T3,1.2,0.5336699231206307,1.0,1e-05,-2.465049320378319,,,
T3,1.2,0.5336699231206307,1.0,0.0001,-0.09409650758925121,,,
T3,1.2,0.5336699231206307,1.0,0.001,0.4275909695557646,,,
T3,1.2,0.5336699231206307,1.0,0.01,0.13571245574187252,,,
T3,1.2,0.5336699231206307,1.0,0.1,-0.5756065979149986,,,
T3,1.2,0.5336699231206307,1.0,1.0,-1.3907347040151086,,,
T3,1.2,0.5336699231206307,1.0,10.0,-2.1866064152131672,,,
T3,1.2,0.5336699231206307,4.641588833612772,1e-10,-6.004042264911362,,,
T3,1.2,0.5336699231206307,4.641588833612772,1e-09,-6.001642871034271,,,
T3,1.2,0.5336699231206307,4.641588833612772,1e-08,-5.977813488766729,,,
T3,1.2,0.5336699231206307,4.641588833612772,1e-07,-5.7547075615658345,,,
T3,1.2,0.5336699231206307,4.641588833612772,1e-06,-4.373631043524918,,,
T3,1.2,0.5336699231206307,4.641588833612772,1e-05,-1.739746546773978,,,
T3,1.2,0.5336699231206307,4.641588833612772,0.0001,-0.16696477550712138,,,
T3,1.2,0.5336699231206307,4.641588833612772,0.001,0.2757440076141634,,,
T3,1.2,0.5336699231206307,4.641588833612772,0.01,0.079917957505186,,,
T3,1.2,0.5336699231206307,4.641588833612772,0.1,-0.4728916747409622,,,
T3,1.2,0.5336699231206307,4.641588833612772,1.0,-1.2798593869405452,,,
T3,1.2,0.5336699231206307,4.641588833612772,10.0,-2.1013690403017695,,,
T3,1.2,0.5336699231206307,21.54434690031882,1e-10,-2.090371988575041,,,
T3,1.2,0.5336699231206307,21.54434690031882,1e-09,-2.0901672631880617,,,
T3,1.2,0.5336699231206307,21.54434690031882,1e-08,-2.088123089849705,,,
T3,1.2,0.5336699231206307,21.54434690031882,1e-07,-2.067983066880263,,,
T3,1.2,0.5336699231206307,21.54434690031882,1e-06,-1.8921899588193263,,,
T3,1.2,0.5336699231206307,21.54434690031882,1e-05,-1.108812067781375,,,
T3,1.2,0.5336699231206307,21.54434690031882,0.0001,-0.21285000711296612,,,
T3,1.2,0.5336699231206307,21.54434690031882,0.001,0.0822621001927935,,,
T3,1.2,0.5336699231206307,21.54434690031882,0.01,-0.06625546709469718,,,
T3,1.2,0.5336699231206307,21.54434690031882,0.1,-0.4878243294418304,,,
T3,1.2,0.5336699231206307,21.54434690031882,1.0,-1.1677491481296047,,,
T3,1.2,0.5336699231206307,21.54434690031882,10.0,-2.008314909148538,,,
T3,1.2,0.5336699231206307,100.0,1e-10,-0.8094173560685631,,,
T3,1.2,0.5336699231206307,100.0,1e-09,-0.8094000518483673,,,
T3,1.2,0.5336699231206307,100.0,1e-08,-0.8092270686603686,,,
T3,1.2,0.5336699231206307,100.0,1e-07,-0.8075029350299989,,,
T3,1.2,0.5336699231206307,100.0,1e-06,-0.7908105241502434,,,
T3,1.2,0.5336699231206307,100.0,1e-05,-0.6637103955519805,,,
T3,1.2,0.5336699231206307,100.0,0.0001,-0.30871063356712247,,,
T3,1.2,0.5336699231206307,100.0,0.001,-0.13467732747429792,,,
T3,1.2,0.5336699231206307,100.0,0.01,-0.2649490382448899,,,
T3,1.2,0.5336699231206307,100.0,0.1,-0.6063678154200067,,,
T3,1.2,0.5336699231206307,100.0,1.0,-1.1327191375594634,,,
T3,1.2,0.5336699231206307,100.0,10.0,-1.898582778277366,,,
T3,1.2,0.5336699231206307,464.1588833612773,1e-10,-0.5766354953409092,,,
T3,1.2,0.5336699231206307,464.1588833612773,1e-09,-0.576634066686081,,,
T3,1.2,0.5336699231206307,464.1588833612773,1e-08,-0.5766197800084708,,,
T3,1.2,0.5336699231206307,464.1588833612773,1e-07,-0.5764770218483708,,,
T3,1.2,0.5336699231206307,464.1588833612773,1e-06,-0.5750601146447751,,,
T3,1.2,0.5336699231206307,464.1588833612773,1e-05,-0.5618754092907853,,,
T3,1.2,0.5336699231206307,464.1588833612773,0.0001,-0.48468978268444635,,,
T3,1.2,0.5336699231206307,464.1588833612773,0.001,-0.39383272628288035,,,
T3,1.2,0.5336699231206307,464.1588833612773,0.01,-0.5044917006519002,,,
T3,1.2,0.5336699231206307,464.1588833612773,0.1,-0.7865168147505175,,,
T3,1.2,0.5336699231206307,464.1588833612773,1.0,-1.2096034280028096,,,
T3,1.2,0.5336699231206307,464.1588833612773,10.0,-1.8201116829932134,,,
T3,1.2,0.5336699231206307,2154.4346900318824,1e-10,-0.7611447029362359,,,
T3,1.2,0.5336699231206307,2154.4346900318824,1e-09,-0.7611445923134411,,,
T3,1.2,0.5336699231206307,2154.4346900318824,1e-08,-0.7611434864559634,,,
T3,1.2,0.5336699231206307,2154.4346900318824,1e-07,-0.7611324286573181,,,
T3,1.2,0.5336699231206307,2154.4346900318824,1e-06,-0.7610220580139776,,,
T3,1.2,0.5336699231206307,2154.4346900318824,1e-05,-0.7599387253368628,,,
T3,1.2,0.5336699231206307,2154.4346900318824,0.0001,-0.7508265460625216,,,
T3,1.2,0.5336699231206307,2154.4346900318824,0.001,-0.7228322068201887,,,
T3,1.2,0.5336699231206307,2154.4346900318824,0.01,-0.7845503243742088,,,
T3,1.2,0.5336699231206307,2154.4346900318824,0.1,-1.0136798686911976,,,
T3,1.2,0.5336699231206307,2154.4346900318824,1.0,-1.3641349780874286,,,
T3,1.2,0.5336699231206307,2154.4346900318824,10.0,-1.8443489742988326,,,
T3,1.2,0.5336699231206307,10000.0,1e-10,-1.1117809862791106,,,
T3,1.2,0.5336699231206307,10000.0,1e-09,-1.1117809793544304,,,
T3,1.2,0.5336699231206307,10000.0,1e-08,-1.1117809101611165,,,
T3,1.2,0.5336699231206307,10000.0,1e-07,-1.111780218934141,,,
T3,1.2,0.5336699231206307,10000.0,1e-06,-1.1117733107575574,,,
T3,1.2,0.5336699231206307,10000.0,1e-05,-1.111704652743325,,,
T3,1.2,0.5336699231206307,10000.0,0.0001,-1.1110587163888597,,,
T3,1.2,0.5336699231206307,10000.0,0.001,-1.1074852333221148,,,
T3,1.2,0.5336699231206307,10000.0,0.01,-1.1275833591752114,,,
T3,1.2,0.5336699231206307,10000.0,0.1,-1.2820218722990278,,,
T3,1.2,0.5336699231206307,10000.0,1.0,-1.570110181402645,,,
T3,1.2,0.5336699231206307,10000.0,10.0,-1.9659872816005293,,,
T3,1.2,1.5199110829529332,0.0001,1e-10,-5308.6955861213,,,
T3,1.2,1.5199110829529332,0.0001,1e-09,-1471.408692196616,,,
T3,1.2,1.5199110829529332,0.0001,1e-08,-425.0304296817636,,,
T3,1.2,1.5199110829529332,0.0001,1e-07,-187.24028648013538,,,
T3,1.2,1.5199110829529332,0.0001,1e-06,-106.3444794133201,,,
T3,1.2,1.5199110829529332,0.0001,1e-05,-37.900193283454996,,,
T3,1.2,1.5199110829529332,0.0001,0.0001,-12.314334280254366,,,
T3,1.2,1.5199110829529332,0.0001,0.001,-4.009590859810913,,,
T3,1.2,1.5199110829529332,0.0001,0.01,-1.376386720518552,,,
T3,1.2,1.5199110829529332,0.0001,0.1,-1.1568086612758164,,,
T3,1.2,1.5199110829529332,0.0001,1.0,-1.616891498152993,,,
T3,1.2,1.5199110829529332,0.0001,10.0,-2.2496929910887538,,,
T3,1.2,1.5199110829529332,0.00046415888336127773,1e-10,-4739.149470876962,,,
T3,1.2,1.5199110829529332,0.00046415888336127773,1e-09,-1382.548945023635,,,
T3,1.2,1.5199110829529332,0.00046415888336127773,1e-08,-378.3871153615181,,,
T3,1.2,1.5199110829529332,0.00046415888336127773,1e-07,-118.23293923950641,,,
T3,1.2,1.5199110829529332,0.00046415888336127773,1e-06,-61.57600802087427,,,
T3,1.2,1.5199110829529332,0.00046415888336127773,1e-05,-30.523413262977876,,,
T3,1.2,1.5199110829529332,0.00046415888336127773,0.0001,-9.590621385906818,,,
T3,1.2,1.5199110829529332,0.00046415888336127773,0.001,-3.2932052811571166,,,
T3,1.2,1.5199110829529332,0.00046415888336127773,0.01,-1.34360693923649,,,
T3,1.2,1.5199110829529332,0.00046415888336127773,0.1,-1.1565685013125215,,,
T3,1.2,1.5199110829529332,0.00046415888336127773,1.0,-1.616949304689657,,,
T3,1.2,1.5199110829529332,0.00046415888336127773,10.0,-2.249700655076541,,,
T3,1.2,1.5199110829529332,0.002154434690031882,1e-10,-3845.6800127534707,,,
T3,1.2,1.5199110829529332,0.002154434690031882,1e-09,-1267.587806772119,,,
T3,1.2,1.5199110829529332,0.002154434690031882,1e-08,-356.0048644320159,,,
T3,1.2,1.5199110829529332,0.002154434690031882,1e-07,-96.78851651349055,,,
T3,1.2,1.5199110829529332,0.002154434690031882,1e-06,-34.111321724524636,,,
T3,1.2,1.5199110829529332,0.002154434690031882,1e-05,-19.484587719022674,,,
T3,1.2,1.5199110829529332,0.002154434690031882,0.0001,-7.862268790984066,,,
T3,1.2,1.5199110829529332,0.002154434690031882,0.001,-2.4157314714144213,,,
T3,1.2,1.5199110829529332,0.002154434690031882,0.01,-1.2149459921141956,,,
T3,1.2,1.5199110829529332,0.002154434690031882,0.1,-1.1539236532224917,,,
T3,1.2,1.5199110829529332,0.002154434690031882,1.0,-1.6171902619380982,,,
T3,1.2,1.5199110829529332,0.002154434690031882,10.0,-2.2497359337568743,,,
T3,1.2,1.5199110829529332,0.01,1e-10,-2797.1203904110184,,,
T3,1.2,1.5199110829529332,0.01,1e-09,-1084.8221768494805,,,
T3,1.2,1.5199110829529332,0.01,1e-08,-331.4359845598484,,,
T3,1.2,1.5199110829529332,0.01,1e-07,-89.70530310075597,,,
T3,1.2,1.5199110829529332,0.01,1e-06,-24.165948192279725,,,
T3,1.2,1.5199110829529332,0.01,1e-05,-9.835085857314493,,,
T3,1.2,1.5199110829529332,0.01,0.0001,-5.523073275882117,,,
T3,1.2,1.5199110829529332,0.01,0.001,-1.8874634906181182,,,
T3,1.2,1.5199110829529332,0.01,0.01,-0.957622559239381,,,
T3,1.2,1.5199110829529332,0.01,0.1,-1.1334668950200704,,,
T3,1.2,1.5199110829529332,0.01,1.0,-1.6178394001070984,,,
T3,1.2,1.5199110829529332,0.01,10.0,-2.2498935001939255,,,
T3,1.2,1.5199110829529332,0.046415888336127774,1e-10,-1784.889098088399,,,
T3,1.2,1.5199110829529332,0.046415888336127774,1e-09,-831.9585145888598,,,
T3,1.2,1.5199110829529332,0.046415888336127774,1e-08,-295.723332592382,,,
T3,1.2,1.5199110829529332,0.046415888336127774,1e-07,-84.26330421162052,,,
T3,1.2,1.5199110829529332,0.046415888336127774,1e-06,-21.31942083156289,,,
T3,1.2,1.5199110829529332,0.046415888336127774,1e-05,-5.43736037730027,,,
T3,1.2,1.5199110829529332,0.046415888336127774,0.0001,-2.604515453245198,,,
T3,1.2,1.5199110829529332,0.046415888336127774,0.001,-1.4098594809716336,,,
T3,1.2,1.5199110829529332,0.046415888336127774,0.01,-0.7530775046489978,,,
T3,1.2,1.5199110829529332,0.046415888336127774,0.1,-1.0592226987257565,,,
T3,1.2,1.5199110829529332,0.046415888336127774,1.0,-1.6161337463653915,,,
T3,1.2,1.5199110829529332,0.046415888336127774,10.0,-2.250505810751948,,,
T3,1.2,1.5199110829529332,0.21544346900318823,1e-10,-926.516791719805,,,
T3,1.2,1.5199110829529332,0.21544346900318823,1e-09,-570.9356331988918,,,
T3,1.2,1.5199110829529332,0.21544346900318823,1e-08,-239.6101636937968,,,
T3,1.2,1.5199110829529332,0.21544346900318823,1e-07,-77.21338721244788,,,
T3,1.2,1.5199110829529332,0.21544346900318823,1e-06,-20.05299123486797,,,
T3,1.2,1.5199110829529332,0.21544346900318823,1e-05,-4.142681258987421,,,
T3,1.2,1.5199110829529332,0.21544346900318823,0.0001,-0.7856974077680331,,,
T3,1.2,1.5199110829529332,0.21544346900318823,0.001,-0.648674558677218,,,
T3,1.2,1.5199110829529332,0.21544346900318823,0.01,-0.6364687173171513,,,
T3,1.2,1.5199110829529332,0.21544346900318823,0.1,-0.9596525690629714,,,
T3,1.2,1.5199110829529332,0.21544346900318823,1.0,-1.5939870918957737,,,
T3,1.2,1.5199110829529332,0.21544346900318823,10.0,-2.2516751800980828,,,
T3,1.2,1.5199110829529332,1.0,1e-10,-403.6033621622963,,,
T3,1.2,1.5199110829529332,1.0,1e-09,-329.9858322210197,,,
T3,1.2,1.5199110829529332,1.0,1e-08,-173.76289299126222,,,
T3,1.2,1.5199110829529332,1.0,1e-07,-65.92349653084179,,,
T3,1.2,1.5199110829529332,1.0,1e-06,-18.686515530568286,,,
T3,1.2,1.5199110829529332,1.0,1e-05,-3.8200940534604726,,,
T3,1.2,1.5199110829529332,1.0,0.0001,-0.16749039585023837,,,
T3,1.2,1.5199110829529332,1.0,0.001,0.06404449362671674,,,
T3,1.2,1.5199110829529332,1.0,0.01,-0.4560536848119048,,,
T3,1.2,1.5199110829529332,1.0,0.1,-0.9095949321145204,,,
T3,1.2,1.5199110829529332,1.0,1.0,-1.5354435695410258,,,
T3,1.2,1.5199110829529332,1.0,10.0,-2.2463768183515582,,,
T3,1.2,1.5199110829529332,4.641588833612772,1e-10,-163.17779632092575,,,
T3,1.2,1.5199110829529332,4.641588833612772,1e-09,-154.1254764939424,,,
T3,1.2,1.5199110829529332,4.641588833612772,1e-08,-110.27084326074598,,,
T3,1.2,1.5199110829529332,4.641588833612772,1e-07,-50.25271055164977,,,
T3,1.2,1.5199110829529332,4.641588833612772,1e-06,-16.656478133141867,,,
T3,1.2,1.5199110829529332,4.641588833612772,1e-05,-3.641399258383288,,,
T3,1.2,1.5199110829529332,4.641588833612772,0.0001,-0.0843534747810402,,,
T3,1.2,1.5199110829529332,4.641588833612772,0.001,0.3851784362482379,,,
T3,1.2,1.5199110829529332,4.641588833612772,0.01,-0.17804689544832134,,,
T3,1.2,1.5199110829529332,4.641588833612772,0.1,-0.8672994999575684,,,
T3,1.2,1.5199110829529332,4.641588833612772,1.0,-1.489847259997952,,,
T3,1.2,1.5199110829529332,4.641588833612772,10.0,-2.2126490041966824,,,
T3,1.2,1.5199110829529332,21.54434690031882,1e-10,-64.19830901964069,,,
T3,1.2,1.5199110829529332,21.54434690031882,1e-09,-63.339195152496906,,,
T3,1.2,1.5199110829529332,21.54434690031882,1e-08,-56.526764244771165,,,
T3,1.2,1.5199110829529332,21.54434690031882,1e-07,-34.12789236003431,,,
T3,1.2,1.5199110829529332,21.54434690031882,1e-06,-13.376919137782718,,,
T3,1.2,1.5199110829529332,21.54434690031882,1e-05,-3.4002200293976896,,,
T3,1.2,1.5199110829529332,21.54434690031882,0.0001,-0.15024213332323216,,,
T3,1.2,1.5199110829529332,21.54434690031882,0.001,0.40849468267769035,,,
T3,1.2,1.5199110829529332,21.54434690031882,0.01,0.022626257181771515,,,
T3,1.2,1.5199110829529332,21.54434690031882,0.1,-0.7545898610816167,,,
T3,1.2,1.5199110829529332,21.54434690031882,1.0,-1.474932631948324,,,
T3,1.2,1.5199110829529332,21.54434690031882,10.0,-2.162161278558867,,,
T3,1.2,1.5199110829529332,100.0,1e-10,-24.748854175989788,,,
T3,1.2,1.5199110829529332,100.0,1e-09,-24.673455455862495,,,
T3,1.2,1.5199110829529332,100.0,1e-08,-23.961371576478182,,,
T3,1.2,1.5199110829529332,100.0,1e-07,-19.324737378766027,,,
T3,1.2,1.5199110829529332,100.0,1e-06,-9.534606339930512,,,
T3,1.2,1.5199110829529332,100.0,1e-05,-2.92971708007279,,,
T3,1.2,1.5199110829529332,100.0,0.0001,-0.2477391610595127,,,
T3,1.2,1.5199110829529332,100.0,0.001,0.3045152123200026,,,
T3,1.2,1.5199110829529332,100.0,0.01,0.052328847182210494,,,
T3,1.2,1.5199110829529332,100.0,0.1,-0.6057436837374335,,,
T3,1.2,1.5199110829529332,100.0,1.0,-1.4307274395043446,,,
T3,1.2,1.5199110829529332,100.0,10.0,-2.1422766744756254,,,
T3,1.2,1.5199110829529332,464.1588833612773,1e-10,-9.292928766944799,,,
T3,1.2,1.5199110829529332,464.1588833612773,1e-09,-9.286438148825203,,,
T3,1.2,1.5199110829529332,464.1588833612773,1e-08,-9.222356386446977,,,
T3,1.2,1.5199110829529332,464.1588833612773,1e-07,-8.65283502921074,,,
T3,1.2,1.5199110829529332,464.1588833612773,1e-06,-5.903955934867642,,,
T3,1.2,1.5199110829529332,464.1588833612773,1e-05,-2.224789842292909,,,
T3,1.2,1.5199110829529332,464.1588833612773,0.0001,-0.342931074496612,,,
T3,1.2,1.5199110829529332,464.1588833612773,0.001,0.15111796998998822,,,
T3,1.2,1.5199110829529332,464.1588833612773,0.01,-0.03889238110969604,,,
T3,1.2,1.5199110829529332,464.1588833612773,0.1,-0.541825278212851,,,
T3,1.2,1.5199110829529332,464.1588833612773,1.0,-1.3193281569326154,,,
T3,1.2,1.5199110829529332,464.1588833612773,10.0,-2.1274473567269006,,,
T3,1.2,1.5199110829529332,2154.4346900318824,1e-10,-3.4145881702751497,,,
T3,1.2,1.5199110829529332,2154.4346900318824,1e-09,-3.414033137873491,,,
T3,1.2,1.5199110829529332,2154.4346900318824,1e-08,-3.408497053978034,,,
T3,1.2,1.5199110829529332,2154.4346900318824,1e-07,-3.3546289541067353,,,
T3,1.2,1.5199110829529332,2154.4346900318824,1e-06,-2.9284855786216077,,,
T3,1.2,1.5199110829529332,2154.4346900318824,1e-05,-1.551994771143227,,,
T3,1.2,1.5199110829529332,2154.4346900318824,0.0001,-0.39694749376939453,,,
T3,1.2,1.5199110829529332,2154.4346900318824,0.001,-0.037305109718444564,,,
T3,1.2,1.5199110829529332,2154.4346900318824,0.01,-0.18884463848263833,,,
T3,1.2,1.5199110829529332,2154.4346900318824,0.1,-0.5987266059345324,,,
T3,1.2,1.5199110829529332,2154.4346900318824,1.0,-1.2207530447584187,,,
T3,1.2,1.5199110829529332,2154.4346900318824,10.0,-2.0556537421274896,,,
T3,1.2,1.5199110829529332,10000.0,1e-10,-1.3513543722113188,,,
T3,1.2,1.5199110829529332,10000.0,1e-09,-1.3513071878321743,,,
T3,1.2,1.5199110829529332,10000.0,1e-08,-1.3508357868465317,,,
T3,1.2,1.5199110829529332,10000.0,1e-07,-1.3461504492097245,,,
T3,1.2,1.5199110829529332,10000.0,1e-06,-1.3019613073249854,,,
T3,1.2,1.5199110829529332,10000.0,1e-05,-1.0177276981700076,,,
T3,1.2,1.5199110829529332,10000.0,0.0001,-0.4668830525342315,,,
T3,1.2,1.5199110829529332,10000.0,0.001,-0.2494593775768454,,,
T3,1.2,1.5199110829529332,10000.0,0.01,-0.37871210099603736,,,
T3,1.2,1.5199110829529332,10000.0,0.1,-0.7296206139951843,,,
T3,1.2,1.5199110829529332,10000.0,1.0,-1.2281825734861331,,,
T3,1.2,1.5199110829529332,10000.0,10.0,-1.9423855379663748,,,
T3,1.2,4.328761281083057,0.0001,1e-10,-6909.985016758675,,,
T3,1.2,4.328761281083057,0.0001,1e-09,-3076.9863503841198,,,
T3,1.2,4.328761281083057,0.0001,1e-08,-1763.3296221495355,,,
T3,1.2,4.328761281083057,0.0001,1e-07,-616.2496702448009,,,
T3,1.2,4.328761281083057,0.0001,1e-06,-169.46943732580172,,,
T3,1.2,4.328761281083057,0.0001,1e-05,-50.60413214523698,,,
T3,1.2,4.328761281083057,0.0001,0.0001,-16.474236097242578,,,
T3,1.2,4.328761281083057,0.0001,0.001,-4.31277172495093,,,
T3,1.2,4.328761281083057,0.0001,0.01,-1.3870572382606112,,,
T3,1.2,4.328761281083057,0.0001,0.1,-1.1572565011443166,,,
T3,1.2,4.328761281083057,0.0001,1.0,-1.616920261826511,,,
T3,1.2,4.328761281083057,0.0001,10.0,-2.2496954625685426,,,
T3,1.2,4.328761281083057,0.00046415888336127773,1e-10,-6156.075027117567,,,
T3,1.2,4.328761281083057,0.00046415888336127773,1e-09,-1959.5142948805806,,,
T3,1.2,4.328761281083057,0.00046415888336127773,1e-08,-1037.5308572995787,,,
T3,1.2,4.328761281083057,0.00046415888336127773,1e-07,-521.9184782518994,,,
T3,1.2,4.328761281083057,0.00046415888336127773,1e-06,-159.25257114108123,,,
T3,1.2,4.328761281083057,0.00046415888336127773,1e-05,-43.067838133057975,,,
T3,1.2,4.328761281083057,0.00046415888336127773,0.0001,-13.511139582732866,,,
T3,1.2,4.328761281083057,0.00046415888336127773,0.001,-4.142123173876567,,,
T3,1.2,4.328761281083057,0.00046415888336127773,0.01,-1.3896111749212339,,,
T3,1.2,4.328761281083057,0.00046415888336127773,0.1,-1.1586225115033608,,,
T3,1.2,4.328761281083057,0.00046415888336127773,1.0,-1.6170825946550025,,,
T3,1.2,4.328761281083057,0.00046415888336127773,10.0,-2.249712124579255,,,
T3,1.2,4.328761281083057,0.002154434690031882,1e-10,-5820.415784465506,,,
T3,1.2,4.328761281083057,0.002154434690031882,1e-09,-1611.048861587081,,,
T3,1.2,4.328761281083057,0.002154434690031882,1e-08,-593.468563995956,,,
T3,1.2,4.328761281083057,0.002154434690031882,1e-07,-346.1031306812494,,,
T3,1.2,4.328761281083057,0.002154434690031882,1e-06,-143.76108608364734,,,
T3,1.2,4.328761281083057,0.002154434690031882,1e-05,-39.9789970624894,,,
T3,1.2,4.328761281083057,0.002154434690031882,0.0001,-10.771451797419129,,,
T3,1.2,4.328761281083057,0.002154434690031882,0.001,-3.5848443278582005,,,
T3,1.2,4.328761281083057,0.002154434690031882,0.01,-1.3770869225597264,,,
T3,1.2,4.328761281083057,0.002154434690031882,0.1,-1.163044274574394,,,
T3,1.2,4.328761281083057,0.002154434690031882,1.0,-1.6178044488981436,,,
T3,1.2,4.328761281083057,0.002154434690031882,10.0,-2.249789125692914,,,
T3,1.2,4.328761281083057,0.01,1e-10,-5472.208494257185,,,
T3,1.2,4.328761281083057,0.01,1e-09,-1497.596350606007,,,
T3,1.2,4.328761281083057,0.01,1e-08,-432.1367186916041,,,
T3,1.2,4.328761281083057,0.01,1e-07,-190.97190585875234,,,
T3,1.2,4.328761281083057,0.01,1e-06,-108.88077911936034,,,
T3,1.2,4.328761281083057,0.01,1e-05,-37.17058786971635,,,
T3,1.2,4.328761281083057,0.01,0.0001,-9.591967590176017,,,
T3,1.2,4.328761281083057,0.01,0.001,-2.7466425898542175,,,
T3,1.2,4.328761281083057,0.01,0.01,-1.2914208085989765,,,
T3,1.2,4.328761281083057,0.01,0.1,-1.1700396013754368,,,
T3,1.2,4.328761281083057,0.01,1.0,-1.6206103896325608,,,
T3,1.2,4.328761281083057,0.01,10.0,-2.250139455015179,,,
T3,1.2,4.328761281083057,0.046415888336127774,1e-10,-5001.650934538493,,,
T3,1.2,4.328761281083057,0.046415888336127774,1e-09,-1417.6938728969637,,,
T3,1.2,4.328761281083057,0.046415888336127774,1e-08,-384.6559119973058,,,
T3,1.2,4.328761281083057,0.046415888336127774,1e-07,-120.41558914381685,,,
T3,1.2,4.328761281083057,0.046415888336127774,1e-06,-62.990885446459956,,,
T3,1.2,4.328761281083057,0.046415888336127774,1e-05,-31.22197003381509,,,
T3,1.2,4.328761281083057,0.046415888336127774,0.0001,-8.971089322085103,,,
T3,1.2,4.328761281083057,0.046415888336127774,0.001,-2.257424975609421,,,
T3,1.2,4.328761281083057,0.046415888336127774,0.01,-1.0729187305830055,,,
T3,1.2,4.328761281083057,0.046415888336127774,0.1,-1.16480285105076,,,
T3,1.2,4.328761281083057,0.046415888336127774,1.0,-1.6279226250169434,,,
T3,1.2,4.328761281083057,0.046415888336127774,10.0,-2.2516292590429527,,,
T3,1.2,4.328761281083057,0.21544346900318823,1e-10,-4242.78187790388,,,
T3,1.2,4.328761281083057,0.21544346900318823,1e-09,-1318.18716268693,,,
T3,1.2,4.328761281083057,0.21544346900318823,1e-08,-363.6122063074348,,,
T3,1.2,4.328761281083057,0.21544346900318823,1e-07,-98.47977155005643,,,
T3,1.2,4.328761281083057,0.21544346900318823,1e-06,-34.88276736999562,,,
T3,1.2,4.328761281083057,0.21544346900318823,1e-05,-20.065776442770527,,,
T3,1.2,4.328761281083057,0.21544346900318823,0.0001,-8.01302581543077,,,
T3,1.2,4.328761281083057,0.21544346900318823,0.001,-2.0798032568868314,,,
T3,1.2,4.328761281083057,0.21544346900318823,0.01,-0.8685757825238125,,,
T3,1.2,4.328761281083057,0.21544346900318823,0.1,-1.1130212576639642,,,
T3,1.2,4.328761281083057,0.21544346900318823,1.0,-1.6361781721994375,,,
T3,1.2,4.328761281083057,0.21544346900318823,10.0,-2.256614676634653,,,
T3,1.2,4.328761281083057,1.0,1e-10,-3223.0231764263253,,,
T3,1.2,4.328761281083057,1.0,1e-09,-1169.4388316318648,,,
T3,1.2,4.328761281083057,1.0,1e-08,-341.81186483227737,,,
T3,1.2,4.328761281083057,1.0,1e-07,-91.43585621740219,,,
T3,1.2,4.328761281083057,1.0,1e-06,-24.706503727339236,,,
T3,1.2,4.328761281083057,1.0,1e-05,-10.171085930962986,,,
T3,1.2,4.328761281083057,1.0,0.0001,-5.786495338954086,,,
T3,1.2,4.328761281083057,1.0,0.001,-1.927548941032401,,,
T3,1.2,4.328761281083057,1.0,0.01,-0.7987622927693137,,,
T3,1.2,4.328761281083057,1.0,0.1,-1.0214202147724456,,,
T3,1.2,4.328761281083057,1.0,1.0,-1.6278310042269069,,,
T3,1.2,4.328761281083057,1.0,10.0,-2.2661276871185727,,,
T3,1.2,4.328761281083057,4.641588833612772,1e-10,-2188.438317011617,,,
T3,1.2,4.328761281083057,4.641588833612772,1e-09,-938.728898535526,,,
T3,1.2,4.328761281083057,4.641588833612772,1e-08,-312.3302629332764,,,
T3,1.2,4.328761281083057,4.641588833612772,1e-07,-86.54698208425269,,,
T3,1.2,4.328761281083057,4.641588833612772,1e-06,-21.798365510317257,,,
T3,1.2,4.328761281083057,4.641588833612772,1e-05,-5.670686664470251,,,
T3,1.2,4.328761281083057,4.641588833612772,0.0001,-2.795951250577198,,,
T3,1.2,4.328761281083057,4.641588833612772,0.001,-1.5554945339788584,,,
T3,1.2,4.328761281083057,4.641588833612772,0.01,-0.7833499300323501,,,
T3,1.2,4.328761281083057,4.641588833612772,0.1,-0.9768430615666175,,,
T3,1.2,4.328761281083057,4.641588833612772,1.0,-1.5825011279434555,,,
T3,1.2,4.328761281083057,4.641588833612772,10.0,-2.2713277158485665,,,
T3,1.2,4.328761281083057,21.54434690031882,1e-10,-1243.0521592275231,,,
T3,1.2,4.328761281083057,21.54434690031882,1e-09,-675.6610886307595,,,
T3,1.2,4.328761281083057,21.54434690031882,1e-08,-264.69478940324416,,,
T3,1.2,4.328761281083057,21.54434690031882,1e-07,-80.45732928144068,,,
T3,1.2,4.328761281083057,21.54434690031882,1e-06,-20.605556705966183,,,
T3,1.2,4.328761281083057,21.54434690031882,1e-05,-4.337494985597478,,,
T3,1.2,4.328761281083057,21.54434690031882,0.0001,-0.9327673566501655,,,
T3,1.2,4.328761281083057,21.54434690031882,0.001,-0.7885911968330095,,,
T3,1.2,4.328761281083057,21.54434690031882,0.01,-0.7422833301650915,,,
T3,1.2,4.328761281083057,21.54434690031882,0.1,-0.9829068659877377,,,
T3,1.2,4.328761281083057,21.54434690031882,1.0,-1.538127624470122,,,
T3,1.2,4.328761281083057,21.54434690031882,10.0,-2.251440842878523,,,
T3,1.2,4.328761281083057,100.0,1e-10,-574.4584696485587,,,
T3,1.2,4.328761281083057,100.0,1e-09,-423.77517488958426,,,
T3,1.2,4.328761281083057,100.0,1e-08,-200.64154176385694,,,
T3,1.2,4.328761281083057,100.0,1e-07,-71.29973059636367,,,
T3,1.2,4.328761281083057,100.0,1e-06,-19.400100745746506,,,
T3,1.2,4.328761281083057,100.0,1e-05,-4.007508184436204,,,
T3,1.2,4.328761281083057,100.0,0.0001,-0.2937761558315934,,,
T3,1.2,4.328761281083057,100.0,0.001,-0.05770648604478783,,,
T3,1.2,4.328761281083057,100.0,0.01,-0.5760668636907698,,,
T3,1.2,4.328761281083057,100.0,0.1,-0.998244592900372,,,
T3,1.2,4.328761281083057,100.0,1.0,-1.5383296236307331,,,
T3,1.2,4.328761281083057,100.0,10.0,-2.20694711918402,,,
T3,1.2,4.328761281083057,464.1588833612773,1e-10,-237.30187249348205,,,
T3,1.2,4.328761281083057,464.1588833612773,1e-09,-214.9826012757072,,,
T3,1.2,4.328761281083057,464.1588833612773,1e-08,-135.71459873714966,,,
T3,1.2,4.328761281083057,464.1588833612773,1e-07,-57.00824939299131,,,
T3,1.2,4.328761281083057,464.1588833612773,1e-06,-17.74850309932067,,,
T3,1.2,4.328761281083057,464.1588833612773,1e-05,-3.851672635838183,,,
T3,1.2,4.328761281083057,464.1588833612773,0.0001,-0.1979832004561068,,,
T3,1.2,4.328761281083057,464.1588833612773,0.001,0.27484615478212665,,,
T3,1.2,4.328761281083057,464.1588833612773,0.01,-0.2922887446910639,,,
T3,1.2,4.328761281083057,464.1588833612773,0.1,-0.9780475510877388,,,
T3,1.2,4.328761281083057,464.1588833612773,1.0,-1.5611195768753827,,,
T3,1.2,4.328761281083057,464.1588833612773,10.0,-2.1904248824327563,,,
T3,1.2,4.328761281083057,2154.4346900318824,1e-10,-94.28279023880903,,,
T3,1.2,4.328761281083057,2154.4346900318824,1e-09,-91.99978592579592,,,
T3,1.2,4.328761281083057,2154.4346900318824,1e-08,-76.46925031348859,,,
T3,1.2,4.328761281083057,2154.4346900318824,1e-07,-40.72850157790535,,,
T3,1.2,4.328761281083057,2154.4346900318824,1e-06,-14.988911910725523,,,
T3,1.2,4.328761281083057,2154.4346900318824,1e-05,-3.656236837865322,,,
T3,1.2,4.328761281083057,2154.4346900318824,0.0001,-0.25768134397841924,,,
T3,1.2,4.328761281083057,2154.4346900318824,0.001,0.30810002127981273,,,
T3,1.2,4.328761281083057,2154.4346900318824,0.01,-0.08504824850217182,,,
T3,1.2,4.328761281083057,2154.4346900318824,0.1,-0.8666641128924922,,,
T3,1.2,4.328761281083057,2154.4346900318824,1.0,-1.5779115703270556,,,
T3,1.2,4.328761281083057,2154.4346900318824,10.0,-2.208078459844317,,,
T3,1.2,4.328761281083057,10000.0,1e-10,-36.755709018435965,,,
T3,1.2,4.328761281083057,10000.0,1e-09,-36.55131018957378,,,
T3,1.2,4.328761281083057,10000.0,1e-08,-34.708093216335094,,,
T3,1.2,4.328761281083057,10000.0,1e-07,-25.216210056468466,,,
T3,1.2,4.328761281083057,10000.0,1e-06,-11.23653799171672,,,
T3,1.2,4.328761281083057,10000.0,1e-05,-3.3062160477901954,,,
T3,1.2,4.328761281083057,10000.0,0.0001,-0.3516749461614609,,,
T3,1.2,4.328761281083057,10000.0,0.001,0.2144665655212153,,,
T3,1.2,4.328761281083057,10000.0,0.01,-0.04781825716762489,,,
T3,1.2,4.328761281083057,10000.0,0.1,-0.7139764594764141,,,
T3,1.2,4.328761281083057,10000.0,1.0,-1.54169212950861,,,
T3,1.2,4.328761281083057,10000.0,10.0,-2.2339905297828238,,,
T3,1.2,12.32846739442066,0.0001,1e-10,-30714.174313863703,,,
T3,1.2,12.32846739442066,0.0001,1e-09,-9952.363976150422,,,
T3,1.2,12.32846739442066,0.0001,1e-08,-2652.437093094434,,,
T3,1.2,12.32846739442066,0.0001,1e-07,-691.4931677482386,,,
T3,1.2,12.32846739442066,0.0001,1e-06,-201.44512074998937,,,
T3,1.2,12.32846739442066,0.0001,1e-05,-67.16754703864329,,,
T3,1.2,12.32846739442066,0.0001,0.0001,-17.98841011547402,,,
T3,1.2,12.32846739442066,0.0001,0.001,-4.363079668784678,,,
T3,1.2,12.32846739442066,0.0001,0.01,-1.3885967592251096,,,
T3,1.2,12.32846739442066,0.0001,0.1,-1.1573201621706934,,,
T3,1.2,12.32846739442066,0.0001,1.0,-1.616924345193825,,,
T3,1.2,12.32846739442066,0.0001,10.0,-2.2496958133858453,,,
T3,1.2,12.32846739442066,0.00046415888336127773,1e-10,-19091.95593045158,,,
T3,1.2,12.32846739442066,0.00046415888336127773,1e-09,-8819.956824134362,,,
T3,1.2,12.32846739442066,0.00046415888336127773,1e-08,-2563.539066255418,,,
T3,1.2,12.32846739442066,0.00046415888336127773,1e-07,-672.3025962389498,,,
T3,1.2,12.32846739442066,0.00046415888336127773,1e-06,-176.81223357189418,,,
T3,1.2,12.32846739442066,0.00046415888336127773,1e-05,-55.0086659990411,,,
T3,1.2,12.32846739442066,0.00046415888336127773,0.0001,-17.14078414911514,,,
T3,1.2,12.32846739442066,0.00046415888336127773,0.001,-4.353402051612622,,,
T3,1.2,12.32846739442066,0.00046415888336127773,0.01,-1.3966389220714635,,,
T3,1.2,12.32846739442066,0.00046415888336127773,0.1,-1.1589160570688866,,,
T3,1.2,12.32846739442066,0.00046415888336127773,1.0,-1.6171015256570727,,,
T3,1.2,12.32846739442066,0.00046415888336127773,10.0,-2.249713752702911,,,
T3,1.2,12.32846739442066,0.002154434690031882,1e-10,-10720.456958373223,,,
T3,1.2,12.32846739442066,0.002154434690031882,1e-09,-6275.278296114525,,,
T3,1.2,12.32846739442066,0.002154434690031882,1e-08,-2391.5180421332275,,,
T3,1.2,12.32846739442066,0.002154434690031882,1e-07,-653.9949746798145,,,
T3,1.2,12.32846739442066,0.002154434690031882,1e-06,-169.1320330312391,,,
T3,1.2,12.32846739442066,0.002154434690031882,1e-05,-45.41689005278066,,,
T3,1.2,12.32846739442066,0.002154434690031882,0.0001,-14.724198941155091,,,
T3,1.2,12.32846739442066,0.002154434690031882,0.001,-4.256251019066007,,,
T3,1.2,12.32846739442066,0.002154434690031882,0.01,-1.4080846783644567,,,
T3,1.2,12.32846739442066,0.002154434690031882,0.1,-1.1643807397066155,,,
T3,1.2,12.32846739442066,0.002154434690031882,1.0,-1.6178918716909465,,,
T3,1.2,12.32846739442066,0.002154434690031882,10.0,-2.249796677941202,,,
T3,1.2,12.32846739442066,0.01,1e-10,-7351.010247801518,,,
T3,1.2,12.32846739442066,0.01,1e-09,-3557.5272346434276,,,
T3,1.2,12.32846739442066,0.01,1e-08,-1934.3786650027778,,,
T3,1.2,12.32846739442066,0.01,1e-07,-625.0387883293431,,,
T3,1.2,12.32846739442066,0.01,1e-06,-165.03939628072163,,,
T3,1.2,12.32846739442066,0.01,1e-05,-41.91395521109885,,,
T3,1.2,12.32846739442066,0.01,0.0001,-11.63798105068916,,,
T3,1.2,12.32846739442066,0.01,0.001,-3.8642058020041903,,,
T3,1.2,12.32846739442066,0.01,0.01,-1.4096270515693565,,,
T3,1.2,12.32846739442066,0.01,0.1,-1.1760154133703702,,,
T3,1.2,12.32846739442066,0.01,1.0,-1.6210089471360682,,,
T3,1.2,12.32846739442066,0.01,10.0,-2.250174408908297,,,
T3,1.2,12.32846739442066,0.046415888336127774,1e-10,-6323.179812085969,,,
T3,1.2,12.32846739442066,0.046415888336127774,1e-09,-2150.232931671786,,,
T3,1.2,12.32846739442066,0.046415888336127774,1e-08,-1200.9849378070799,,,
T3,1.2,12.32846739442066,0.046415888336127774,1e-07,-553.6060600882424,,,
T3,1.2,12.32846739442066,0.046415888336127774,1e-06,-159.46541332543114,,,
T3,1.2,12.32846739442066,0.046415888336127774,1e-05,-40.7320485446095,,,
T3,1.2,12.32846739442066,0.046415888336127774,0.0001,-10.077684193576184,,,
T3,1.2,12.32846739442066,0.046415888336127774,0.001,-3.062871535015448,,,
T3,1.2,12.32846739442066,0.046415888336127774,0.01,-1.3611581322525417,,,
T3,1.2,12.32846739442066,0.046415888336127774,0.1,-1.1899266383419569,,,
T3,1.2,12.32846739442066,0.046415888336127774,1.0,-1.6297034442372287,,,
T3,1.2,12.32846739442066,0.046415888336127774,10.0,-2.2517896366880104,,,
T3,1.2,12.32846739442066,0.21544346900318823,1e-10,-5941.460104183918,,,
T3,1.2,12.32846739442066,0.21544346900318823,1e-09,-1676.2623392504224,,,
T3,1.2,12.32846739442066,0.21544346900318823,1e-08,-672.6781245883991,,,
T3,1.2,12.32846739442066,0.21544346900318823,1e-07,-393.00365650513777,,,
T3,1.2,12.32846739442066,0.21544346900318823,1e-06,-148.64218513619798,,,
T3,1.2,12.32846739442066,0.21544346900318823,1e-05,-39.610658718727876,,,
T3,1.2,12.32846739442066,0.21544346900318823,0.0001,-9.615828877608411,,,
T3,1.2,12.32846739442066,0.21544346900318823,0.001,-2.432378769471413,,,
T3,1.2,12.32846739442066,0.21544346900318823,0.01,-1.1879925694457245,,,
T3,1.2,12.32846739442066,0.21544346900318823,0.1,-1.1949182518969195,,,
T3,1.2,12.32846739442066,0.21544346900318823,1.0,-1.6439522501246024,,,
T3,1.2,12.32846739442066,0.21544346900318823,10.0,-2.257335355025722,,,
T3,1.2,12.32846739442066,1.0,1e-10,-5622.569433455781,,,
T3,1.2,12.32846739442066,1.0,1e-09,-1529.836577351773,,,
T3,1.2,12.32846739442066,1.0,1e-08,-460.0574217559565,,,
T3,1.2,12.32846739442066,1.0,1e-07,-221.42090916072084,,,
T3,1.2,12.32846739442066,1.0,1e-06,-119.79070264000867,,,
T3,1.2,12.32846739442066,1.0,1e-05,-37.81873624207064,,,
T3,1.2,12.32846739442066,1.0,0.0001,-9.389592813286189,,,
T3,1.2,12.32846739442066,1.0,0.001,-2.2226587911580564,,,
T3,1.2,12.32846739442066,1.0,0.01,-0.9563412451376511,,,
T3,1.2,12.32846739442066,1.0,0.1,-1.1644160709183735,,,
T3,1.2,12.32846739442066,1.0,1.0,-1.6579576351514216,,,
T3,1.2,12.32846739442066,1.0,10.0,-2.26930633069549,,,
T3,1.2,12.32846739442066,4.641588833612772,1e-10,-5215.636140632777,,,
T3,1.2,12.32846739442066,4.641588833612772,1e-09,-1450.9810563466913,,,
T3,1.2,12.32846739442066,4.641588833612772,1e-08,-395.2734903451095,,,
T3,1.2,12.32846739442066,4.641588833612772,1e-07,-132.5561848345625,,,
T3,1.2,12.32846739442066,4.641588833612772,1e-06,-73.43536429370127,,,
T3,1.2,12.32846739442066,4.641588833612772,1e-05,-33.328968529996715,,,
T3,1.2,12.32846739442066,4.641588833612772,0.0001,-9.073001604486823,,,
T3,1.2,12.32846739442066,4.641588833612772,0.001,-2.17702205935542,,,
T3,1.2,12.32846739442066,4.641588833612772,0.01,-0.8518264199452565,,,
T3,1.2,12.32846739442066,4.641588833612772,0.1,-1.0796945590754097,,,
T3,1.2,12.32846739442066,4.641588833612772,1.0,-1.6599121166570356,,,
T3,1.2,12.32846739442066,4.641588833612772,10.0,-2.2847059109869083,,,
T3,1.2,12.32846739442066,21.54434690031882,1e-10,-4595.628758330329,,,
T3,1.2,12.32846739442066,21.54434690031882,1e-09,-1361.8118843132836,,,
T3,1.2,12.32846739442066,21.54434690031882,1e-08,-371.3096355173274,,,
T3,1.2,12.32846739442066,21.54434690031882,1e-07,-102.67723413795902,,,
T3,1.2,12.32846739442066,21.54434690031882,1e-06,-40.00051936981994,,,
T3,1.2,12.32846739442066,21.54434690031882,1e-05,-23.151599005088237,,,
T3,1.2,12.32846739442066,21.54434690031882,0.0001,-8.42066673709329,,,
T3,1.2,12.32846739442066,21.54434690031882,0.001,-2.1400101470410684,,,
T3,1.2,12.32846739442066,21.54434690031882,0.01,-0.8454178974240352,,,
T3,1.2,12.32846739442066,21.54434690031882,0.1,-1.0146205374156883,,,
T3,1.2,12.32846739442066,21.54434690031882,1.0,-1.6282967640369588,,,
T3,1.2,12.32846739442066,21.54434690031882,10.0,-2.296142289816042,,,
T3,1.2,12.32846739442066,100.0,1e-10,-3652.5741851643534,,,
T3,1.2,12.32846739442066,100.0,1e-09,-1239.468795315206,,,
T3,1.2,12.32846739442066,100.0,1e-08,-351.34559612804685,,,
T3,1.2,12.32846739442066,100.0,1e-07,-93.53675944985311,,,
T3,1.2,12.32846739442066,100.0,1e-06,-26.56207056159588,,,
T3,1.2,12.32846739442066,100.0,1e-05,-12.221211480445906,,,
T3,1.2,12.32846739442066,100.0,0.0001,-6.592323496931222,,,
T3,1.2,12.32846739442066,100.0,0.001,-2.062036849901527,,,
T3,1.2,12.32846739442066,100.0,0.01,-0.8631352240640358,,,
T3,1.2,12.32846739442066,100.0,0.1,-1.0126883696009759,,,
T3,1.2,12.32846739442066,100.0,1.0,-1.5767564137506838,,,
T3,1.2,12.32846739442066,100.0,10.0,-2.2884519322338077,,,
T3,1.2,12.32846739442066,464.1588833612773,1e-10,-2605.801262556024,,,
T3,1.2,12.32846739442066,464.1588833612773,1e-09,-1041.1972873705658,,,
T3,1.2,12.32846739442066,464.1588833612773,1e-08,-325.86023719060927,,,
T3,1.2,12.32846739442066,464.1588833612773,1e-07,-88.70078567638512,,,
T3,1.2,12.32846739442066,464.1588833612773,1e-06,-22.542258633919708,,,
T3,1.2,12.32846739442066,464.1588833612773,1e-05,-6.543769603134879,,,
T3,1.2,12.32846739442066,464.1588833612773,0.0001,-3.5861768899408886,,,
T3,1.2,12.32846739442066,464.1588833612773,0.001,-1.7960843995725557,,,
T3,1.2,12.32846739442066,464.1588833612773,0.01,-0.8782630088710363,,,
T3,1.2,12.32846739442066,464.1588833612773,0.1,-1.0387454238615699,,,
T3,1.2,12.32846739442066,464.1588833612773,1.0,-1.5640952250586717,,,
T3,1.2,12.32846739442066,464.1588833612773,10.0,-2.248945628491593,,,
T3,1.2,12.32846739442066,2154.4346900318824,1e-10,-1610.5232647618855,,,
T3,1.2,12.32846739442066,2154.4346900318824,1e-09,-782.8719918864114,,,
T3,1.2,12.32846739442066,2154.4346900318824,1e-08,-286.97081639901336,,,
T3,1.2,12.32846739442066,2154.4346900318824,1e-07,-83.24841671821646,,,
T3,1.2,12.32846739442066,2154.4346900318824,1e-06,-21.151326489398393,,,
T3,1.2,12.32846739442066,2154.4346900318824,1e-05,-4.6851100705855515,,,
T3,1.2,12.32846739442066,2154.4346900318824,0.0001,-1.3756422915091062,,,
T3,1.2,12.32846739442066,2154.4346900318824,0.001,-1.1098928764932088,,,
T3,1.2,12.32846739442066,2154.4346900318824,0.01,-0.8676681254273568,,,
T3,1.2,12.32846739442066,2154.4346900318824,0.1,-1.0701531324204583,,,
T3,1.2,12.32846739442066,2154.4346900318824,1.0,-1.586423452471808,,,
T3,1.2,12.32846739442066,2154.4346900318824,10.0,-2.2195471177474646,,,
T3,1.2,12.32846739442066,10000.0,1e-10,-805.4587582289712,,,
T3,1.2,12.32846739442066,10000.0,1e-09,-524.7197375894982,,,
T3,1.2,12.32846739442066,10000.0,1e-08,-227.7479309833298,,,
T3,1.2,12.32846739442066,10000.0,1e-07,-75.74177128748615,,,
T3,1.2,12.32846739442066,10000.0,1e-06,-20.04807131284745,,,
T3,1.2,12.32846739442066,10000.0,1e-05,-4.2067421267043015,,,
T3,1.2,12.32846739442066,10000.0,0.0001,-0.5047439802902627,,,
T3,1.2,12.32846739442066,10000.0,0.001,-0.31598397811537476,,,
T3,1.2,12.32846739442066,10000.0,0.01,-0.7443697037727943,,,
T3,1.2,12.32846739442066,10000.0,0.1,-1.1003227175743169,,,
T3,1.2,12.32846739442066,10000.0,1.0,-1.619533197485114,,,
T3,1.2,12.32846739442066,10000.0,10.0,-2.230725474445923,,,
T3,1.2,35.11191734215127,0.0001,1e-10,-41852.338294040834,,,
T3,1.2,35.11191734215127,0.0001,1e-09,-10755.357603846182,,,
T3,1.2,35.11191734215127,0.0001,1e-08,-2758.8156171595065,,,
T3,1.2,35.11191734215127,0.0001,1e-07,-789.7698649520922,,,
T3,1.2,35.11191734215127,0.0001,1e-06,-266.74743772337604,,,
T3,1.2,35.11191734215127,0.0001,1e-05,-74.22736220318592,,,
T3,1.2,35.11191734215127,0.0001,0.0001,-18.228068457998678,,,
T3,1.2,35.11191734215127,0.0001,0.001,-4.369588425647548,,,
T3,1.2,35.11191734215127,0.0001,0.01,-1.3887914481722614,,,
T3,1.2,35.11191734215127,0.0001,0.1,-1.157328194674474,,,
T3,1.2,35.11191734215127,0.0001,1.0,-1.6169248603140343,,,
T3,1.2,35.11191734215127,0.0001,10.0,-2.2496958576409662,,,
T3,1.2,35.11191734215127,0.00046415888336127773,1e-10,-40795.097401411454,,,
T3,1.2,35.11191734215127,0.00046415888336127773,1e-09,-10619.37937038624,,,
T3,1.2,35.11191734215127,0.00046415888336127773,1e-08,-2711.157594891288,,,
T3,1.2,35.11191734215127,0.00046415888336127773,1e-07,-706.1093208715502,,,
T3,1.2,35.11191734215127,0.00046415888336127773,1e-06,-217.32280647825786,,,
T3,1.2,35.11191734215127,0.00046415888336127773,1e-05,-70.19227832906259,,,
T3,1.2,35.11191734215127,0.00046415888336127773,0.0001,-18.122126752885134,,,
T3,1.2,35.11191734215127,0.00046415888336127773,0.001,-4.383198842760705,,,
T3,1.2,35.11191734215127,0.00046415888336127773,0.01,-1.397535672661125,,,
T3,1.2,35.11191734215127,0.00046415888336127773,0.1,-1.158953125575421,,,
T3,1.2,35.11191734215127,0.00046415888336127773,1.0,-1.6171039139874233,,,
T3,1.2,35.11191734215127,0.00046415888336127773,10.0,-2.2497139580898335,,,
T3,1.2,35.11191734215127,0.002154434690031882,1e-10,-39063.156611782346,,,
T3,1.2,35.11191734215127,0.002154434690031882,1e-09,-10381.387130625666,,,
T3,1.2,35.11191734215127,0.002154434690031882,1e-08,-2684.8567216627757,,,
T3,1.2,35.11191734215127,0.002154434690031882,1e-07,-682.9668638107911,,,
T3,1.2,35.11191734215127,0.002154434690031882,1e-06,-183.12768319593266,,,
T3,1.2,35.11191734215127,0.002154434690031882,1e-05,-59.75767270500008,,,
T3,1.2,35.11191734215127,0.002154434690031882,0.0001,-17.606814850901223,,,
T3,1.2,35.11191734215127,0.002154434690031882,0.001,-4.386444601746736,,,
T3,1.2,35.11191734215127,0.002154434690031882,0.01,-1.4122036931341981,,,
T3,1.2,35.11191734215127,0.002154434690031882,0.1,-1.1645501581875322,,,
T3,1.2,35.11191734215127,0.002154434690031882,1.0,-1.617902904587036,,,
T3,1.2,35.11191734215127,0.002154434690031882,10.0,-2.249797630682491,,,
T3,1.2,35.11191734215127,0.01,1e-10,-33903.123733772445,,,
T3,1.2,35.11191734215127,0.01,1e-09,-10075.447370937085,,,
T3,1.2,35.11191734215127,0.01,1e-08,-2637.175441011849,,,
T3,1.2,35.11191734215127,0.01,1e-07,-675.6827616792641,,,
T3,1.2,35.11191734215127,0.01,1e-06,-171.7345378545251,,,
T3,1.2,35.11191734215127,0.01,1e-05,-48.13299446611038,,,
T3,1.2,35.11191734215127,0.01,0.0001,-15.830954304117165,,,
T3,1.2,35.11191734215127,0.01,0.001,-4.3366895958395135,,,
T3,1.2,35.11191734215127,0.01,0.01,-1.4281942039930164,,,
T3,1.2,35.11191734215127,0.01,0.1,-1.176786689899022,,,
T3,1.2,35.11191734215127,0.01,1.0,-1.6210593261517974,,,
T3,1.2,35.11191734215127,0.01,10.0,-2.2501788190913663,,,
T3,1.2,35.11191734215127,0.046415888336127774,1e-10,-23106.90968279975,,,
T3,1.2,35.11191734215127,0.046415888336127774,1e-09,-9333.1517691887,,,
T3,1.2,35.11191734215127,0.046415888336127774,1e-08,-2570.5077518254598,,,
T3,1.2,35.11191734215127,0.046415888336127774,1e-07,-667.138060788077,,,
T3,1.2,35.11191734215127,0.046415888336127774,1e-06,-168.75820488453854,,,
T3,1.2,35.11191734215127,0.046415888336127774,1e-05,-42.85382419925584,,,
T3,1.2,35.11191734215127,0.046415888336127774,0.0001,-12.676251641488985,,,
T3,1.2,35.11191734215127,0.046415888336127774,0.001,-4.084799227401307,,,
T3,1.2,35.11191734215127,0.046415888336127774,0.01,-1.4374747772068879,,,
T3,1.2,35.11191734215127,0.046415888336127774,0.1,-1.193436433331265,,,
T3,1.2,35.11191734215127,0.046415888336127774,1.0,-1.629930297356427,,,
T3,1.2,35.11191734215127,0.046415888336127774,10.0,-2.2518098856461464,,,
T3,1.2,35.11191734215127,0.21544346900318823,1e-10,-12962.947586644625,,,
T3,1.2,35.11191734215127,0.21544346900318823,1e-09,-7286.479094136713,,,
T3,1.2,35.11191734215127,0.21544346900318823,1e-08,-2461.268866899896,,,
T3,1.2,35.11191734215127,0.21544346900318823,1e-07,-652.1590626335976,,,
T3,1.2,35.11191734215127,0.21544346900318823,1e-06,-167.13314021721186,,,
T3,1.2,35.11191734215127,0.21544346900318823,1e-05,-41.41898063255427,,,
T3,1.2,35.11191734215127,0.21544346900318823,0.0001,-10.49861333073738,,,
T3,1.2,35.11191734215127,0.21544346900318823,0.001,-3.4015658263429884,,,
T3,1.2,35.11191734215127,0.21544346900318823,0.01,-1.4151319236355846,,,
T3,1.2,35.11191734215127,0.21544346900318823,0.1,-1.2103008016887329,,,
T3,1.2,35.11191734215127,0.21544346900318823,1.0,-1.6449785660384115,,,
T3,1.2,35.11191734215127,0.21544346900318823,10.0,-2.2574266544401165,,,
T3,1.2,35.11191734215127,1.0,1e-10,-8149.2254238211535,,,
T3,1.2,35.11191734215127,1.0,1e-09,-4373.279226308651,,,
T3,1.2,35.11191734215127,1.0,1e-08,-2135.7053163021237,,,
T3,1.2,35.11191734215127,1.0,1e-07,-632.8967778041728,,,
T3,1.2,35.11191734215127,1.0,1e-06,-164.16032066486545,,,
T3,1.2,35.11191734215127,1.0,1e-05,-40.992655589753696,,,
T3,1.2,35.11191734215127,1.0,0.0001,-9.795138156671149,,,
T3,1.2,35.11191734215127,1.0,0.001,-2.6332525063164107,,,
T3,1.2,35.11191734215127,1.0,0.01,-1.2935755749181053,,,
T3,1.2,35.11191734215127,1.0,0.1,-1.221267353866426,,,
T3,1.2,35.11191734215127,1.0,1.0,-1.6625748765556718,,,
T3,1.2,35.11191734215127,1.0,10.0,-2.269715596688573,,,
T3,1.2,35.11191734215127,4.641588833612772,1e-10,-6577.802086264887,,,
T3,1.2,35.11191734215127,4.641588833612772,1e-09,-2498.665960946905,,,
T3,1.2,35.11191734215127,4.641588833612772,1e-08,-1454.4542964623238,,,
T3,1.2,35.11191734215127,4.641588833612772,1e-07,-586.0918037419765,,,
T3,1.2,35.11191734215127,4.641588833612772,1e-06,-159.99357555225734,,,
T3,1.2,35.11191734215127,4.641588833612772,1e-05,-40.4884670343898,,,
T3,1.2,35.11191734215127,4.641588833612772,0.0001,-9.638029189823154,,,
T3,1.2,35.11191734215127,4.641588833612772,0.001,-2.2996125872936175,,,
T3,1.2,35.11191734215127,4.641588833612772,0.01,-1.058308039059617,,,
T3,1.2,35.11191734215127,4.641588833612772,0.1,-1.2080803582284054,,,
T3,1.2,35.11191734215127,4.641588833612772,1.0,-1.679125484045386,,,
T3,1.2,35.11191734215127,4.641588833612772,10.0,-2.286557108647146,,,
T3,1.2,35.11191734215127,21.54434690031882,1e-10,-6069.255741180301,,,
T3,1.2,35.11191734215127,21.54434690031882,1e-09,-1788.1593341500325,,,
T3,1.2,35.11191734215127,21.54434690031882,1e-08,-814.3075138488286,,,
T3,1.2,35.11191734215127,21.54434690031882,1e-07,-456.937904580194,,,
T3,1.2,35.11191734215127,21.54434690031882,1e-06,-153.14026128972557,,,
T3,1.2,35.11191734215127,21.54434690031882,1e-05,-39.580653260913614,,,
T3,1.2,35.11191734215127,21.54434690031882,0.0001,-9.569902785447074,,,
T3,1.2,35.11191734215127,21.54434690031882,0.001,-2.234426837139147,,,
T3,1.2,35.11191734215127,21.54434690031882,0.01,-0.9008364577668427,,,
T3,1.2,35.11191734215127,21.54434690031882,0.1,-1.1401169494575711,,,
T3,1.2,35.11191734215127,21.54434690031882,1.0,-1.6878868746438092,,,
T3,1.2,35.11191734215127,21.54434690031882,10.0,-2.3042807531648375,,,
T3,1.2,35.11191734215127,100.0,1e-10,-5760.543625677279,,,
T3,1.2,35.11191734215127,100.0,1e-09,-1570.8457317328705,,,
T3,1.2,35.11191734215127,100.0,1e-08,-510.52578723998704,,,
T3,1.2,35.11191734215127,100.0,1e-07,-273.0368989949882,,,
T3,1.2,35.11191734215127,100.0,1e-06,-132.61108869724146,,,
T3,1.2,35.11191734215127,100.0,1e-05,-38.40649482356194,,,
T3,1.2,35.11191734215127,100.0,0.0001,-9.417996407745067,,,
T3,1.2,35.11191734215127,100.0,0.001,-2.240798276629982,,,
T3,1.2,35.11191734215127,100.0,0.01,-0.8718338739029037,,,
T3,1.2,35.11191734215127,100.0,0.1,-1.0567939474214119,,,
T3,1.2,35.11191734215127,100.0,1.0,-1.6707100643038004,,,
T3,1.2,35.11191734215127,100.0,10.0,-2.3190785766469557,,,
T3,1.2,35.11191734215127,464.1588833612773,1e-10,-5398.114389812048,,,
T3,1.2,35.11191734215127,464.1588833612773,1e-09,-1482.1956885828981,,,
T3,1.2,35.11191734215127,464.1588833612773,1e-08,-411.41347970238337,,,
T3,1.2,35.11191734215127,464.1588833612773,1e-07,-154.66313730180374,,,
T3,1.2,35.11191734215127,464.1588833612773,1e-06,-89.57110219866499,,,
T3,1.2,35.11191734215127,464.1588833612773,1e-05,-35.48401521295362,,,
T3,1.2,35.11191734215127,464.1588833612773,0.0001,-9.194794290610023,,,
T3,1.2,35.11191734215127,464.1588833612773,0.001,-2.243931753017578,,,
T3,1.2,35.11191734215127,464.1588833612773,0.01,-0.8926059161438777,,,
T3,1.2,35.11191734215127,464.1588833612773,0.1,-1.035195897932148,,,
T3,1.2,35.11191734215127,464.1588833612773,1.0,-1.6196464319422943,,,
T3,1.2,35.11191734215127,464.1588833612773,10.0,-2.320952745630993,,,
T3,1.2,35.11191734215127,2154.4346900318824,1e-10,-4898.77420527294,,,
T3,1.2,35.11191734215127,2154.4346900318824,1e-09,-1400.9896130732927,,,
T3,1.2,35.11191734215127,2154.4346900318824,1e-08,-379.4068202504427,,,
T3,1.2,35.11191734215127,2154.4346900318824,1e-07,-109.82546211408994,,,
T3,1.2,35.11191734215127,2154.4346900318824,1e-06,-49.07459209981534,,,
T3,1.2,35.11191734215127,2154.4346900318824,1e-05,-27.317385245901725,,,
T3,1.2,35.11191734215127,2154.4346900318824,0.0001,-8.801574025880644,,,
T3,1.2,35.11191734215127,2154.4346900318824,0.001,-2.2239497174120517,,,
T3,1.2,35.11191734215127,2154.4346900318824,0.01,-0.9227156756120912,,,
T3,1.2,35.11191734215127,2154.4346900318824,0.1,-1.0564297136745413,,,
T3,1.2,35.11191734215127,2154.4346900318824,1.0,-1.5896387541515602,,,
T3,1.2,35.11191734215127,2154.4346900318824,10.0,-2.291810248906075,,,
T3,1.2,35.11191734215127,10000.0,1e-10,-4107.448439115475,,,
T3,1.2,35.11191734215127,10000.0,1e-09,-1296.8556670085243,,,
T3,1.2,35.11191734215127,10000.0,1e-08,-360.0377100965224,,,
T3,1.2,35.11191734215127,10000.0,1e-07,-96.19022001616204,,,
T3,1.2,35.11191734215127,10000.0,1e-06,-29.850722558659413,,,
T3,1.2,35.11191734215127,10000.0,1e-05,-15.623476963150395,,,
T3,1.2,35.11191734215127,10000.0,0.0001,-7.518766641072958,,,
T3,1.2,35.11191734215127,10000.0,0.001,-2.191074856049327,,,
T3,1.2,35.11191734215127,10000.0,0.01,-0.94879688732116,,,
T3,1.2,35.11191734215127,10000.0,0.1,-1.0901024555027843,,,
T3,1.2,35.11191734215127,10000.0,1.0,-1.6031925137322331,,,
T3,1.2,35.11191734215127,10000.0,10.0,-2.2517072140746155,,,
T3,1.2,100.0,0.0001,1e-10,-42968.60153068905,,,
T3,1.2,100.0,0.0001,1e-09,-10958.824966252017,,,
T3,1.2,100.0,0.0001,1e-08,-3084.098441490038,,,
T3,1.2,100.0,0.0001,1e-07,-1044.842416010296,,,
T3,1.2,100.0,0.0001,1e-06,-299.17307801830117,,,
T3,1.2,100.0,0.0001,1e-05,-75.38389252880648,,,
T3,1.2,100.0,0.0001,0.0001,-18.25868117320433,,,
T3,1.2,100.0,0.0001,0.001,-4.370396046037018,,,
T3,1.2,100.0,0.0001,0.01,-1.388815534501646,,,
T3,1.2,100.0,0.0001,0.1,-1.157329188145564,,,
T3,1.2,100.0,0.0001,1.0,-1.616924924023176,,,
T3,1.2,100.0,0.0001,10.0,-2.249695863114348,,,
T3,1.2,100.0,0.00046415888336127773,1e-10,-42813.16155114638,,,
T3,1.2,100.0,0.00046415888336127773,1e-09,-10814.975956663699,,,
T3,1.2,100.0,0.00046415888336127773,1e-08,-2800.063453560946,,,
T3,1.2,100.0,0.00046415888336127773,1e-07,-847.104960502729,,,
T3,1.2,100.0,0.00046415888336127773,1e-06,-280.23468535701755,,,
T3,1.2,100.0,0.00046415888336127773,1e-05,-74.80032322134433,,,
T3,1.2,100.0,0.00046415888336127773,0.0001,-18.261869448175695,,,
T3,1.2,100.0,0.00046415888336127773,0.001,-4.386939762392652,,,
T3,1.2,100.0,0.00046415888336127773,0.01,-1.397646743956751,,,
T3,1.2,100.0,0.00046415888336127773,0.1,-1.1589577107342246,,,
T3,1.2,100.0,0.00046415888336127773,1.0,-1.61710420937449,,,
T3,1.2,100.0,0.00046415888336127773,10.0,-2.2497139834916835,,,
T3,1.2,100.0,0.002154434690031882,1e-10,-42440.72788161856,,,
T3,1.2,100.0,0.002154434690031882,1e-09,-10772.07307773445,,,
T3,1.2,100.0,0.002154434690031882,1e-08,-2725.665943209623,,,
T3,1.2,100.0,0.002154434690031882,1e-07,-726.1399367670568,,,
T3,1.2,100.0,0.002154434690031882,1e-06,-235.7142746172376,,,
T3,1.2,100.0,0.002154434690031882,1e-05,-72.2854595932873,,,
T3,1.2,100.0,0.002154434690031882,0.0001,-18.20882410335658,,,
T3,1.2,100.0,0.002154434690031882,0.001,-4.4036727508565665,,,
T3,1.2,100.0,0.002154434690031882,0.01,-1.4127166014611257,,,
T3,1.2,100.0,0.002154434690031882,0.1,-1.1645711246108692,,,
T3,1.2,100.0,0.002154434690031882,1.0,-1.6179042691858914,,,
T3,1.2,100.0,0.002154434690031882,10.0,-2.2497977485161185,,,
T3,1.2,100.0,0.01,1e-10,-41652.31591992781,,,
T3,1.2,100.0,0.01,1e-09,-10716.402863381598,,,
T3,1.2,100.0,0.01,1e-08,-2707.5834649824938,,,
T3,1.2,100.0,0.01,1e-07,-688.5012478359396,,,
T3,1.2,100.0,0.01,1e-06,-192.27025641440443,,,
T3,1.2,100.0,0.01,1e-05,-64.29897646829046,,,
T3,1.2,100.0,0.01,0.0001,-17.90847217560629,,,
T3,1.2,100.0,0.01,0.001,-4.413883291743565,,,
T3,1.2,100.0,0.01,0.01,-1.4305631980954971,,,
T3,1.2,100.0,0.01,0.1,-1.176882361843877,,,
T3,1.2,100.0,0.01,1.0,-1.621065558530939,,,
T3,1.2,100.0,0.01,10.0,-2.2501793645462547,,,
T3,1.2,100.0,0.046415888336127774,1e-10,-40846.94823599895,,,
T3,1.2,100.0,0.046415888336127774,1e-09,-10568.348613081853,,,
T3,1.2,100.0,0.046415888336127774,1e-08,-2697.8112224764564,,,
T3,1.2,100.0,0.046415888336127774,1e-07,-679.4567195494487,,,
T3,1.2,100.0,0.046415888336127774,1e-06,-174.35326050910248,,,
T3,1.2,100.0,0.046415888336127774,1e-05,-51.78525178183902,,,
T3,1.2,100.0,0.046415888336127774,0.0001,-16.713412640149947,,,
T3,1.2,100.0,0.046415888336127774,0.001,-4.3928246444885435,,,
T3,1.2,100.0,0.046415888336127774,0.01,-1.4482910112644176,,,
T3,1.2,100.0,0.046415888336127774,0.1,-1.1938765091621018,,,
T3,1.2,100.0,0.046415888336127774,1.0,-1.6299583892867318,,,
T3,1.2,100.0,0.046415888336127774,10.0,-2.2518123902725007,,,
T3,1.2,100.0,0.21544346900318823,1e-10,-39811.69749808774,,,
T3,1.2,100.0,0.21544346900318823,1e-09,-10352.70274343176,,,
T3,1.2,100.0,0.21544346900318823,1e-08,-2674.3477376742076,,,
T3,1.2,100.0,0.21544346900318823,1e-07,-676.7846714087152,,,
T3,1.2,100.0,0.21544346900318823,1e-06,-169.68634360272847,,,
T3,1.2,100.0,0.21544346900318823,1e-05,-44.13813607973935,,,
T3,1.2,100.0,0.21544346900318823,0.0001,-13.875605136256613,,,
T3,1.2,100.0,0.21544346900318823,0.001,-4.2427341138230235,,,
T3,1.2,100.0,0.21544346900318823,0.01,-1.461841840152066,,,
T3,1.2,100.0,0.21544346900318823,0.1,-1.212324951390062,,,
T3,1.2,100.0,0.21544346900318823,1.0,-1.6451062556556018,,,
T3,1.2,100.0,0.21544346900318823,10.0,-2.257437952301885,,,
T3,1.2,100.0,1.0,1e-10,-36531.58817835072,,,
T3,1.2,100.0,1.0,1e-09,-10153.933269411164,,,
T3,1.2,100.0,1.0,1e-08,-2624.6393818448773,,,
T3,1.2,100.0,1.0,1e-07,-673.3075892390959,,,
T3,1.2,100.0,1.0,1e-06,-168.57934125643754,,,
T3,1.2,100.0,1.0,1e-05,-41.782010866827626,,,
T3,1.2,100.0,1.0,0.0001,-11.102614256536977,,,
T3,1.2,100.0,1.0,0.001,-3.7252490694501064,,,
T3,1.2,100.0,1.0,0.01,-1.4562563729821707,,,
T3,1.2,100.0,1.0,0.1,-1.230359512401876,,,
T3,1.2,100.0,1.0,1.0,-1.6631618123316034,,,
T3,1.2,100.0,1.0,10.0,-2.2697663477234262,,,
T3,1.2,100.0,4.641588833612772,1e-10,-27706.80630307009,,,
T3,1.2,100.0,4.641588833612772,1e-09,-9709.19414870169,,,
T3,1.2,100.0,4.641588833612772,1e-08,-2573.8673954029587,,,
T3,1.2,100.0,4.641588833612772,1e-07,-664.0018143160466,,,
T3,1.2,100.0,4.641588833612772,1e-06,-167.998114464795,,,
T3,1.2,100.0,4.641588833612772,1e-05,-41.24307040666552,,,
T3,1.2,100.0,4.641588833612772,0.0001,-9.976528509611601,,,
T3,1.2,100.0,4.641588833612772,0.001,-2.8983517164213817,,,
T3,1.2,100.0,4.641588833612772,0.01,-1.3807254726583373,,,
T3,1.2,100.0,4.641588833612772,0.1,-1.2447928883875368,,,
T3,1.2,100.0,4.641588833612772,1.0,-1.681807008341637,,,
T3,1.2,100.0,4.641588833612772,10.0,-2.286788915314054,,,
T3,1.2,100.0,21.54434690031882,1e-10,-16275.471624367428,,,
T3,1.2,100.0,21.54434690031882,1e-09,-8262.827450554982,,,
T3,1.2,100.0,21.54434690031882,1e-08,-2508.593758981817,,,
T3,1.2,100.0,21.54434690031882,1e-07,-650.4353048489495,,,
T3,1.2,100.0,21.54434690031882,1e-06,-166.55316302967807,,,
T3,1.2,100.0,21.54434690031882,1e-05,-41.10941639496235,,,
T3,1.2,100.0,21.54434690031882,0.0001,-9.709314617341903,,,
T3,1.2,100.0,21.54434690031882,0.001,-2.401112647952731,,,
T3,1.2,100.0,21.54434690031882,0.01,-1.1729124336469645,,,
T3,1.2,100.0,21.54434690031882,0.1,-1.2439094531052057,,,
T3,1.2,100.0,21.54434690031882,1.0,-1.699559771720524,,,
T3,1.2,100.0,21.54434690031882,10.0,-2.305345595356919,,,
T3,1.2,100.0,100.0,1e-10,-9466.563976444735,,,
T3,1.2,100.0,100.0,1e-09,-5455.976325912063,,,
T3,1.2,100.0,100.0,1e-08,-2301.656892046317,,,
T3,1.2,100.0,100.0,1e-07,-637.9392107183515,,,
T3,1.2,100.0,100.0,1e-06,-163.45388471972586,,,
T3,1.2,100.0,100.0,1e-05,-40.925499385773165,,,
T3,1.2,100.0,100.0,0.0001,-9.673392417936958,,,
T3,1.2,100.0,100.0,0.001,-2.271166706847535,,,
T3,1.2,100.0,100.0,0.01,-0.9660898936493038,,,
T3,1.2,100.0,100.0,0.1,-1.1976863282200911,,,
T3,1.2,100.0,100.0,1.0,-1.7125728108718294,,,
T3,1.2,100.0,100.0,10.0,-2.323873818665093,,,
T3,1.2,100.0,464.1588833612773,1e-10,-6982.648822171845,,,
T3,1.2,100.0,464.1588833612773,1e-09,-3051.153726652098,,,
T3,1.2,100.0,464.1588833612773,1e-08,-1744.831875444445,,,
T3,1.2,100.0,464.1588833612773,1e-07,-609.9184818718453,,,
T3,1.2,100.0,464.1588833612773,1e-06,-160.2935517993605,,,
T3,1.2,100.0,464.1588833612773,1e-05,-40.37416015554214,,,
T3,1.2,100.0,464.1588833612773,0.0001,-9.672079349199592,,,
T3,1.2,100.0,464.1588833612773,0.001,-2.268892552606755,,,
T3,1.2,100.0,464.1588833612773,0.01,-0.8994389551261575,,,
T3,1.2,100.0,464.1588833612773,0.1,-1.108177929157692,,,
T3,1.2,100.0,464.1588833612773,1.0,-1.7076793920170974,,,
T3,1.2,100.0,464.1588833612773,10.0,-2.3405465899241706,,,
T3,1.2,100.0,2154.4346900318824,1e-10,-6203.73536264804,,,
T3,1.2,100.0,2154.4346900318824,1e-09,-1974.19013598883,,,
T3,1.2,100.0,2154.4346900318824,1e-08,-1023.4566868466242,,,
T3,1.2,100.0,2154.4346900318824,1e-07,-518.665666186161,,,
T3,1.2,100.0,2154.4346900318824,1e-06,-156.22002493344166,,,
T3,1.2,100.0,2154.4346900318824,1e-05,-39.55797520698269,,,
T3,1.2,100.0,2154.4346900318824,0.0001,-9.616403102705803,,,
T3,1.2,100.0,2154.4346900318824,0.001,-2.295400358311718,,,
T3,1.2,100.0,2154.4346900318824,0.01,-0.9098275554474069,,,
T3,1.2,100.0,2154.4346900318824,0.1,-1.0620655780941164,,,
T3,1.2,100.0,2154.4346900318824,1.0,-1.6658077853585531,,,
T3,1.2,100.0,2154.4346900318824,10.0,-2.349077485909682,,,
T3,1.2,100.0,10000.0,1e-10,-5802.77852676615,,,
T3,1.2,100.0,10000.0,1e-09,-1624.608293362296,,,
T3,1.2,100.0,10000.0,1e-08,-593.7839853286897,,,
T3,1.2,100.0,10000.0,1e-07,-341.50243593660264,,,
T3,1.2,100.0,10000.0,1e-06,-143.19214148074724,,,
T3,1.2,100.0,10000.0,1e-05,-38.81498372301558,,,
T3,1.2,100.0,10000.0,0.0001,-9.457964031655269,,,
T3,1.2,100.0,10000.0,0.001,-2.3192681339822845,,,
T3,1.2,100.0,10000.0,0.01,-0.9414859470608835,,,
T3,1.2,100.0,10000.0,0.1,-1.0725820532180683,,,
T3,1.2,100.0,10000.0,1.0,-1.6208995214776114,,,
T3,1.2,100.0,10000.0,10.0,-2.3325889779523523,,,
T3,1.5,0.001,0.0001,1e-10,-119.95220537725213,,,
T3,1.5,0.001,0.0001,1e-09,-119.9513845838741,,,
T3,1.5,0.001,0.0001,1e-08,-119.94317736229382,,,
T3,1.5,0.001,0.0001,1e-07,-119.86117630124836,,,
T3,1.5,0.001,0.0001,1e-06,-119.04821657206557,,,
T3,1.5,0.001,0.0001,1e-05,-111.56464417790593,,,
T3,1.5,0.001,0.0001,0.0001,-70.71324354223495,,,
T3,1.5,0.001,0.0001,0.001,-18.966226764709063,,,
T3,1.5,0.001,0.0001,0.01,-3.4152149164307013,,,
T3,1.5,0.001,0.0001,0.1,-1.1289935249488345,,,
T3,1.5,0.001,0.0001,1.0,-1.4281113352577335,,,
T3,1.5,0.001,0.0001,10.0,-2.1911686250760294,,,
T3,1.5,0.001,0.00046415888336127773,1e-10,-37.03921603923561,,,
T3,1.5,0.001,0.00046415888336127773,1e-09,-37.039160615995776,,,
T3,1.5,0.001,0.00046415888336127773,1e-08,-37.03860639399879,,,
T3,1.5,0.001,0.00046415888336127773,1e-07,-37.03306521397076,,,
T3,1.5,0.001,0.00046415888336127773,1e-06,-36.977757202696715,,,
T3,1.5,0.001,0.00046415888336127773,1e-05,-36.43485488146098,,,
T3,1.5,0.001,0.00046415888336127773,0.0001,-31.856249603846727,,,
T3,1.5,0.001,0.00046415888336127773,0.001,-15.171230146813073,,,
T3,1.5,0.001,0.00046415888336127773,0.01,-3.3280276948116225,,,
T3,1.5,0.001,0.00046415888336127773,0.1,-1.1284892071386063,,,
T3,1.5,0.001,0.00046415888336127773,1.0,-1.4282145248832487,,,
T3,1.5,0.001,0.00046415888336127773,10.0,-2.191181687659358,,,
T3,1.5,0.001,0.002154434690031882,1e-10,-11.213416443226693,,,
T3,1.5,0.001,0.002154434690031882,1e-09,-11.213412774394515,,,
T3,1.5,0.001,0.002154434690031882,1e-08,-11.213376086222908,,,
T3,1.5,0.001,0.002154434690031882,1e-07,-11.213009219527653,,,
T3,1.5,0.001,0.002154434690031882,1e-06,-11.209342054011747,,,
T3,1.5,0.001,0.002154434690031882,1e-05,-11.17281990295626,,,
T3,1.5,0.001,0.002154434690031882,0.0001,-10.821935981146343,,,
T3,1.5,0.001,0.002154434690031882,0.001,-8.319669462827001,,,
T3,1.5,0.001,0.002154434690031882,0.01,-2.9877430887276875,,,
T3,1.5,0.001,0.002154434690031882,0.1,-1.126237074169817,,,
T3,1.5,0.001,0.002154434690031882,1.0,-1.4286931163279277,,,
T3,1.5,0.001,0.002154434690031882,10.0,-2.1912423127850875,,,
T3,1.5,0.001,0.01,1e-10,-3.4401910335968666,,,
T3,1.5,0.001,0.01,1e-09,-3.4401908067194618,,,
T3,1.5,0.001,0.01,1e-08,-3.440188537947509,,,
T3,1.5,0.001,0.01,1e-07,-3.440165850437034,,,
T3,1.5,0.001,0.01,1e-06,-3.4399389962363403,,,
T3,1.5,0.001,0.01,1e-05,-3.437672542680508,,,
T3,1.5,0.001,0.01,0.0001,-3.4152149164307004,,,
T3,1.5,0.001,0.01,0.001,-3.209561278496546,,,
T3,1.5,0.001,0.01,0.01,-2.13482596289253,,,
T3,1.5,0.001,0.01,0.1,-1.1175063205915277,,,
T3,1.5,0.001,0.01,1.0,-1.4309065565363732,,,
T3,1.5,0.001,0.01,10.0,-2.1915235801812187,,,
T3,1.5,0.001,0.046415888336127774,1e-10,-1.3756921689130979,,,
T3,1.5,0.001,0.046415888336127774,1e-09,-1.375692158427975,,,
T3,1.5,0.001,0.046415888336127774,1e-08,-1.3756920535767747,,,
T3,1.5,0.001,0.046415888336127774,1e-07,-1.3756910050673086,,,
T3,1.5,0.001,0.046415888336127774,1e-06,-1.3756805202264821,,,
T3,1.5,0.001,0.046415888336127774,1e-05,-1.3755756971961217,,,
T3,1.5,0.001,0.046415888336127774,0.0001,-1.3745299992702793,,,
T3,1.5,0.001,0.046415888336127774,0.001,-1.364320956599588,,,
T3,1.5,0.001,0.046415888336127774,0.01,-1.282644354410992,,,
T3,1.5,0.001,0.046415888336127774,0.1,-1.1013458281062338,,,
T3,1.5,0.001,0.046415888336127774,1.0,-1.441012126358041,,,
T3,1.5,0.001,0.046415888336127774,10.0,-2.1928263258227885,,,
T3,1.5,0.001,0.21544346900318823,1e-10,-1.1164512368344763,,,
T3,1.5,0.001,0.21544346900318823,1e-09,-1.1164512371912871,,,
T3,1.5,0.001,0.21544346900318823,1e-08,-1.1164512407593963,,,
T3,1.5,0.001,0.21544346900318823,1e-07,-1.1164512764404975,,,
T3,1.5,0.001,0.21544346900318823,1e-06,-1.1164516332527765,,,
T3,1.5,0.001,0.21544346900318823,1e-05,-1.116455201502032,,,
T3,1.5,0.001,0.21544346900318823,0.0001,-1.11649089663181,,,
T3,1.5,0.001,0.21544346900318823,0.001,-1.1168491021601104,,,
T3,1.5,0.001,0.21544346900318823,0.01,-1.120547574222329,,,
T3,1.5,0.001,0.21544346900318823,0.1,-1.1634018250976532,,,
T3,1.5,0.001,0.21544346900318823,1.0,-1.4846275015550932,,,
T3,1.5,0.001,0.21544346900318823,10.0,-2.1988140126833216,,,
T3,1.5,0.001,1.0,1e-10,-1.428082993874098,,,
T3,1.5,0.001,1.0,1e-09,-1.4280829941291802,,,
T3,1.5,0.001,1.0,1e-08,-1.4280829966800037,,,
T3,1.5,0.001,1.0,1e-07,-1.4280830221882401,,,
T3,1.5,0.001,1.0,1e-06,-1.4280832772705045,,,
T3,1.5,0.001,1.0,1e-05,-1.4280858280835826,,,
T3,1.5,0.001,1.0,0.0001,-1.4281113352577335,,,
T3,1.5,0.001,1.0,0.001,-1.4283663113819693,,,
T3,1.5,0.001,1.0,0.01,-1.4309065565363732,,,
T3,1.5,0.001,1.0,0.1,-1.4554009175555407,,,
T3,1.5,0.001,1.0,1.0,-1.6385142033279443,,,
T3,1.5,0.001,1.0,10.0,-2.2254084406052383,,,
T3,1.5,0.001,4.641588833612772,1e-10,-1.9202405464485424,,,
T3,1.5,0.001,4.641588833612772,1e-09,-1.9202405465156396,,,
T3,1.5,0.001,4.641588833612772,1e-08,-1.9202405471866109,,,
T3,1.5,0.001,4.641588833612772,1e-07,-1.920240553896323,,,
T3,1.5,0.001,4.641588833612772,1e-06,-1.9202406209934388,,,
T3,1.5,0.001,4.641588833612772,1e-05,-1.920241291963924,,,
T3,1.5,0.001,4.641588833612772,0.0001,-1.9202480016017165,,,
T3,1.5,0.001,4.641588833612772,0.001,-1.9203150912742206,,,
T3,1.5,0.001,4.641588833612772,0.01,-1.9209853183612793,,,
T3,1.5,0.001,4.641588833612772,0.1,-1.927621516235868,,,
T3,1.5,0.001,4.641588833612772,1.0,-1.988150284943964,,,
T3,1.5,0.001,4.641588833612772,10.0,-2.328745238728179,,,
T3,1.5,0.001,21.54434690031882,1e-10,-2.469485368064067,,,
T3,1.5,0.001,21.54434690031882,1e-09,-2.46948536807935,,,
T3,1.5,0.001,21.54434690031882,1e-08,-2.4694853682321787,,,
T3,1.5,0.001,21.54434690031882,1e-07,-2.4694853697604597,,,
T3,1.5,0.001,21.54434690031882,1e-06,-2.469485385043273,,,
T3,1.5,0.001,21.54434690031882,1e-05,-2.4694855378713703,,,
T3,1.5,0.001,21.54434690031882,0.0001,-2.469487066148898,,,
T3,1.5,0.001,21.54434690031882,0.001,-2.46950234857965,,,
T3,1.5,0.001,21.54434690031882,0.01,-2.469655138444417,,,
T3,1.5,0.001,21.54434690031882,0.1,-2.471179603249987,,,
T3,1.5,0.001,21.54434690031882,1.0,-2.486090955140806,,,
T3,1.5,0.001,21.54434690031882,10.0,-2.6094289915266904,,,
T3,1.5,0.001,100.0,1e-10,-3.036782769253407,,,
T3,1.5,0.001,100.0,1e-09,-3.0367827692567553,,,
T3,1.5,0.001,100.0,1e-08,-3.0367827692902445,,,
T3,1.5,0.001,100.0,1e-07,-3.0367827696251384,,,
T3,1.5,0.001,100.0,1e-06,-3.036782772974075,,,
T3,1.5,0.001,100.0,1e-05,-3.036782806463446,,,
T3,1.5,0.001,100.0,0.0001,-3.0367831413569886,,,
T3,1.5,0.001,100.0,0.001,-3.0367864902759343,,,
T3,1.5,0.001,100.0,0.01,-3.0368199778174647,,,
T3,1.5,0.001,100.0,0.1,-3.0371546885491907,,,
T3,1.5,0.001,100.0,1.0,-3.040485435806527,,,
T3,1.5,0.001,100.0,10.0,-3.0722577155819204,,,
T3,1.5,0.001,464.1588833612773,1e-10,-3.60978889733965,,,
T3,1.5,0.001,464.1588833612773,1e-09,-3.6097888973403753,,,
T3,1.5,0.001,464.1588833612773,1e-08,-3.6097888973476286,,,
T3,1.5,0.001,464.1588833612773,1e-07,-3.609788897420164,,,
T3,1.5,0.001,464.1588833612773,1e-06,-3.609788898145509,,,
T3,1.5,0.001,464.1588833612773,1e-05,-3.6097889053989696,,,
T3,1.5,0.001,464.1588833612773,0.0001,-3.609788977933568,,,
T3,1.5,0.001,464.1588833612773,0.001,-3.6097897032787842,,,
T3,1.5,0.001,464.1588833612773,0.01,-3.609796956653734,,,
T3,1.5,0.001,464.1588833612773,0.1,-3.609869482683235,,,
T3,1.5,0.001,464.1588833612773,1.0,-3.6105939720836417,,,
T3,1.5,0.001,464.1588833612773,10.0,-3.617762863236796,,,
T3,1.5,0.001,2154.4346900318824,1e-10,-4.184600283381567,,,
T3,1.5,0.001,2154.4346900318824,1e-09,-4.184600283381722,,,
T3,1.5,0.001,2154.4346900318824,1e-08,-4.184600283383288,,,
T3,1.5,0.001,2154.4346900318824,1e-07,-4.184600283398941,,,
T3,1.5,0.001,2154.4346900318824,1e-06,-4.184600283555474,,,
T3,1.5,0.001,2154.4346900318824,1e-05,-4.1846002851208,,,
T3,1.5,0.001,2154.4346900318824,0.0001,-4.184600300774065,,,
T3,1.5,0.001,2154.4346900318824,0.001,-4.184600457306676,,,
T3,1.5,0.001,2154.4346900318824,0.01,-4.184602022629188,,,
T3,1.5,0.001,2154.4346900318824,0.1,-4.184617675494884,,,
T3,1.5,0.001,2154.4346900318824,1.0,-4.184774168220293,,,
T3,1.5,0.001,2154.4346900318824,10.0,-4.186335513382417,,,
T3,1.5,0.001,10000.0,1e-10,-4.759982542113867,,,
T3,1.5,0.001,10000.0,1e-09,-4.759982542113901,,,
T3,1.5,0.001,10000.0,1e-08,-4.759982542114239,,,
T3,1.5,0.001,10000.0,1e-07,-4.759982542117612,,,
T3,1.5,0.001,10000.0,1e-06,-4.759982542151354,,,
T3,1.5,0.001,10000.0,1e-05,-4.759982542488771,,,
T3,1.5,0.001,10000.0,0.0001,-4.759982545862947,,,
T3,1.5,0.001,10000.0,0.001,-4.759982579604705,,,
T3,1.5,0.001,10000.0,0.01,-4.759982917022099,,,
T3,1.5,0.001,10000.0,0.1,-4.759986291179369,,,
T3,1.5,0.001,10000.0,1.0,-4.760020031082275,,,
T3,1.5,0.001,10000.0,10.0,-4.76035726324368,,,
T3,1.5,0.002848035868435802,0.0001,1e-10,-119.9521550872438,,,
T3,1.5,0.002848035868435802,0.0001,1e-09,-119.95133429465741,,,
T3,1.5,0.002848035868435802,0.0001,1e-08,-119.94312708099203,,,
T3,1.5,0.002848035868435802,0.0001,1e-07,-119.8611260989876,,,
T3,1.5,0.002848035868435802,0.0001,1e-06,-119.04816714958955,,,
T3,1.5,0.002848035868435802,0.0001,1e-05,-111.56460160932701,,,
T3,1.5,0.002848035868435802,0.0001,0.0001,-70.71322857700076,,,
T3,1.5,0.002848035868435802,0.0001,0.001,-18.96622600259668,,,
T3,1.5,0.002848035868435802,0.0001,0.01,-3.4152149001446617,,,
T3,1.5,0.002848035868435802,0.0001,0.1,-1.128993524598427,,,
T3,1.5,0.002848035868435802,0.0001,1.0,-1.4281113352458574,,,
T3,1.5,0.002848035868435802,0.0001,10.0,-2.191168625075254,,,
T3,1.5,0.002848035868435802,0.00046415888336127773,1e-10,-37.039200089242605,,,
T3,1.5,0.002848035868435802,0.00046415888336127773,1e-09,-37.03914466605678,,,
T3,1.5,0.002848035868435802,0.00046415888336127773,1e-08,-37.0385904446,,,
T3,1.5,0.002848035868435802,0.00046415888336127773,1e-07,-37.03304926997244,,,
T3,1.5,0.002848035868435802,0.00046415888336127773,1e-06,-36.977741312545334,,,
T3,1.5,0.002848035868435802,0.00046415888336127773,1e-05,-36.43483951440756,,,
T3,1.5,0.002848035868435802,0.00046415888336127773,0.0001,-31.856238259776752,,,
T3,1.5,0.002848035868435802,0.00046415888336127773,0.001,-15.171227998031933,,,
T3,1.5,0.002848035868435802,0.00046415888336127773,0.01,-3.3280276236822486,,,
T3,1.5,0.002848035868435802,0.00046415888336127773,0.1,-1.128489205521603,,,
T3,1.5,0.002848035868435802,0.00046415888336127773,1.0,-1.4282145248281524,,,
T3,1.5,0.002848035868435802,0.00046415888336127773,10.0,-2.1911816876557624,,,
T3,1.5,0.002848035868435802,0.002154434690031882,1e-10,-11.213411352520302,,,
T3,1.5,0.002848035868435802,0.002154434690031882,1e-09,-11.213407683691818,,,
T3,1.5,0.002848035868435802,0.002154434690031882,1e-08,-11.213370995557217,,,
T3,1.5,0.002848035868435802,0.002154434690031882,1e-07,-11.213004129231942,,,
T3,1.5,0.002848035868435802,0.002154434690031882,1e-06,-11.20933696741353,,,
T3,1.5,0.002848035868435802,0.002154434690031882,1e-05,-11.172814853101173,,,
T3,1.5,0.002848035868435802,0.002154434690031882,0.0001,-10.821931276814938,,,
T3,1.5,0.002848035868435802,0.002154434690031882,0.001,-8.319666839028343,,,
T3,1.5,0.002848035868435802,0.002154434690031882,0.01,-2.9877428333908993,,,
T3,1.5,0.002848035868435802,0.002154434690031882,0.1,-1.12623706686235,,,
T3,1.5,0.002848035868435802,0.002154434690031882,1.0,-1.4286931160727612,,,
T3,1.5,0.002848035868435802,0.002154434690031882,10.0,-2.1912423127683978,,,
T3,1.5,0.002848035868435802,0.01,1e-10,-3.4401893768998137,,,
T3,1.5,0.002848035868435802,0.01,1e-09,-3.4401891500226647,,,
T3,1.5,0.002848035868435802,0.01,1e-08,-3.4401868812532745,,,
T3,1.5,0.002848035868435802,0.01,1e-07,-3.440164193768429,,,
T3,1.5,0.002848035868435802,0.01,1e-06,-3.439937339824,,,
T3,1.5,0.002848035868435802,0.01,1e-05,-3.437670888827346,,,
T3,1.5,0.002848035868435802,0.01,0.0001,-3.415213287827453,,,
T3,1.5,0.002848035868435802,0.01,0.001,-3.209559872010247,,,
T3,1.5,0.002848035868435802,0.01,0.01,-2.134825456457976,,,
T3,1.5,0.002848035868435802,0.01,0.1,-1.1175062904564559,,,
T3,1.5,0.002848035868435802,0.01,1.0,-1.4309065553640903,,,
T3,1.5,0.002848035868435802,0.01,10.0,-2.1915235801038198,,,
T3,1.5,0.002848035868435802,0.046415888336127774,1e-10,-1.3756915981452402,,,
T3,1.5,0.002848035868435802,0.046415888336127774,1e-09,-1.3756915876601359,,,
T3,1.5,0.002848035868435802,0.046415888336127774,1e-08,-1.3756914828091193,,,
T3,1.5,0.002848035868435802,0.046415888336127774,1e-07,-1.3756904343014904,,,
T3,1.5,0.002848035868435802,0.046415888336127774,1e-06,-1.375679949479034,,,
T3,1.5,0.002848035868435802,0.046415888336127774,1e-05,-1.3755751266323206,,,
T3,1.5,0.002848035868435802,0.046415888336127774,0.0001,-1.3745294305376823,,,
T3,1.5,0.002848035868435802,0.046415888336127774,0.001,-1.3643204056661369,,,
T3,1.5,0.002848035868435802,0.046415888336127774,0.01,-1.2826439410624053,,,
T3,1.5,0.002848035868435802,0.046415888336127774,0.1,-1.1013457391109622,,,
T3,1.5,0.002848035868435802,0.046415888336127774,1.0,-1.4410121211641105,,,
T3,1.5,0.002848035868435802,0.046415888336127774,10.0,-2.192826325464948,,,
T3,1.5,0.002848035868435802,0.21544346900318823,1e-10,-1.1164510094675892,,,
T3,1.5,0.002848035868435802,0.21544346900318823,1e-09,-1.1164510098244016,,,
T3,1.5,0.002848035868435802,0.21544346900318823,1e-08,-1.116451013392525,,,
T3,1.5,0.002848035868435802,0.21544346900318823,1e-07,-1.116451049073771,,,
T3,1.5,0.002848035868435802,0.21544346900318823,1e-06,-1.116451405887497,,,
T3,1.5,0.002848035868435802,0.21544346900318823,1e-05,-1.1164549741512253,,,
T3,1.5,0.002848035868435802,0.21544346900318823,0.0001,-1.1164906694256462,,,
T3,1.5,0.002848035868435802,0.21544346900318823,0.001,-1.116848876391774,,,
T3,1.5,0.002848035868435802,0.21544346900318823,0.01,-1.120547362018328,,,
T3,1.5,0.002848035868435802,0.21544346900318823,0.1,-1.1634016967861043,,,
T3,1.5,0.002848035868435802,0.21544346900318823,1.0,-1.4846274817136327,,,
T3,1.5,0.002848035868435802,0.21544346900318823,10.0,-2.19881401105219,,,
T3,1.5,0.002848035868435802,1.0,1e-10,-1.4280828751001327,,,
T3,1.5,0.002848035868435802,1.0,1e-09,-1.4280828753552153,,,
T3,1.5,0.002848035868435802,1.0,1e-08,-1.4280828779060402,,,
T3,1.5,0.002848035868435802,1.0,1e-07,-1.4280829034142903,,,
T3,1.5,0.002848035868435802,1.0,1e-06,-1.4280831584966955,,,
T3,1.5,0.002848035868435802,1.0,1e-05,-1.428085709311182,,,
T3,1.5,0.002848035868435802,1.0,0.0001,-1.4281112164994103,,,
T3,1.5,0.002848035868435802,1.0,0.001,-1.428366192764255,,,
T3,1.5,0.002848035868435802,1.0,0.01,-1.4309064393080866,,,
T3,1.5,0.002848035868435802,1.0,0.1,-1.4554008127289007,,,
T3,1.5,0.002848035868435802,1.0,1.0,-1.6385141541207804,,,
T3,1.5,0.002848035868435802,1.0,10.0,-2.2254084336173214,,,
T3,1.5,0.002848035868435802,4.641588833612772,1e-10,-1.920240462014674,,,
T3,1.5,0.002848035868435802,4.641588833612772,1e-09,-1.9202404620817712,,,
T3,1.5,0.002848035868435802,4.641588833612772,1e-08,-1.920240462752743,,,
T3,1.5,0.002848035868435802,4.641588833612772,1e-07,-1.9202404694624573,,,
T3,1.5,0.002848035868435802,4.641588833612772,1e-06,-1.9202405365595911,,,
T3,1.5,0.002848035868435802,4.641588833612772,1e-05,-1.9202412075302635,,,
T3,1.5,0.002848035868435802,4.641588833612772,0.0001,-1.9202479171699245,,,
T3,1.5,0.002848035868435802,4.641588833612772,0.001,-1.9203150068611048,,,
T3,1.5,0.002848035868435802,4.641588833612772,0.01,-1.9209852341344855,,,
T3,1.5,0.002848035868435802,4.641588833612772,0.1,-1.9276214338292696,,,
T3,1.5,0.002848035868435802,4.641588833612772,1.0,-1.9881502172551386,,,
T3,1.5,0.002848035868435802,4.641588833612772,10.0,-2.328745214869056,,,
T3,1.5,0.002848035868435802,21.54434690031882,1e-10,-2.469485294489492,,,
T3,1.5,0.002848035868435802,21.54434690031882,1e-09,-2.469485294504774,,,
T3,1.5,0.002848035868435802,21.54434690031882,1e-08,-2.469485294657603,,,
T3,1.5,0.002848035868435802,21.54434690031882,1e-07,-2.4694852961858844,,,
T3,1.5,0.002848035868435802,21.54434690031882,1e-06,-2.4694853114687003,,,
T3,1.5,0.002848035868435802,21.54434690031882,1e-05,-2.46948546429683,,,
T3,1.5,0.002848035868435802,21.54434690031882,0.0001,-2.4694869925746814,,,
T3,1.5,0.002848035868435802,21.54434690031882,0.001,-2.469502275008664,,,
T3,1.5,0.002848035868435802,21.54434690031882,0.01,-2.4696550649057225,,,
T3,1.5,0.002848035868435802,21.54434690031882,0.1,-2.4711795300326687,,,
T3,1.5,0.002848035868435802,21.54434690031882,1.0,-2.4860908849903467,,,
T3,1.5,0.002848035868435802,21.54434690031882,10.0,-2.6094289421293726,,,
T3,1.5,0.002848035868435802,100.0,1e-10,-3.03678269911284,,,
T3,1.5,0.002848035868435802,100.0,1e-09,-3.036782699116189,,,
T3,1.5,0.002848035868435802,100.0,1e-08,-3.036782699149678,,,
T3,1.5,0.002848035868435802,100.0,1e-07,-3.036782699484572,,,
T3,1.5,0.002848035868435802,100.0,1e-06,-3.03678270283351,,,
T3,1.5,0.002848035868435802,100.0,1e-05,-3.0367827363228868,,,
T3,1.5,0.002848035868435802,100.0,0.0001,-3.036783071216494,,,
T3,1.5,0.002848035868435802,100.0,0.001,-3.0367864201360812,,,
T3,1.5,0.002848035868435802,100.0,0.01,-3.0368199076840314,,,
T3,1.5,0.002848035868435802,100.0,0.1,-3.037154618479884,,,
T3,1.5,0.002848035868435802,100.0,1.0,-3.0404853663721134,,,
T3,1.5,0.002848035868435802,100.0,10.0,-3.0722576519173725,,,
T3,1.5,0.002848035868435802,464.1588833612773,1e-10,-3.6097888282850135,,,
T3,1.5,0.002848035868435802,464.1588833612773,1e-09,-3.609788828285738,,,
T3,1.5,0.002848035868435802,464.1588833612773,1e-08,-3.6097888282929906,,,
T3,1.5,0.002848035868435802,464.1588833612773,1e-07,-3.6097888283655264,,,
T3,1.5,0.002848035868435802,464.1588833612773,1e-06,-3.609788829090872,,,
T3,1.5,0.002848035868435802,464.1588833612773,1e-05,-3.6097888363443347,,,
T3,1.5,0.002848035868435802,464.1588833612773,0.0001,-3.6097889088789463,,,
T3,1.5,0.002848035868435802,464.1588833612773,0.001,-3.6097896342242968,,,
T3,1.5,0.002848035868435802,464.1588833612773,0.01,-3.6097968876005924,,,
T3,1.5,0.002848035868435802,464.1588833612773,0.1,-3.6098694136435534,,,
T3,1.5,0.002848035868435802,464.1588833612773,1.0,-3.610593903178266,,,
T3,1.5,0.002848035868435802,464.1588833612773,10.0,-3.6177627956463168,,,
T3,1.5,0.002848035868435802,2154.4346900318824,1e-10,-4.184600214670331,,,
T3,1.5,0.002848035868435802,2154.4346900318824,1e-09,-4.184600214670487,,,
T3,1.5,0.002848035868435802,2154.4346900318824,1e-08,-4.184600214672053,,,
T3,1.5,0.002848035868435802,2154.4346900318824,1e-07,-4.184600214687705,,,
T3,1.5,0.002848035868435802,2154.4346900318824,1e-06,-4.184600214844239,,,
T3,1.5,0.002848035868435802,2154.4346900318824,1e-05,-4.184600216409565,,,
T3,1.5,0.002848035868435802,2154.4346900318824,0.0001,-4.184600232062833,,,
T3,1.5,0.002848035868435802,2154.4346900318824,0.001,-4.184600388595472,,,
T3,1.5,0.002848035868435802,2154.4346900318824,0.01,-4.184601953918271,,,
T3,1.5,0.002848035868435802,2154.4346900318824,0.1,-4.184617606786842,,,
T3,1.5,0.002848035868435802,2154.4346900318824,1.0,-4.1847740995409906,,,
T3,1.5,0.002848035868435802,2154.4346900318824,10.0,-4.186335444989185,,,
T3,1.5,0.002848035868435802,10000.0,1e-10,-4.759982473511224,,,
T3,1.5,0.002848035868435802,10000.0,1e-09,-4.759982473511257,,,
T3,1.5,0.002848035868435802,10000.0,1e-08,-4.759982473511594,,,
T3,1.5,0.002848035868435802,10000.0,1e-07,-4.7599824735149685,,,
T3,1.5,0.002848035868435802,10000.0,1e-06,-4.759982473548711,,,
T3,1.5,0.002848035868435802,10000.0,1e-05,-4.7599824738861285,,,
T3,1.5,0.002848035868435802,10000.0,0.0001,-4.759982477260304,,,
T3,1.5,0.002848035868435802,10000.0,0.001,-4.759982511002066,,,
T3,1.5,0.002848035868435802,10000.0,0.01,-4.759982848419526,,,
T3,1.5,0.002848035868435802,10000.0,0.1,-4.759986222577413,,,
T3,1.5,0.002848035868435802,10000.0,1.0,-4.760019962486495,,,
T3,1.5,0.002848035868435802,10000.0,10.0,-4.76035719470961,,,
T3,1.5,0.008111308307896872,0.0001,1e-10,-116.32503189061185,,,
T3,1.5,0.008111308307896872,0.0001,1e-09,-116.32426703934043,,,
T3,1.5,0.008111308307896872,0.0001,1e-08,-116.31661916422527,,,
T3,1.5,0.008111308307896872,0.0001,1e-07,-116.24020411691563,,,
T3,1.5,0.008111308307896872,0.0001,1e-06,-115.48236844727327,,,
T3,1.5,0.008111308307896872,0.0001,1e-05,-108.4844997118422,,,
T3,1.5,0.008111308307896872,0.0001,0.0001,-69.61448202598748,,,
T3,1.5,0.008111308307896872,0.0001,0.001,-18.909436715985173,,,
T3,1.5,0.008111308307896872,0.0001,0.01,-3.413997753788906,,,
T3,1.5,0.008111308307896872,0.0001,0.1,-1.1289673285089503,,,
T3,1.5,0.008111308307896872,0.0001,1.0,-1.428110447397789,,,
T3,1.5,0.008111308307896872,0.0001,10.0,-2.1911685671487104,,,
T3,1.5,0.008111308307896872,0.00046415888336127773,1e-10,-35.888622035733015,,,
T3,1.5,0.008111308307896872,0.00046415888336127773,1e-09,-35.88857043091905,,,
T3,1.5,0.008111308307896872,0.00046415888336127773,1e-08,-35.88805439208436,,,
T3,1.5,0.008111308307896872,0.00046415888336127773,1e-07,-35.882894934043584,,,
T3,1.5,0.008111308307896872,0.00046415888336127773,1e-06,-35.83139320790743,,,
T3,1.5,0.008111308307896872,0.00046415888336127773,1e-05,-35.32548838574225,,,
T3,1.5,0.008111308307896872,0.00046415888336127773,0.0001,-31.032772380026834,,,
T3,1.5,0.008111308307896872,0.00046415888336127773,0.001,-15.012399820118446,,,
T3,1.5,0.008111308307896872,0.00046415888336127773,0.01,-3.3227179849545387,,,
T3,1.5,0.008111308307896872,0.00046415888336127773,0.1,-1.1283683310153236,,,
T3,1.5,0.008111308307896872,0.00046415888336127773,1.0,-1.4282104057832172,,,
T3,1.5,0.008111308307896872,0.00046415888336127773,10.0,-2.191181418795058,,,
T3,1.5,0.008111308307896872,0.002154434690031882,1e-10,-10.845987073309567,,,
T3,1.5,0.008111308307896872,0.002154434690031882,1e-09,-10.845983666151911,,,
T3,1.5,0.008111308307896872,0.002154434690031882,1e-08,-10.845949594709392,,,
T3,1.5,0.008111308307896872,0.002154434690031882,1e-07,-10.845608893688262,,,
T3,1.5,0.008111308307896872,0.002154434690031882,1e-06,-10.842203223328132,,,
T3,1.5,0.008111308307896872,0.002154434690031882,1e-05,-10.808279956487926,,,
T3,1.5,0.008111308307896872,0.002154434690031882,0.0001,-10.481864667329049,,,
T3,1.5,0.008111308307896872,0.002154434690031882,0.001,-8.128163997467128,,,
T3,1.5,0.008111308307896872,0.002154434690031882,0.01,-2.96876768792583,,,
T3,1.5,0.008111308307896872,0.002154434690031882,0.1,-1.1256910450829392,,,
T3,1.5,0.008111308307896872,0.002154434690031882,1.0,-1.4286740397267754,,,
T3,1.5,0.008111308307896872,0.002154434690031882,10.0,-2.1912410650536778,,,
T3,1.5,0.008111308307896872,0.01,1e-10,-3.320420164096211,,,
T3,1.5,0.008111308307896872,0.01,1e-09,-3.3204199553755958,,,
T3,1.5,0.008111308307896872,0.01,1e-08,-3.320417868171277,,,
T3,1.5,0.008111308307896872,0.01,1e-07,-3.3203969963130944,,,
T3,1.5,0.008111308307896872,0.01,1e-06,-3.3201882962291065,,,
T3,1.5,0.008111308307896872,0.01,1e-05,-3.3181031435127792,,,
T3,1.5,0.008111308307896872,0.01,0.0001,-3.297434782699168,,,
T3,1.5,0.008111308307896872,0.01,0.001,-3.107559042834482,,,
T3,1.5,0.008111308307896872,0.01,0.01,-2.09757233502905,,,
T3,1.5,0.008111308307896872,0.01,0.1,-1.1152584191659352,,,
T3,1.5,0.008111308307896872,0.01,1.0,-1.4308189173215473,,,
T3,1.5,0.008111308307896872,0.01,10.0,-2.1915177935918377,,,
T3,1.5,0.008111308307896872,0.046415888336127774,1e-10,-1.334237800418475,,,
T3,1.5,0.008111308307896872,0.046415888336127774,1e-09,-1.3342377912412624,,,
T3,1.5,0.008111308307896872,0.046415888336127774,1e-08,-1.3342376994691596,,,
T3,1.5,0.008111308307896872,0.046415888336127774,1e-07,-1.334236781750304,,,
T3,1.5,0.008111308307896872,0.046415888336127774,1e-06,-1.3342276047787158,,,
T3,1.5,0.008111308307896872,0.046415888336127774,1e-05,-1.3341358567549901,,,
T3,1.5,0.008111308307896872,0.046415888336127774,0.0001,-1.3332205412804852,,,
T3,1.5,0.008111308307896872,0.046415888336127774,0.001,-1.3242794978620223,,,
T3,1.5,0.008111308307896872,0.046415888336127774,0.01,-1.2524487746068218,,,
T3,1.5,0.008111308307896872,0.046415888336127774,0.1,-1.0947393328727812,,,
T3,1.5,0.008111308307896872,0.046415888336127774,1.0,-1.4406238691801776,,,
T3,1.5,0.008111308307896872,0.046415888336127774,10.0,-2.192799571216161,,,
T3,1.5,0.008111308307896872,0.21544346900318823,1e-10,-1.0997627209535301,,,
T3,1.5,0.008111308307896872,0.21544346900318823,1e-09,-1.0997627214147232,,,
T3,1.5,0.008111308307896872,0.21544346900318823,1e-08,-1.0997627260266558,,,
T3,1.5,0.008111308307896872,0.21544346900318823,1e-07,-1.0997627721459862,,,
T3,1.5,0.008111308307896872,0.21544346900318823,1e-06,-1.0997632333399447,,,
T3,1.5,0.008111308307896872,0.21544346900318823,1e-05,-1.0997678453447144,,,
T3,1.5,0.008111308307896872,0.21544346900318823,0.0001,-1.0998139719047244,,,
T3,1.5,0.008111308307896872,0.21544346900318823,0.001,-1.1002758826076888,,,
T3,1.5,0.008111308307896872,0.21544346900318823,0.01,-1.1049536868293912,,,
T3,1.5,0.008111308307896872,0.21544346900318823,0.1,-1.1539070353729863,,,
T3,1.5,0.008111308307896872,0.21544346900318823,1.0,-1.4831444572148114,,,
T3,1.5,0.008111308307896872,0.21544346900318823,10.0,-2.198692029295079,,,
T3,1.5,0.008111308307896872,1.0,1e-10,-1.419226128270522,,,
T3,1.5,0.008111308307896872,1.0,1e-09,-1.4192261285360073,,,
T3,1.5,0.008111308307896872,1.0,1e-08,-1.4192261311908556,,,
T3,1.5,0.008111308307896872,1.0,1e-07,-1.4192261577393406,,,
T3,1.5,0.008111308307896872,1.0,1e-06,-1.4192264232240803,,,
T3,1.5,0.008111308307896872,1.0,1e-05,-1.4192290780606789,,,
T3,1.5,0.008111308307896872,1.0,0.0001,-1.419255625346803,,,
T3,1.5,0.008111308307896872,1.0,0.001,-1.4195209902820265,,,
T3,1.5,0.008111308307896872,1.0,0.01,-1.4221639065935707,,,
T3,1.5,0.008111308307896872,1.0,0.1,-1.4475758083335073,,,
T3,1.5,0.008111308307896872,1.0,1.0,-1.6348284022797555,,,
T3,1.5,0.008111308307896872,1.0,10.0,-2.224885313319036,,,
T3,1.5,0.008111308307896872,4.641588833612772,1e-10,-1.9138602661187085,,,
T3,1.5,0.008111308307896872,4.641588833612772,1e-09,-1.9138602661872237,,,
T3,1.5,0.008111308307896872,4.641588833612772,1e-08,-1.913860266872372,,,
T3,1.5,0.008111308307896872,4.641588833612772,1e-07,-1.9138602737238586,,,
T3,1.5,0.008111308307896872,4.641588833612772,1e-06,-1.9138603422387113,,,
T3,1.5,0.008111308307896872,4.641588833612772,1e-05,-1.913861027386541,,,
T3,1.5,0.008111308307896872,4.641588833612772,0.0001,-1.9138678787944177,,,
T3,1.5,0.008111308307896872,4.641588833612772,0.001,-1.9139363858324434,,,
T3,1.5,0.008111308307896872,4.641588833612772,0.01,-1.914620753121372,,,
T3,1.5,0.008111308307896872,4.641588833612772,0.1,-1.9213950842573453,,,
T3,1.5,0.008111308307896872,4.641588833612772,1.0,-1.983040473350719,,,
T3,1.5,0.008111308307896872,4.641588833612772,10.0,-2.3269524837104756,,,
T3,1.5,0.008111308307896872,21.54434690031882,1e-10,-2.463888252762879,,,
T3,1.5,0.008111308307896872,21.54434690031882,1e-09,-2.4638882527784114,,,
T3,1.5,0.008111308307896872,21.54434690031882,1e-08,-2.463888252933733,,,
T3,1.5,0.008111308307896872,21.54434690031882,1e-07,-2.463888254486949,,,
T3,1.5,0.008111308307896872,21.54434690031882,1e-06,-2.463888270019106,,,
T3,1.5,0.008111308307896872,21.54434690031882,1e-05,-2.4638884253406435,,,
T3,1.5,0.008111308307896872,21.54434690031882,0.0001,-2.4638899785524506,,,
T3,1.5,0.008111308307896872,21.54434690031882,0.001,-2.463905510313896,,,
T3,1.5,0.008111308307896872,21.54434690031882,0.01,-2.4640607922767894,,,
T3,1.5,0.008111308307896872,21.54434690031882,0.1,-2.465610057767642,,,
T3,1.5,0.008111308307896872,21.54434690031882,1.0,-2.4807579449159753,,,
T3,1.5,0.008111308307896872,21.54434690031882,10.0,-2.605689884736779,,,
T3,1.5,0.008111308307896872,100.0,1e-10,-3.0314333124796757,,,
T3,1.5,0.008111308307896872,100.0,1e-09,-3.0314333124830743,,,
T3,1.5,0.008111308307896872,100.0,1e-08,-3.031433312517062,,,
T3,1.5,0.008111308307896872,100.0,1e-07,-3.0314333128569464,,,
T3,1.5,0.008111308307896872,100.0,1e-06,-3.0314333162557814,,,
T3,1.5,0.008111308307896872,100.0,1e-05,-3.0314333502441277,,,
T3,1.5,0.008111308307896872,100.0,0.0001,-3.0314336901274284,,,
T3,1.5,0.008111308307896872,100.0,0.001,-3.0314370889434405,,,
T3,1.5,0.008111308307896872,100.0,0.01,-3.0314710754045957,,,
T3,1.5,0.008111308307896872,100.0,0.1,-3.0318107702344124,,,
T3,1.5,0.008111308307896872,100.0,1.0,-3.035190853854786,,,
T3,1.5,0.008111308307896872,100.0,10.0,-3.067410748590288,,,
T3,1.5,0.008111308307896872,464.1588833612773,1e-10,-3.6045177570687934,,,
T3,1.5,0.008111308307896872,464.1588833612773,1e-09,-3.6045177570695293,,,
T3,1.5,0.008111308307896872,464.1588833612773,1e-08,-3.604517757076887,,,
T3,1.5,0.008111308307896872,464.1588833612773,1e-07,-3.6045177571504707,,,
T3,1.5,0.008111308307896872,464.1588833612773,1e-06,-3.604517757886306,,,
T3,1.5,0.008111308307896872,464.1588833612773,1e-05,-3.6045177652446645,,,
T3,1.5,0.008111308307896872,464.1588833612773,0.0001,-3.6045178388282366,,,
T3,1.5,0.008111308307896872,464.1588833612773,0.001,-3.604518574663161,,,
T3,1.5,0.008111308307896872,464.1588833612773,0.01,-3.6045259329329005,,,
T3,1.5,0.008111308307896872,464.1588833612773,0.1,-3.604599507680944,,,
T3,1.5,0.008111308307896872,464.1588833612773,1.0,-3.605334461380534,,,
T3,1.5,0.008111308307896872,464.1588833612773,10.0,-3.612605756295254,,,
T3,1.5,0.008111308307896872,2154.4346900318824,1e-10,-4.1793539089634555,,,
T3,1.5,0.008111308307896872,2154.4346900318824,1e-09,-4.1793539089636145,,,
T3,1.5,0.008111308307896872,2154.4346900318824,1e-08,-4.1793539089652025,,,
T3,1.5,0.008111308307896872,2154.4346900318824,1e-07,-4.1793539089810805,,,
T3,1.5,0.008111308307896872,2154.4346900318824,1e-06,-4.179353909139855,,,
T3,1.5,0.008111308307896872,2154.4346900318824,1e-05,-4.179353910727604,,,
T3,1.5,0.008111308307896872,2154.4346900318824,0.0001,-4.1793539266050885,,,
T3,1.5,0.008111308307896872,2154.4346900318824,0.001,-4.179354085379904,,,
T3,1.5,0.008111308307896872,2154.4346900318824,0.01,-4.179355673124347,,,
T3,1.5,0.008111308307896872,2154.4346900318824,0.1,-4.179371550198818,,,
T3,1.5,0.008111308307896872,2154.4346900318824,1.0,-4.179530283958629,,,
T3,1.5,0.008111308307896872,2154.4346900318824,10.0,-4.1811139346269925,,,
T3,1.5,0.008111308307896872,10000.0,1e-10,-4.7547439993460445,,,
T3,1.5,0.008111308307896872,10000.0,1e-09,-4.754743999346077,,,
T3,1.5,0.008111308307896872,10000.0,1e-08,-4.754743999346419,,,
T3,1.5,0.008111308307896872,10000.0,1e-07,-4.754743999349843,,,
T3,1.5,0.008111308307896872,10000.0,1e-06,-4.7547439993840666,,,
T3,1.5,0.008111308307896872,10000.0,1e-05,-4.754743999726303,,,
T3,1.5,0.008111308307896872,10000.0,0.0001,-4.754744003148665,,,
T3,1.5,0.008111308307896872,10000.0,0.001,-4.754744037372282,,,
T3,1.5,0.008111308307896872,10000.0,0.01,-4.754744379608269,,,
T3,1.5,0.008111308307896872,10000.0,0.1,-4.754747801950977,,,
T3,1.5,0.008111308307896872,10000.0,1.0,-4.754782023659502,,,
T3,1.5,0.008111308307896872,10000.0,10.0,-4.75512406900697,,,
T3,1.5,0.02310129700083159,0.0001,1e-10,-68.42891917831393,,,
T3,1.5,0.02310129700083159,0.0001,1e-09,-68.42867081823432,,,
T3,1.5,0.02310129700083159,0.0001,1e-08,-68.42618739200323,,,
T3,1.5,0.02310129700083159,0.0001,1e-07,-68.40137055644686,,,
T3,1.5,0.02310129700083159,0.0001,1e-06,-68.15491595624674,,,
T3,1.5,0.02310129700083159,0.0001,1e-05,-65.83905597435941,,,
T3,1.5,0.02310129700083159,0.0001,0.0001,-50.308813810985605,,,
T3,1.5,0.02310129700083159,0.0001,0.001,-17.54481020876809,,,
T3,1.5,0.02310129700083159,0.0001,0.01,-3.382430127570108,,,
T3,1.5,0.02310129700083159,0.0001,0.1,-1.1282820612860598,,,
T3,1.5,0.02310129700083159,0.0001,1.0,-1.4280872050089033,,,
T3,1.5,0.02310129700083159,0.0001,10.0,-2.191167050679672,,,
T3,1.5,0.02310129700083159,0.00046415888336127773,1e-10,-20.596126352232613,,,
T3,1.5,0.02310129700083159,0.00046415888336127773,1e-09,-20.596110466698157,,,
T3,1.5,0.02310129700083159,0.00046415888336127773,1e-08,-20.595951613620027,,,
T3,1.5,0.02310129700083159,0.00046415888336127773,1e-07,-20.594363309398414,,,
T3,1.5,0.02310129700083159,0.00046415888336127773,1e-06,-20.578502842641704,,,
T3,1.5,0.02310129700083159,0.00046415888336127773,1e-05,-20.422079930766646,,,
T3,1.5,0.02310129700083159,0.00046415888336127773,0.0001,-19.0278898444829,,,
T3,1.5,0.02310129700083159,0.00046415888336127773,0.001,-11.832514502487317,,,
T3,1.5,0.02310129700083159,0.00046415888336127773,0.01,-3.1892955938282386,,,
T3,1.5,0.02310129700083159,0.00046415888336127773,0.1,-1.1252150733243464,,,
T3,1.5,0.02310129700083159,0.00046415888336127773,1.0,-1.4281025882893648,,,
T3,1.5,0.02310129700083159,0.00046415888336127773,10.0,-2.191174380230745,,,
T3,1.5,0.02310129700083159,0.002154434690031882,1e-10,-5.86367357394303,,,
T3,1.5,0.02310129700083159,0.002154434690031882,1e-09,-5.863672714688496,,,
T3,1.5,0.02310129700083159,0.002154434690031882,1e-08,-5.863664122162675,,,
T3,1.5,0.02310129700083159,0.002154434690031882,1e-07,-5.8635781988560165,,,
T3,1.5,0.02310129700083159,0.002154434690031882,1e-06,-5.862719160820297,,,
T3,1.5,0.02310129700083159,0.002154434690031882,1e-05,-5.85414816214137,,,
T3,1.5,0.02310129700083159,0.002154434690031882,0.0001,-5.770270861077566,,,
T3,1.5,0.02310129700083159,0.002154434690031882,0.001,-5.066939623253569,,,
T3,1.5,0.02310129700083159,0.002154434690031882,0.01,-2.5417348862908993,,,
T3,1.5,0.02310129700083159,0.002154434690031882,0.1,-1.111621210880505,,,
T3,1.5,0.02310129700083159,0.002154434690031882,1.0,-1.428174971154345,,,
T3,1.5,0.02310129700083159,0.002154434690031882,10.0,-2.1912084005629926,,,
T3,1.5,0.02310129700083159,0.01,1e-10,-1.5984734484955658,,,
T3,1.5,0.02310129700083159,0.01,1e-09,-1.5984734380025205,,,
T3,1.5,0.02310129700083159,0.01,1e-08,-1.5984733330717211,,,
T3,1.5,0.02310129700083159,0.01,1e-07,-1.598472283728546,,,
T3,1.5,0.02310129700083159,0.01,1e-06,-1.5984617867799336,,,
T3,1.5,0.02310129700083159,0.01,1e-05,-1.59835646654373,,,
T3,1.5,0.02310129700083159,0.01,0.0001,-1.5972691049749708,,,
T3,1.5,0.02310129700083159,0.01,0.001,-1.5837297878859893,,,
T3,1.5,0.02310129700083159,0.01,0.01,-1.4106037932971944,,,
T3,1.5,0.02310129700083159,0.01,0.1,-1.0600405207315677,,,
T3,1.5,0.02310129700083159,0.01,1.0,-1.4285315504191192,,,
T3,1.5,0.02310129700083159,0.01,10.0,-2.191366299599582,,,
T3,1.5,0.02310129700083159,0.046415888336127774,1e-10,-0.6433096518679757,,,
T3,1.5,0.02310129700083159,0.046415888336127774,1e-09,-0.6433096615045703,,,
T3,1.5,0.02310129700083159,0.046415888336127774,1e-08,-0.6433097578704843,,,
T3,1.5,0.02310129700083159,0.046415888336127774,1e-07,-0.6433107215261445,,,
T3,1.5,0.02310129700083159,0.046415888336127774,1e-06,-0.6433203577348731,,,
T3,1.5,0.02310129700083159,0.046415888336127774,1e-05,-0.6434166850513414,,,
T3,1.5,0.02310129700083159,0.046415888336127774,0.0001,-0.6443764972941426,,,
T3,1.5,0.02310129700083159,0.046415888336127774,0.001,-0.653643872497142,,,
T3,1.5,0.02310129700083159,0.046415888336127774,0.01,-0.7233958826190117,,,
T3,1.5,0.02310129700083159,0.046415888336127774,0.1,-0.9490918807965393,,,
T3,1.5,0.02310129700083159,0.046415888336127774,1.0,-1.430584618416344,,,
T3,1.5,0.02310129700083159,0.046415888336127774,10.0,-2.19209899151055,,,
T3,1.5,0.02310129700083159,0.21544346900318823,1e-10,-0.7348712750662153,,,
T3,1.5,0.02310129700083159,0.21544346900318823,1e-09,-0.734871277952907,,,
T3,1.5,0.02310129700083159,0.21544346900318823,1e-08,-0.7348713068198237,,,
T3,1.5,0.02310129700083159,0.21544346900318823,1e-07,-0.7348715954888022,,,
T3,1.5,0.02310129700083159,0.21544346900318823,1e-06,-0.73487448215973,,,
T3,1.5,0.02310129700083159,0.21544346900318823,1e-05,-0.7349033469834969,,,
T3,1.5,0.02310129700083159,0.21544346900318823,0.0001,-0.7351918068541764,,,
T3,1.5,0.02310129700083159,0.21544346900318823,0.001,-0.7380577507868986,,,
T3,1.5,0.02310129700083159,0.21544346900318823,0.01,-0.7650147931405027,,,
T3,1.5,0.02310129700083159,0.21544346900318823,0.1,-0.9429018536184011,,,
T3,1.5,0.02310129700083159,0.21544346900318823,1.0,-1.4455502480420512,,,
T3,1.5,0.02310129700083159,0.21544346900318823,10.0,-2.195494473107617,,,
T3,1.5,0.02310129700083159,1.0,1e-10,-1.1574365408579481,,,
T3,1.5,0.02310129700083159,1.0,1e-09,-1.1574365415350893,,,
T3,1.5,0.02310129700083159,1.0,1e-08,-1.1574365483065,,,
T3,1.5,0.02310129700083159,1.0,1e-07,-1.1574366160205964,,,
T3,1.5,0.02310129700083159,1.0,1e-06,-1.157437293160646,,,
T3,1.5,0.02310129700083159,1.0,1e-05,-1.1574440644696402,,,
T3,1.5,0.02310129700083159,1.0,0.0001,-1.1575117684112797,,,
T3,1.5,0.02310129700083159,1.0,0.001,-1.1581878949035342,,,
T3,1.5,0.02310129700083159,1.0,0.01,-1.164859726707387,,,
T3,1.5,0.02310129700083159,1.0,0.1,-1.224126181666763,,,
T3,1.5,0.02310129700083159,1.0,1.0,-1.5366348409295625,,,
T3,1.5,0.02310129700083159,1.0,10.0,-2.211074550800526,,,
T3,1.5,0.02310129700083159,4.641588833612772,1e-10,-1.6846743491178207,,,
T3,1.5,0.02310129700083159,4.641588833612772,1e-09,-1.6846743492674683,,,
T3,1.5,0.02310129700083159,4.641588833612772,1e-08,-1.684674350763947,,,
T3,1.5,0.02310129700083159,4.641588833612772,1e-07,-1.6846743657287326,,,
T3,1.5,0.02310129700083159,4.641588833612772,1e-06,-1.6846745153765468,,,
T3,1.5,0.02310129700083159,4.641588833612772,1e-05,-1.6846760118503816,,,
T3,1.5,0.02310129700083159,4.641588833612772,0.0001,-1.6846909761581883,,,
T3,1.5,0.02310129700083159,4.641588833612772,0.001,-1.684840576201442,,,
T3,1.5,0.02310129700083159,4.641588833612772,0.01,-1.6863322923694226,,,
T3,1.5,0.02310129700083159,4.641588833612772,0.1,-1.7008392545057602,,,
T3,1.5,0.02310129700083159,4.641588833612772,1.0,-1.8168851785000655,,,
T3,1.5,0.02310129700083159,4.641588833612772,10.0,-2.277256057813046,,,
T3,1.5,0.02310129700083159,21.54434690031882,1e-10,-2.2450125216246386,,,
T3,1.5,0.02310129700083159,21.54434690031882,1e-09,-2.2450125216571353,,,
T3,1.5,0.02310129700083159,21.54434690031882,1e-08,-2.2450125219821055,,,
T3,1.5,0.02310129700083159,21.54434690031882,1e-07,-2.2450125252318025,,,
T3,1.5,0.02310129700083159,21.54434690031882,1e-06,-2.2450125577287734,,,
T3,1.5,0.02310129700083159,21.54434690031882,1e-05,-2.2450128826982807,,,
T3,1.5,0.02310129700083159,21.54434690031882,0.0001,-2.2450161323732827,,,
T3,1.5,0.02310129700083159,21.54434690031882,0.001,-2.245048627116456,,,
T3,1.5,0.02310129700083159,21.54434690031882,0.01,-2.2453733740570865,,,
T3,1.5,0.02310129700083159,21.54434690031882,0.1,-2.2486009858710885,,,
T3,1.5,0.02310129700083159,21.54434690031882,1.0,-2.279062917906958,,,
T3,1.5,0.02310129700083159,21.54434690031882,10.0,-2.4848165477721813,,,
T3,1.5,0.02310129700083159,100.0,1e-10,-2.815817948384866,,,
T3,1.5,0.02310129700083159,100.0,1e-09,-2.815817948391885,,,
T3,1.5,0.02310129700083159,100.0,1e-08,-2.8158179484620716,,,
T3,1.5,0.02310129700083159,100.0,1e-07,-2.8158179491639443,,,
T3,1.5,0.02310129700083159,100.0,1e-06,-2.8158179561826677,,,
T3,1.5,0.02310129700083159,100.0,1e-05,-2.815818026369891,,,
T3,1.5,0.02310129700083159,100.0,0.0001,-2.815818728241193,,,
T3,1.5,0.02310129700083159,100.0,0.001,-2.815825746860923,,,
T3,1.5,0.02310129700083159,100.0,0.01,-2.815895923731845,,,
T3,1.5,0.02310129700083159,100.0,0.1,-2.8165967617394196,,,
T3,1.5,0.02310129700083159,100.0,1.0,-2.8235139607819035,,,
T3,1.5,0.02310129700083159,100.0,10.0,-2.8850827364060785,,,
T3,1.5,0.02310129700083159,464.1588833612773,1e-10,-3.3899334115606523,,,
T3,1.5,0.02310129700083159,464.1588833612773,1e-09,-3.389933411562167,,,
T3,1.5,0.02310129700083159,464.1588833612773,1e-08,-3.3899334115772994,,,
T3,1.5,0.02310129700083159,464.1588833612773,1e-07,-3.389933411728632,,,
T3,1.5,0.02310129700083159,464.1588833612773,1e-06,-3.38993341324196,,,
T3,1.5,0.02310129700083159,464.1588833612773,1e-05,-3.389933428375238,,,
T3,1.5,0.02310129700083159,464.1588833612773,0.0001,-3.389933579707973,,,
T3,1.5,0.02310129700083159,464.1588833612773,0.001,-3.3899350930309993,,,
T3,1.5,0.02310129700083159,464.1588833612773,0.01,-3.389950225828092,,,
T3,1.5,0.02310129700083159,464.1588833612773,0.1,-3.390101510502884,,,
T3,1.5,0.02310129700083159,464.1588833612773,1.0,-3.391610046949863,,,
T3,1.5,0.02310129700083159,464.1588833612773,10.0,-3.4062826993732793,,,
T3,1.5,0.02310129700083159,2154.4346900318824,1e-10,-3.9650956001597315,,,
T3,1.5,0.02310129700083159,2154.4346900318824,1e-09,-3.9650956001600575,,,
T3,1.5,0.02310129700083159,2154.4346900318824,1e-08,-3.9650956001633197,,,
T3,1.5,0.02310129700083159,2154.4346900318824,1e-07,-3.965095600195931,,,
T3,1.5,0.02310129700083159,2154.4346900318824,1e-06,-3.9650956005220492,,,
T3,1.5,0.02310129700083159,2154.4346900318824,1e-05,-3.965095603783226,,,
T3,1.5,0.02310129700083159,2154.4346900318824,0.0001,-3.965095636394989,,,
T3,1.5,0.02310129700083159,2154.4346900318824,0.001,-3.9650959625124202,,,
T3,1.5,0.02310129700083159,2154.4346900318824,0.01,-3.9650992236666185,,,
T3,1.5,0.02310129700083159,2154.4346900318824,0.1,-3.9651318331979213,,,
T3,1.5,0.02310129700083159,2154.4346900318824,1.0,-3.9654577276364504,,,
T3,1.5,0.02310129700083159,2154.4346900318824,10.0,-3.9686967763929992,,,
T3,1.5,0.02310129700083159,10000.0,1e-10,-4.540588792401004,,,
T3,1.5,0.02310129700083159,10000.0,1e-09,-4.540588792401074,,,
T3,1.5,0.02310129700083159,10000.0,1e-08,-4.540588792401777,,,
T3,1.5,0.02310129700083159,10000.0,1e-07,-4.540588792408804,,,
T3,1.5,0.02310129700083159,10000.0,1e-06,-4.540588792479069,,,
T3,1.5,0.02310129700083159,10000.0,1e-05,-4.5405887931817235,,,
T3,1.5,0.02310129700083159,10000.0,0.0001,-4.540588800208267,,,
T3,1.5,0.02310129700083159,10000.0,0.001,-4.540588870473698,,,
T3,1.5,0.02310129700083159,10000.0,0.01,-4.54058957312707,,,
T3,1.5,0.02310129700083159,10000.0,0.1,-4.540596599567453,,,
T3,1.5,0.02310129700083159,10000.0,1.0,-4.540666854639265,,,
T3,1.5,0.02310129700083159,10000.0,10.0,-4.541368474093568,,,
T3,1.5,0.0657933224657568,0.0001,1e-10,-77.78504884263343,,,
T3,1.5,0.0657933224657568,0.0001,1e-09,-77.74697790799026,,,
T3,1.5,0.0657933224657568,0.0001,1e-08,-77.37107835858873,,,
T3,1.5,0.0657933224657568,0.0001,1e-07,-74.0319373155548,,,
T3,1.5,0.0657933224657568,0.0001,1e-06,-58.30386818195518,,,
T3,1.5,0.0657933224657568,0.0001,1e-05,-39.33060109270206,,,
T3,1.5,0.0657933224657568,0.0001,0.0001,-29.01117771594509,,,
T3,1.5,0.0657933224657568,0.0001,0.001,-14.351520997181613,,,
T3,1.5,0.0657933224657568,0.0001,0.01,-3.285940343155789,,,
T3,1.5,0.0657933224657568,0.0001,0.1,-1.1261138520807752,,,
T3,1.5,0.0657933224657568,0.0001,1.0,-1.4280134221655096,,,
T3,1.5,0.0657933224657568,0.0001,10.0,-2.191162235451416,,,
T3,1.5,0.0657933224657568,0.00046415888336127773,1e-10,-22.93404289399681,,,
T3,1.5,0.0657933224657568,0.00046415888336127773,1e-09,-22.931467706412327,,,
T3,1.5,0.0657933224657568,0.00046415888336127773,1e-08,-22.905787075635683,,,
T3,1.5,0.0657933224657568,0.00046415888336127773,1e-07,-22.655886584416184,,,
T3,1.5,0.0657933224657568,0.00046415888336127773,1e-06,-20.68375023380164,,,
T3,1.5,0.0657933224657568,0.00046415888336127773,1e-05,-14.594593666736449,,,
T3,1.5,0.0657933224657568,0.00046415888336127773,0.0001,-9.969679652820172,,,
T3,1.5,0.0657933224657568,0.00046415888336127773,0.001,-7.224790909196767,,,
T3,1.5,0.0657933224657568,0.00046415888336127773,0.01,-2.827756591807671,,,
T3,1.5,0.0657933224657568,0.00046415888336127773,0.1,-1.115364830009802,,,
T3,1.5,0.0657933224657568,0.00046415888336127773,1.0,-1.427760658249677,,,
T3,1.5,0.0657933224657568,0.00046415888336127773,10.0,-2.1911520323742155,,,
T3,1.5,0.0657933224657568,0.002154434690031882,1e-10,-5.981261083030251,,,
T3,1.5,0.0657933224657568,0.002154434690031882,1e-09,-5.98109021749966,,,
T3,1.5,0.0657933224657568,0.002154434690031882,1e-08,-5.979382598899184,,,
T3,1.5,0.0657933224657568,0.002154434690031882,1e-07,-5.962409377314738,,,
T3,1.5,0.0657933224657568,0.002154434690031882,1e-06,-5.802315579580133,,,
T3,1.5,0.0657933224657568,0.002154434690031882,1e-05,-4.781743311067226,,,
T3,1.5,0.0657933224657568,0.002154434690031882,0.0001,-2.93299983339239,,,
T3,1.5,0.0657933224657568,0.002154434690031882,0.001,-2.2084965750718295,,,
T3,1.5,0.0657933224657568,0.002154434690031882,0.01,-1.7219754542031303,,,
T3,1.5,0.0657933224657568,0.002154434690031882,0.1,-1.0700324153060206,,,
T3,1.5,0.0657933224657568,0.002154434690031882,1.0,-1.4265993759131856,,,
T3,1.5,0.0657933224657568,0.002154434690031882,10.0,-2.1911047238051906,,,
T3,1.5,0.0657933224657568,0.01,1e-10,-1.0138650005125718,,,
T3,1.5,0.0657933224657568,0.01,1e-09,-1.0138543548521581,,,
T3,1.5,0.0657933224657568,0.01,1e-08,-1.0137479129205134,,,
T3,1.5,0.0657933224657568,0.01,1e-07,-1.0126849586484763,,,
T3,1.5,0.0657933224657568,0.01,1e-06,-1.002199764965317,,,
T3,1.5,0.0657933224657568,0.01,1e-05,-0.9099211266021042,,,
T3,1.5,0.0657933224657568,0.01,0.0001,-0.5076438697498249,,,
T3,1.5,0.0657933224657568,0.01,0.001,-0.2477690068639718,,,
T3,1.5,0.0657933224657568,0.01,0.01,-0.5627531454425223,,,
T3,1.5,0.0657933224657568,0.01,0.1,-0.9252847386353725,,,
T3,1.5,0.0657933224657568,0.01,1.0,-1.4214545609556068,,,
T3,1.5,0.0657933224657568,0.01,10.0,-2.1908862075047617,,,
T3,1.5,0.0657933224657568,0.046415888336127774,1e-10,0.16335713113538625,,,
T3,1.5,0.0657933224657568,0.046415888336127774,1e-09,0.16335764186571886,,,
T3,1.5,0.0657933224657568,0.046415888336127774,1e-08,0.16336274897938008,,,
T3,1.5,0.0657933224657568,0.046415888336127774,1e-07,0.16341380115295437,,,
T3,1.5,0.0657933224657568,0.046415888336127774,1e-06,0.16392243291885045,,,
T3,1.5,0.0657933224657568,0.046415888336127774,1e-05,0.1688258736687147,,,
T3,1.5,0.0657933224657568,0.046415888336127774,0.0001,0.20412994880154808,,,
T3,1.5,0.0657933224657568,0.046415888336127774,0.001,0.2380546054877465,,,
T3,1.5,0.0657933224657568,0.046415888336127774,0.01,-0.059744900037805596,,,
T3,1.5,0.0657933224657568,0.046415888336127774,0.1,-0.6958909889002995,,,
T3,1.5,0.0657933224657568,0.046415888336127774,1.0,-1.4018933415210129,,,
T3,1.5,0.0657933224657568,0.046415888336127774,10.0,-2.1898945339148916,,,
T3,1.5,0.0657933224657568,0.21544346900318823,1e-10,0.1420168157810858,,,
T3,1.5,0.0657933224657568,0.21544346900318823,1e-09,0.1420168043515142,,,
T3,1.5,0.0657933224657568,0.21544346900318823,1e-08,0.1420166900542153,,,
T3,1.5,0.0657933224657568,0.21544346900318823,1e-07,0.14201554692205987,,,
T3,1.5,0.0657933224657568,0.21544346900318823,1e-06,0.14200409969892558,,,
T3,1.5,0.0657933224657568,0.21544346900318823,1e-05,0.14188805148387457,,,
T3,1.5,0.0657933224657568,0.21544346900318823,0.0001,0.1405831047248963,,,
T3,1.5,0.0657933224657568,0.21544346900318823,0.001,0.12038922151356699,,,
T3,1.5,0.0657933224657568,0.21544346900318823,0.01,-0.06338977147752071,,,
T3,1.5,0.0657933224657568,0.21544346900318823,0.1,-0.5869616234851522,,,
T3,1.5,0.0657933224657568,0.21544346900318823,1.0,-1.3573656092195958,,,
T3,1.5,0.0657933224657568,0.21544346900318823,10.0,-2.1857350188847073,,,
T3,1.5,0.0657933224657568,1.0,1e-10,-0.25834250428894234,,,
T3,1.5,0.0657933224657568,1.0,1e-09,-0.25834251502657624,,,
T3,1.5,0.0657933224657568,1.0,1e-08,-0.2583426224029017,,,
T3,1.5,0.0657933224657568,1.0,1e-07,-0.25834369616294806,,,
T3,1.5,0.0657933224657568,1.0,1e-06,-0.25835443344347075,,,
T3,1.5,0.0657933224657568,1.0,1e-05,-0.2584617742672229,,,
T3,1.5,0.0657933224657568,1.0,0.0001,-0.2595319971219887,,,
T3,1.5,0.0657933224657568,1.0,0.001,-0.2699281632381091,,,
T3,1.5,0.0657933224657568,1.0,0.01,-0.35229499914810003,,,
T3,1.5,0.0657933224657568,1.0,0.1,-0.6841895580963409,,,
T3,1.5,0.0657933224657568,1.0,1.0,-1.3354631898236127,,,
T3,1.5,0.0657933224657568,1.0,10.0,-2.1730380880738833,,,
T3,1.5,0.0657933224657568,4.641588833612772,1e-10,-0.7785581750728416,,,
T3,1.5,0.0657933224657568,4.641588833612772,1e-09,-0.7785581779499791,,,
T3,1.5,0.0657933224657568,4.641588833612772,1e-08,-0.77855820672135,,,
T3,1.5,0.0657933224657568,4.641588833612772,1e-07,-0.7785584944347432,,,
T3,1.5,0.0657933224657568,4.641588833612772,1e-06,-0.7785613715382529,,,
T3,1.5,0.0657933224657568,4.641588833612772,1e-05,-0.7785901395348935,,,
T3,1.5,0.0657933224657568,4.641588833612772,0.0001,-0.7788775162703349,,,
T3,1.5,0.0657933224657568,4.641588833612772,0.001,-0.781721562515539,,,
T3,1.5,0.0657933224657568,4.641588833612772,0.01,-0.807665501745196,,,
T3,1.5,0.0657933224657568,4.641588833612772,0.1,-0.9652240910323032,,,
T3,1.5,0.0657933224657568,4.641588833612772,1.0,-1.4186934664572517,,,
T3,1.5,0.0657933224657568,4.641588833612772,10.0,-2.161757264509959,,,
T3,1.5,0.0657933224657568,21.54434690031882,1e-10,-1.3366757527571171,,,
T3,1.5,0.0657933224657568,21.54434690031882,1e-09,-1.336675753415392,,,
T3,1.5,0.0657933224657568,21.54434690031882,1e-08,-1.336675759998097,,,
T3,1.5,0.0657933224657568,21.54434690031882,1e-07,-1.3366758258251372,,,
T3,1.5,0.0657933224657568,21.54434690031882,1e-06,-1.3366764840938918,,,
T3,1.5,0.0657933224657568,21.54434690031882,1e-05,-1.3366830666175642,,,
T3,1.5,0.0657933224657568,21.54434690031882,0.0001,-1.3367488754752002,,,
T3,1.5,0.0657933224657568,21.54434690031882,0.001,-1.3374053338514194,,,
T3,1.5,0.0657933224657568,21.54434690031882,0.01,-1.3438141570514355,,,
T3,1.5,0.0657933224657568,21.54434690031882,0.1,-1.396919955774217,,,
T3,1.5,0.0657933224657568,21.54434690031882,1.0,-1.6449729527955725,,,
T3,1.5,0.0657933224657568,21.54434690031882,10.0,-2.2080124052019565,,,
T3,1.5,0.0657933224657568,100.0,1e-10,-1.9067789657969485,,,
T3,1.5,0.0657933224657568,100.0,1e-09,-1.9067789659413847,,,
T3,1.5,0.0657933224657568,100.0,1e-08,-1.906778967385756,,,
T3,1.5,0.0657933224657568,100.0,1e-07,-1.9067789818294507,,,
T3,1.5,0.0657933224657568,100.0,1e-06,-1.9067791262663103,,,
T3,1.5,0.0657933224657568,100.0,1e-05,-1.906780570626972,,,
T3,1.5,0.0657933224657568,100.0,0.0001,-1.9067950134395453,,,
T3,1.5,0.0657933224657568,100.0,0.001,-1.9069393622436663,,,
T3,1.5,0.0657933224657568,100.0,0.01,-1.9083749994541523,,,
T3,1.5,0.0657933224657568,100.0,0.1,-1.922018027974947,,,
T3,1.5,0.0657933224657568,100.0,1.0,-2.0197106557616804,,,
T3,1.5,0.0657933224657568,100.0,10.0,-2.3703186069362916,,,
T3,1.5,0.0657933224657568,464.1588833612773,1e-10,-2.4806723695018755,,,
T3,1.5,0.0657933224657568,464.1588833612773,1e-09,-2.4806723695331714,,,
T3,1.5,0.0657933224657568,464.1588833612773,1e-08,-2.4806723698461353,,,
T3,1.5,0.0657933224657568,464.1588833612773,1e-07,-2.480672372975763,,,
T3,1.5,0.0657933224657568,464.1588833612773,1e-06,-2.48067240427204,,,
T3,1.5,0.0657933224657568,464.1588833612773,1e-05,-2.480672717234436,,,
T3,1.5,0.0657933224657568,464.1588833612773,0.0001,-2.4806758468210663,,,
T3,1.5,0.0657933224657568,464.1588833612773,0.001,-2.4807071389531155,,,
T3,1.5,0.0657933224657568,464.1588833612773,0.01,-2.481019687687572,,,
T3,1.5,0.0657933224657568,464.1588833612773,0.1,-2.4841087309832455,,,
T3,1.5,0.0657933224657568,464.1588833612773,1.0,-2.5119895024883845,,,
T3,1.5,0.0657933224657568,464.1588833612773,10.0,-2.675603323685867,,,
T3,1.5,0.0657933224657568,2154.4346900318824,1e-10,-3.0557643367317477,,,
T3,1.5,0.0657933224657568,2154.4346900318824,1e-09,-3.055764336738501,,,
T3,1.5,0.0657933224657568,2154.4346900318824,1e-08,-3.0557643368060488,,,
T3,1.5,0.0657933224657568,2154.4346900318824,1e-07,-3.0557643374815204,,,
T3,1.5,0.0657933224657568,2154.4346900318824,1e-06,-3.055764344236247,,,
T3,1.5,0.0657933224657568,2154.4346900318824,1e-05,-3.0557644117834877,,,
T3,1.5,0.0657933224657568,2154.4346900318824,0.0001,-3.055765087254131,,,
T3,1.5,0.0657933224657568,2154.4346900318824,0.001,-3.055771841786465,,,
T3,1.5,0.0657933224657568,2154.4346900318824,0.01,-3.055839369709926,,,
T3,1.5,0.0657933224657568,2154.4346900318824,0.1,-3.0565129173559304,,,
T3,1.5,0.0657933224657568,2154.4346900318824,1.0,-3.0630831393003124,,,
T3,1.5,0.0657933224657568,2154.4346900318824,10.0,-3.1172297041739396,,,
T3,1.5,0.0657933224657568,10000.0,1e-10,-3.6312353230265693,,,
T3,1.5,0.0657933224657568,10000.0,1e-09,-3.631235323028025,,,
T3,1.5,0.0657933224657568,10000.0,1e-08,-3.6312353230425876,,,
T3,1.5,0.0657933224657568,10000.0,1e-07,-3.6312353231881955,,,
T3,1.5,0.0657933224657568,10000.0,1e-06,-3.6312353246442868,,,
T3,1.5,0.0657933224657568,10000.0,1e-05,-3.631235339205176,,,
T3,1.5,0.0657933224657568,10000.0,0.0001,-3.6312354848139896,,,
T3,1.5,0.0657933224657568,10000.0,0.001,-3.631236940894072,,,
T3,1.5,0.0657933224657568,10000.0,0.01,-3.631251500885861,,,
T3,1.5,0.0657933224657568,10000.0,0.1,-3.6313970199850756,,,
T3,1.5,0.0657933224657568,10000.0,1.0,-3.632844212612099,,,
T3,1.5,0.0657933224657568,10000.0,10.0,-3.6465899159373714,,,
T3,1.5,0.1873817422860383,0.0001,1e-10,-2296.6448323902196,,,
T3,1.5,0.1873817422860383,0.0001,1e-09,-2093.0584988389655,,,
T3,1.5,0.1873817422860383,0.0001,1e-08,-1289.9246818775634,,,
T3,1.5,0.1873817422860383,0.0001,1e-07,-476.95470523610146,,,
T3,1.5,0.1873817422860383,0.0001,1e-06,-132.09780134424082,,,
T3,1.5,0.1873817422860383,0.0001,1e-05,-39.193627384966945,,,
T3,1.5,0.1873817422860383,0.0001,0.0001,-21.39959405419131,,,
T3,1.5,0.1873817422860383,0.0001,0.001,-11.801619598293605,,,
T3,1.5,0.1873817422860383,0.0001,0.01,-3.1678287527258258,,,
T3,1.5,0.1873817422860383,0.0001,0.1,-1.1232774515356387,,,
T3,1.5,0.1873817422860383,0.0001,1.0,-1.4279162668233842,,,
T3,1.5,0.1873817422860383,0.0001,10.0,-2.191155891679771,,,
T3,1.5,0.1873817422860383,0.00046415888336127773,1e-10,-730.3672559485044,,,
T3,1.5,0.1873817422860383,0.00046415888336127773,1e-09,-714.364314354544,,,
T3,1.5,0.1873817422860383,0.00046415888336127773,1e-08,-598.2191469340385,,,
T3,1.5,0.1873817422860383,0.00046415888336127773,1e-07,-303.0396112478052,,,
T3,1.5,0.1873817422860383,0.00046415888336127773,1e-06,-98.69037371218234,,,
T3,1.5,0.1873817422860383,0.00046415888336127773,1e-05,-24.83299113005173,,,
T3,1.5,0.1873817422860383,0.00046415888336127773,0.0001,-8.104410592359152,,,
T3,1.5,0.1873817422860383,0.00046415888336127773,0.001,-5.086957199997159,,,
T3,1.5,0.1873817422860383,0.00046415888336127773,0.01,-2.4683616260913332,,,
T3,1.5,0.1873817422860383,0.00046415888336127773,0.1,-1.1027977534918807,,,
T3,1.5,0.1873817422860383,0.00046415888336127773,1.0,-1.4273113053350535,,,
T3,1.5,0.1873817422860383,0.00046415888336127773,10.0,-2.1911225948353334,,,
T3,1.5,0.1873817422860383,0.002154434690031882,1e-10,-229.30570100433957,,,
T3,1.5,0.1873817422860383,0.002154434690031882,1e-09,-228.17806467500174,,,
T3,1.5,0.1873817422860383,0.002154434690031882,1e-08,-217.78917289899314,,,
T3,1.5,0.1873817422860383,0.002154434690031882,1e-07,-159.18766758278585,,,
T3,1.5,0.1873817422860383,0.002154434690031882,1e-06,-66.38333053920755,,,
T3,1.5,0.1873817422860383,0.002154434690031882,1e-05,-18.365605927376045,,,
T3,1.5,0.1873817422860383,0.002154434690031882,0.0001,-3.7047791405628865,,,
T3,1.5,0.1873817422860383,0.002154434690031882,0.001,-1.307756079252993,,,
T3,1.5,0.1873817422860383,0.002154434690031882,0.01,-1.20578676183288,,,
T3,1.5,0.1873817422860383,0.002154434690031882,0.1,-1.022124588063941,,,
T3,1.5,0.1873817422860383,0.002154434690031882,1.0,-1.4245474705347942,,,
T3,1.5,0.1873817422860383,0.002154434690031882,10.0,-2.190968251181297,,,
T3,1.5,0.1873817422860383,0.01,1e-10,-70.82248133569186,,,
T3,1.5,0.1873817422860383,0.01,1e-09,-70.74516837022387,,,
T3,1.5,0.1873817422860383,0.01,1e-08,-69.98619479493384,,,
T3,1.5,0.1873817422860383,0.01,1e-07,-63.560147578470676,,,
T3,1.5,0.1873817422860383,0.01,1e-06,-38.23921375512014,,,
T3,1.5,0.1873817422860383,0.01,1e-05,-12.771847052104556,,,
T3,1.5,0.1873817422860383,0.01,0.0001,-2.284948608852026,,,
T3,1.5,0.1873817422860383,0.01,0.001,0.05546347841354695,,,
T3,1.5,0.1873817422860383,0.01,0.01,-0.1971183367905253,,,
T3,1.5,0.1873817422860383,0.01,0.1,-0.8093929839180867,,,
T3,1.5,0.1873817422860383,0.01,1.0,-1.4125939363032343,,,
T3,1.5,0.1873817422860383,0.01,10.0,-2.1902562695681835,,,
T3,1.5,0.1873817422860383,0.046415888336127774,1e-10,-21.070073647444097,,,
T3,1.5,0.1873817422860383,0.046415888336127774,1e-09,-21.064817595040097,,,
T3,1.5,0.1873817422860383,0.046415888336127774,1e-08,-21.012468456047973,,,
T3,1.5,0.1873817422860383,0.046415888336127774,1e-07,-20.509159361049292,,,
T3,1.5,0.1873817422860383,0.046415888336127774,1e-06,-16.859928315287704,,,
T3,1.5,0.1873817422860383,0.046415888336127774,1e-05,-7.647260679668015,,,
T3,1.5,0.1873817422860383,0.046415888336127774,0.0001,-1.4892834838853812,,,
T3,1.5,0.1873817422860383,0.046415888336127774,0.001,0.3735890484924573,,,
T3,1.5,0.1873817422860383,0.046415888336127774,0.01,0.23129144441048677,,,
T3,1.5,0.1873817422860383,0.046415888336127774,0.1,-0.5416963478916531,,,
T3,1.5,0.1873817422860383,0.046415888336127774,1.0,-1.3706262953455473,,,
T3,1.5,0.1873817422860383,0.046415888336127774,10.0,-2.1870435420784653,,,
T3,1.5,0.1873817422860383,0.21544346900318823,1e-10,-5.72859988007582,,,
T3,1.5,0.1873817422860383,0.21544346900318823,1e-09,-5.728245931687697,,,
T3,1.5,0.1873817422860383,0.21544346900318823,1e-08,-5.724709545844076,,,
T3,1.5,0.1873817422860383,0.21544346900318823,1e-07,-5.689652337897785,,,
T3,1.5,0.1873817422860383,0.21544346900318823,1e-06,-5.366914685694043,,,
T3,1.5,0.1873817422860383,0.21544346900318823,1e-05,-3.557854298380712,,,
T3,1.5,0.1873817422860383,0.21544346900318823,0.0001,-0.8013461509784559,,,
T3,1.5,0.1873817422860383,0.21544346900318823,0.001,0.3537353250798474,,,
T3,1.5,0.1873817422860383,0.21544346900318823,0.01,0.28619555309973765,,,
T3,1.5,0.1873817422860383,0.21544346900318823,0.1,-0.384911558878883,,,
T3,1.5,0.1873817422860383,0.21544346900318823,1.0,-1.2838095502072733,,,
T3,1.5,0.1873817422860383,0.21544346900318823,10.0,-2.1738410315088794,,,
T3,1.5,0.1873817422860383,1.0,1e-10,-1.270675278446018,,,
T3,1.5,0.1873817422860383,1.0,1e-09,-1.2706520820212048,,,
T3,1.5,0.1873817422860383,1.0,1e-08,-1.2704201624649272,,,
T3,1.5,0.1873817422860383,1.0,1e-07,-1.2681054264510505,,,
T3,1.5,0.1873817422860383,1.0,1e-06,-1.2453943493457866,,,
T3,1.5,0.1873817422860383,1.0,1e-05,-1.054102822188923,,,
T3,1.5,0.1873817422860383,1.0,0.0001,-0.3297720403396873,,,
T3,1.5,0.1873817422860383,1.0,0.001,0.23457555533492397,,,
T3,1.5,0.1873817422860383,1.0,0.01,0.14776601398248462,,,
T3,1.5,0.1873817422860383,1.0,0.1,-0.37569950863852913,,,
T3,1.5,0.1873817422860383,1.0,1.0,-1.1989654030204804,,,
T3,1.5,0.1873817422860383,1.0,10.0,-2.1341164765805525,,,
T3,1.5,0.1873817422860383,4.641588833612772,1e-10,-0.25455748016984076,,,
T3,1.5,0.1873817422860383,4.641588833612772,1e-09,-0.254556097920321,,,
T3,1.5,0.1873817422860383,4.641588833612772,1e-08,-0.25454227604925456,,,
T3,1.5,0.1873817422860383,4.641588833612772,1e-07,-0.25440411913361005,,,
T3,1.5,0.1873817422860383,4.641588833612772,1e-06,-0.25302869908792774,,,
T3,1.5,0.1873817422860383,4.641588833612772,1e-05,-0.2398610199899755,,,
T3,1.5,0.1873817422860383,4.641588833612772,0.0001,-0.14806383881121282,,,
T3,1.5,0.1873817422860383,4.641588833612772,0.001,0.021537412949007795,,,
T3,1.5,0.1873817422860383,4.641588833612772,0.01,-0.08784334139978123,,,
T3,1.5,0.1873817422860383,4.641588833612772,0.1,-0.5016371168729551,,,
T3,1.5,0.1873817422860383,4.641588833612772,1.0,-1.1774387315064918,,,
T3,1.5,0.1873817422860383,4.641588833612772,10.0,-2.070290798613087,,,
T3,1.5,0.1873817422860383,21.54434690031882,1e-10,-0.32684313842428303,,,
T3,1.5,0.1873817422860383,21.54434690031882,1e-09,-0.3268430869388316,,,
T3,1.5,0.1873817422860383,21.54434690031882,1e-08,-0.32684257208975254,,,
T3,1.5,0.1873817422860383,21.54434690031882,1e-07,-0.3268374243308899,,,
T3,1.5,0.1873817422860383,21.54434690031882,1e-06,-0.3267860197837914,,,
T3,1.5,0.1873817422860383,21.54434690031882,1e-05,-0.3262791973449202,,,
T3,1.5,0.1873817422860383,21.54434690031882,0.0001,-0.32186128822990867,,,
T3,1.5,0.1873817422860383,21.54434690031882,0.001,-0.3087356995663578,,,
T3,1.5,0.1873817422860383,21.54434690031882,0.01,-0.3997899288132879,,,
T3,1.5,0.1873817422860383,21.54434690031882,0.1,-0.7266353476034808,,,
T3,1.5,0.1873817422860383,21.54434690031882,1.0,-1.259926964981693,,,
T3,1.5,0.1873817422860383,21.54434690031882,10.0,-2.0280568720171206,,,
T3,1.5,0.1873817422860383,100.0,1e-10,-0.7433127684920052,,,
T3,1.5,0.1873817422860383,100.0,1e-09,-0.7433127741810708,,,
T3,1.5,0.1873817422860383,100.0,1e-08,-0.7433128310683941,,,
T3,1.5,0.1873817422860383,100.0,1e-07,-0.7433133999518796,,,
T3,1.5,0.1873817422860383,100.0,1e-06,-0.7433190890360496,,,
T3,1.5,0.1873817422860383,100.0,1e-05,-0.7433760052885046,,,
T3,1.5,0.1873817422860383,100.0,0.0001,-0.7439475926728781,,,
T3,1.5,0.1873817422860383,100.0,0.001,-0.749816351855246,,,
T3,1.5,0.1873817422860383,100.0,0.01,-0.8032984531432538,,,
T3,1.5,0.1873817422860383,100.0,0.1,-1.0264534674068517,,,
T3,1.5,0.1873817422860383,100.0,1.0,-1.447633014207915,,,
T3,1.5,0.1873817422860383,100.0,10.0,-2.061662298700937,,,
T3,1.5,0.1873817422860383,464.1588833612773,1e-10,-1.2686229650861869,,,
T3,1.5,0.1873817422860383,464.1588833612773,1e-09,-1.2686229674550997,,,
T3,1.5,0.1873817422860383,464.1588833612773,1e-08,-1.2686229911440956,,,
T3,1.5,0.1873817422860383,464.1588833612773,1e-07,-1.2686232280335763,,,
T3,1.5,0.1873817422860383,464.1588833612773,1e-06,-1.268625596890392,,,
T3,1.5,0.1873817422860383,464.1588833612773,1e-05,-1.268649282042333,,,
T3,1.5,0.1873817422860383,464.1588833612773,0.0001,-1.26888579252211,,,
T3,1.5,0.1873817422860383,464.1588833612773,0.001,-1.2712177459200724,,,
T3,1.5,0.1873817422860383,464.1588833612773,0.01,-1.2919165011171112,,,
T3,1.5,0.1873817422860383,464.1588833612773,0.1,-1.4082821174086129,,,
T3,1.5,0.1873817422860383,464.1588833612773,1.0,-1.7158541320972787,,,
T3,1.5,0.1873817422860383,464.1588833612773,10.0,-2.2016424176202007,,,
T3,1.5,0.1873817422860383,2154.4346900318824,1e-10,-1.8283515731830626,,,
T3,1.5,0.1873817422860383,2154.4346900318824,1e-09,-1.8283515737710985,,,
T3,1.5,0.1873817422860383,2154.4346900318824,1e-08,-1.8283515796539689,,,
T3,1.5,0.1873817422860383,2154.4346900318824,1e-07,-1.8283516384791512,,,
T3,1.5,0.1873817422860383,2154.4346900318824,1e-06,-1.8283522267303103,,,
T3,1.5,0.1873817422860383,2154.4346900318824,1e-05,-1.828358109016952,,,
T3,1.5,0.1873817422860383,2154.4346900318824,0.0001,-1.8284169092558067,,,
T3,1.5,0.1873817422860383,2154.4346900318824,0.001,-1.8290026659378689,,,
T3,1.5,0.1873817422860383,2154.4346900318824,0.01,-1.8346509109465614,,,
T3,1.5,0.1873817422860383,2154.4346900318824,0.1,-1.8783177672132958,,,
T3,1.5,0.1873817422860383,2154.4346900318824,1.0,-2.0594198253555627,,,
T3,1.5,0.1873817422860383,2154.4346900318824,10.0,-2.433127887280316,,,
T3,1.5,0.1873817422860383,10000.0,1e-10,-2.3989642387528027,,,
T3,1.5,0.1873817422860383,10000.0,1e-09,-2.3989642388845915,,,
T3,1.5,0.1873817422860383,10000.0,1e-08,-2.3989642402048883,,,
T3,1.5,0.1873817422860383,10000.0,1e-07,-2.398964253409492,,,
T3,1.5,0.1873817422860383,10000.0,1e-06,-2.398964385451138,,,
T3,1.5,0.1873817422860383,10000.0,1e-05,-2.39896570585896,,,
T3,1.5,0.1873817422860383,10000.0,0.0001,-2.398978908788432,,,
T3,1.5,0.1873817422860383,10000.0,0.001,-2.3991108232708327,,,
T3,1.5,0.1873817422860383,10000.0,0.01,-2.4004186731531996,,,
T3,1.5,0.1873817422860383,10000.0,0.1,-2.412522188024396,,,
T3,1.5,0.1873817422860383,10000.0,1.0,-2.490600892354302,,,
T3,1.5,0.1873817422860383,10000.0,10.0,-2.7386589257252067,,,
T3,1.5,0.5336699231206307,0.0001,1e-10,-49995.040464122765,,,
T3,1.5,0.5336699231206307,0.0001,1e-09,-16711.086714966445,,,
T3,1.5,0.5336699231206307,0.0001,1e-08,-4115.249084645816,,,
T3,1.5,0.5336699231206307,0.0001,1e-07,-861.2647496039059,,,
T3,1.5,0.5336699231206307,0.0001,1e-06,-208.85133687002258,,,
T3,1.5,0.5336699231206307,0.0001,1e-05,-90.34833920692867,,,
T3,1.5,0.5336699231206307,0.0001,0.0001,-41.84409512972077,,,
T3,1.5,0.5336699231206307,0.0001,0.001,-14.418618622740473,,,
T3,1.5,0.5336699231206307,0.0001,0.01,-3.267952316591424,,,
T3,1.5,0.5336699231206307,0.0001,0.1,-1.1256432781008858,,,
T3,1.5,0.5336699231206307,0.0001,1.0,-1.4279972683064064,,,
T3,1.5,0.5336699231206307,0.0001,10.0,-2.1911611822599264,,,
T3,1.5,0.5336699231206307,0.00046415888336127773,1e-10,-25904.527709855567,,,
T3,1.5,0.5336699231206307,0.00046415888336127773,1e-09,-11367.095887025282,,,
T3,1.5,0.5336699231206307,0.00046415888336127773,1e-08,-3419.094105439839,,,
T3,1.5,0.5336699231206307,0.00046415888336127773,1e-07,-774.2383276946183,,,
T3,1.5,0.5336699231206307,0.00046415888336127773,1e-06,-160.56584867390401,,,
T3,1.5,0.5336699231206307,0.00046415888336127773,1e-05,-44.789449993287526,,,
T3,1.5,0.5336699231206307,0.00046415888336127773,0.0001,-21.59441843819699,,,
T3,1.5,0.5336699231206307,0.00046415888336127773,0.001,-8.798739549178347,,,
T3,1.5,0.5336699231206307,0.00046415888336127773,0.01,-2.793975802363587,,,
T3,1.5,0.5336699231206307,0.00046415888336127773,0.1,-1.1132864833278908,,,
T3,1.5,0.5336699231206307,0.00046415888336127773,1.0,-1.4276854524991514,,,
T3,1.5,0.5336699231206307,0.00046415888336127773,10.0,-2.191147139240592,,,
T3,1.5,0.5336699231206307,0.002154434690031882,1e-10,-10311.550598770678,,,
T3,1.5,0.5336699231206307,0.002154434690031882,1e-09,-6607.583395331907,,,
T3,1.5,0.5336699231206307,0.002154434690031882,1e-08,-2488.000297441709,,,
T3,1.5,0.5336699231206307,0.002154434690031882,1e-07,-673.190539073638,,,
T3,1.5,0.5336699231206307,0.002154434690031882,1e-06,-142.279383267512,,,
T3,1.5,0.5336699231206307,0.002154434690031882,1e-05,-29.20295384278313,,,
T3,1.5,0.5336699231206307,0.002154434690031882,0.0001,-9.336061152397019,,,
T3,1.5,0.5336699231206307,0.002154434690031882,0.001,-4.507355397266099,,,
T3,1.5,0.5336699231206307,0.002154434690031882,0.01,-1.8238203292109625,,,
T3,1.5,0.5336699231206307,0.002154434690031882,0.1,-1.0624333789587586,,,
T3,1.5,0.5336699231206307,0.002154434690031882,1.0,-1.4262459359393882,,,
T3,1.5,0.5336699231206307,0.002154434690031882,10.0,-2.1910819123304526,,,
T3,1.5,0.5336699231206307,0.01,1e-10,-3490.679231434383,,,
T3,1.5,0.5336699231206307,0.01,1e-09,-2989.8326274487786,,,
T3,1.5,0.5336699231206307,0.01,1e-08,-1576.935202774003,,,
T3,1.5,0.5336699231206307,0.01,1e-07,-524.6812435509207,,,
T3,1.5,0.5336699231206307,0.01,1e-06,-126.79076975688227,,,
T3,1.5,0.5336699231206307,0.01,1e-05,-24.428717425184423,,,
T3,1.5,0.5336699231206307,0.01,0.0001,-4.458477467324519,,,
T3,1.5,0.5336699231206307,0.01,0.001,-1.5359514947814683,,,
T3,1.5,0.5336699231206307,0.01,0.01,-0.8916637619652645,,,
T3,1.5,0.5336699231206307,0.01,0.1,-0.913494952811579,,,
T3,1.5,0.5336699231206307,0.01,1.0,-1.4197591349768999,,,
T3,1.5,0.5336699231206307,0.01,10.0,-2.1907782453307822,,,
T3,1.5,0.5336699231206307,0.046415888336127774,1e-10,-1119.6107295413585,,,
T3,1.5,0.5336699231206307,0.046415888336127774,1e-09,-1076.3343475883335,,,
T3,1.5,0.5336699231206307,0.046415888336127774,1e-08,-815.5982399418667,,,
T3,1.5,0.5336699231206307,0.046415888336127774,1e-07,-356.04188134880644,,,
T3,1.5,0.5336699231206307,0.046415888336127774,1e-06,-105.03718262967406,,,
T3,1.5,0.5336699231206307,0.046415888336127774,1e-05,-21.86327873149466,,,
T3,1.5,0.5336699231206307,0.046415888336127774,0.0001,-3.0323607066835954,,,
T3,1.5,0.5336699231206307,0.046415888336127774,0.001,-0.0855145014410846,,,
T3,1.5,0.5336699231206307,0.046415888336127774,0.01,-0.21623784900144827,,,
T3,1.5,0.5336699231206307,0.046415888336127774,0.1,-0.6999943143412873,,,
T3,1.5,0.5336699231206307,0.046415888336127774,1.0,-1.394353484480221,,,
T3,1.5,0.5336699231206307,0.046415888336127774,10.0,-2.189354345395137,,,
T3,1.5,0.5336699231206307,0.21544346900318823,1e-10,-353.31320441815325,,,
T3,1.5,0.5336699231206307,0.21544346900318823,1e-09,-350.1816035840432,,,
T3,1.5,0.5336699231206307,0.21544346900318823,1e-08,-323.0310895491166,,,
T3,1.5,0.5336699231206307,0.21544346900318823,1e-07,-205.96658796470692,,,
T3,1.5,0.5336699231206307,0.21544346900318823,1e-06,-75.91062973469752,,,
T3,1.5,0.5336699231206307,0.21544346900318823,1e-05,-18.903537047245386,,,
T3,1.5,0.5336699231206307,0.21544346900318823,0.0001,-2.6158069577784646,,,
T3,1.5,0.5336699231206307,0.21544346900318823,0.001,0.3450309047515351,,,
T3,1.5,0.5336699231206307,0.21544346900318823,0.01,0.2015275472149697,,,
T3,1.5,0.5336699231206307,0.21544346900318823,0.1,-0.5304576719942766,,,
T3,1.5,0.5336699231206307,0.21544346900318823,1.0,-1.334204589544094,,,
T3,1.5,0.5336699231206307,0.21544346900318823,10.0,-2.1827568019290964,,,
T3,1.5,0.5336699231206307,1.0,1e-10,-110.19174290989163,,,
T3,1.5,0.5336699231206307,1.0,1e-09,-109.97562673057148,,,
T3,1.5,0.5336699231206307,1.0,1e-08,-107.88517499578151,,,
T3,1.5,0.5336699231206307,1.0,1e-07,-92.06658854876198,,,
T3,1.5,0.5336699231206307,1.0,1e-06,-47.492604909462315,,,
T3,1.5,0.5336699231206307,1.0,1e-05,-14.49448756168798,,,
T3,1.5,0.5336699231206307,1.0,0.0001,-2.3369716994108765,,,
T3,1.5,0.5336699231206307,1.0,0.001,0.3620332533974805,,,
T3,1.5,0.5336699231206307,1.0,0.01,0.3326640453023321,,,
T3,1.5,0.5336699231206307,1.0,0.1,-0.3997854179420563,,,
T3,1.5,0.5336699231206307,1.0,1.0,-1.2689623927708897,,,
T3,1.5,0.5336699231206307,1.0,10.0,-2.158753663263251,,,
T3,1.5,0.5336699231206307,4.641588833612772,1e-10,-33.621889858637374,,,
T3,1.5,0.5336699231206307,4.641588833612772,1e-09,-33.60715700502135,,,
T3,1.5,0.5336699231206307,4.641588833612772,1e-08,-33.46090136040736,,,
T3,1.5,0.5336699231206307,4.641588833612772,1e-07,-32.097108923207585,,,
T3,1.5,0.5336699231206307,4.641588833612772,1e-06,-23.88895636432556,,,
T3,1.5,0.5336699231206307,4.641588833612772,1e-05,-9.514108595887894,,,
T3,1.5,0.5336699231206307,4.641588833612772,0.0001,-1.9098291336635433,,,
T3,1.5,0.5336699231206307,4.641588833612772,0.001,0.25658114330402315,,,
T3,1.5,0.5336699231206307,4.641588833612772,0.01,0.27695737134394494,,,
T3,1.5,0.5336699231206307,4.641588833612772,0.1,-0.34418015541028935,,,
T3,1.5,0.5336699231206307,4.641588833612772,1.0,-1.2125286393228105,,,
T3,1.5,0.5336699231206307,4.641588833612772,10.0,-2.1162177222700294,,,
T3,1.5,0.5336699231206307,21.54434690031882,1e-10,-9.796413014239658,,,
T3,1.5,0.5336699231206307,21.54434690031882,1e-09,-9.795416093462963,,,
T3,1.5,0.5336699231206307,21.54434690031882,1e-08,-9.785462738345085,,,
T3,1.5,0.5336699231206307,21.54434690031882,1e-07,-9.687481175474584,,,
T3,1.5,0.5336699231206307,21.54434690031882,1e-06,-8.838696763587512,,,
T3,1.5,0.5336699231206307,21.54434690031882,1e-05,-5.202017999615263,,,
T3,1.5,0.5336699231206307,21.54434690031882,0.0001,-1.3059852487295527,,,
T3,1.5,0.5336699231206307,21.54434690031882,0.001,0.11450643191766216,,,
T3,1.5,0.5336699231206307,21.54434690031882,0.01,0.12841489601544892,,,
T3,1.5,0.5336699231206307,21.54434690031882,0.1,-0.3929079937898977,,,
T3,1.5,0.5336699231206307,21.54434690031882,1.0,-1.169195635262672,,,
T3,1.5,0.5336699231206307,21.54434690031882,10.0,-2.077025342904732,,,
T3,1.5,0.5336699231206307,100.0,1e-10,-2.655367045148051,,,
T3,1.5,0.5336699231206307,100.0,1e-09,-2.6553007242634408,,,
T3,1.5,0.5336699231206307,100.0,1e-08,-2.654637751475101,,,
T3,1.5,0.5336699231206307,100.0,1e-07,-2.6480308938589716,,,
T3,1.5,0.5336699231206307,100.0,1e-06,-2.5841624565136883,,,
T3,1.5,0.5336699231206307,100.0,1e-05,-2.103508696258516,,,
T3,1.5,0.5336699231206307,100.0,0.0001,-0.7997115264600444,,,
T3,1.5,0.5336699231206307,100.0,0.001,-0.03329397116865458,,,
T3,1.5,0.5336699231206307,100.0,0.01,-0.07372526545092853,,,
T3,1.5,0.5336699231206307,100.0,0.1,-0.5263425953495243,,,
T3,1.5,0.5336699231206307,100.0,1.0,-1.1881549762207602,,,
T3,1.5,0.5336699231206307,100.0,10.0,-2.036184911155698,,,
T3,1.5,0.5336699231206307,464.1588833612773,1e-10,-0.790755171938778,,,
T3,1.5,0.5336699231206307,464.1588833612773,1e-09,-0.7907510001573134,,,
T3,1.5,0.5336699231206307,464.1588833612773,1e-08,-0.7907092828249993,,,
T3,1.5,0.5336699231206307,464.1588833612773,1e-07,-0.7902924367216886,,,
T3,1.5,0.5336699231206307,464.1588833612773,1e-06,-0.7861561917678208,,,
T3,1.5,0.5336699231206307,464.1588833612773,1e-05,-0.7477562249548259,,,
T3,1.5,0.5336699231206307,464.1588833612773,0.0001,-0.5252387734763433,,,
T3,1.5,0.5336699231206307,464.1588833612773,0.001,-0.22826647044231593,,,
T3,1.5,0.5336699231206307,464.1588833612773,0.01,-0.32098409177304754,,,
T3,1.5,0.5336699231206307,464.1588833612773,0.1,-0.7162556886594337,,,
T3,1.5,0.5336699231206307,464.1588833612773,1.0,-1.2907210216146403,,,
T3,1.5,0.5336699231206307,464.1588833612773,10.0,-2.0246881008442332,,,
T3,1.5,0.5336699231206307,2154.4346900318824,1e-10,-0.5947223197039624,,,
T3,1.5,0.5336699231206307,2154.4346900318824,1e-09,-0.5947221100813916,,,
T3,1.5,0.5336699231206307,2154.4346900318824,1e-08,-0.5947200143391554,,,
T3,1.5,0.5336699231206307,2154.4346900318824,1e-07,-0.594699059272459,,,
T3,1.5,0.5336699231206307,2154.4346900318824,1e-06,-0.5944899286213879,,,
T3,1.5,0.5336699231206307,2154.4346900318824,1e-05,-0.5924398279107737,,,
T3,1.5,0.5336699231206307,2154.4346900318824,0.0001,-0.5753891374686235,,,
T3,1.5,0.5336699231206307,2154.4346900318824,0.001,-0.5256130737621997,,,
T3,1.5,0.5336699231206307,2154.4346900318824,0.01,-0.6191074619389058,,,
T3,1.5,0.5336699231206307,2154.4346900318824,0.1,-0.9564184469836713,,,
T3,1.5,0.5336699231206307,2154.4346900318824,1.0,-1.4571334086028838,,,
T3,1.5,0.5336699231206307,2154.4346900318824,10.0,-2.088571889969434,,,
T3,1.5,0.5336699231206307,10000.0,1e-10,-0.9263421114688958,,,
T3,1.5,0.5336699231206307,10000.0,1e-09,-0.9263421132646478,,,
T3,1.5,0.5336699231206307,10000.0,1e-08,-0.9263421312211649,,,
T3,1.5,0.5336699231206307,10000.0,1e-07,-0.9263423114265297,,,
T3,1.5,0.5336699231206307,10000.0,1e-06,-0.9263441168709956,,,
T3,1.5,0.5336699231206307,10000.0,1e-05,-0.9263625257219372,,,
T3,1.5,0.5336699231206307,10000.0,0.0001,-0.9265802802213138,,,
T3,1.5,0.5336699231206307,10000.0,0.001,-0.9309545388215067,,,
T3,1.5,0.5336699231206307,10000.0,0.01,-0.9954808094539589,,,
T3,1.5,0.5336699231206307,10000.0,0.1,-1.248319096107387,,,
T3,1.5,0.5336699231206307,10000.0,1.0,-1.6744833483193315,,,
T3,1.5,0.5336699231206307,10000.0,10.0,-2.2267637255967196,,,
T3,1.5,1.5199110829529332,0.0001,1e-10,-135681.31955764562,,,
T3,1.5,1.5199110829529332,0.0001,1e-09,-27359.917399730337,,,
T3,1.5,1.5199110829529332,0.0001,1e-08,-5839.164321157261,,,
T3,1.5,1.5199110829529332,0.0001,1e-07,-2116.3595702796724,,,
T3,1.5,1.5199110829529332,0.0001,1e-06,-1050.4639730834938,,,
T3,1.5,1.5199110829529332,0.0001,1e-05,-297.000166190249,,,
T3,1.5,1.5199110829529332,0.0001,0.0001,-75.91891580376668,,,
T3,1.5,1.5199110829529332,0.0001,0.001,-18.56615228528677,,,
T3,1.5,1.5199110829529332,0.0001,0.01,-3.403998731378665,,,
T3,1.5,1.5199110829529332,0.0001,0.1,-1.1287521463496941,,,
T3,1.5,1.5199110829529332,0.0001,1.0,-1.4281033327175083,,,
T3,1.5,1.5199110829529332,0.0001,10.0,-2.191168107615148,,,
T3,1.5,1.5199110829529332,0.00046415888336127773,1e-10,-117745.7756936455,,,
T3,1.5,1.5199110829529332,0.00046415888336127773,1e-09,-25312.730324248932,,,
T3,1.5,1.5199110829529332,0.00046415888336127773,1e-08,-5054.938928671484,,,
T3,1.5,1.5199110829529332,0.00046415888336127773,1e-07,-1206.1661179479456,,,
T3,1.5,1.5199110829529332,0.00046415888336127773,1e-06,-541.8768427698644,,,
T3,1.5,1.5199110829529332,0.00046415888336127773,1e-05,-229.4956781573563,,,
T3,1.5,1.5199110829529332,0.00046415888336127773,0.0001,-57.11278890397947,,,
T3,1.5,1.5199110829529332,0.00046415888336127773,0.001,-14.887970012316561,,,
T3,1.5,1.5199110829529332,0.00046415888336127773,0.01,-3.2780606497523728,,,
T3,1.5,1.5199110829529332,0.00046415888336127773,0.1,-1.1272589813639862,,,
T3,1.5,1.5199110829529332,0.00046415888336127773,1.0,-1.4281759877321267,,,
T3,1.5,1.5199110829529332,0.00046415888336127773,10.0,-2.191179271469888,,,
T3,1.5,1.5199110829529332,0.002154434690031882,1e-10,-90703.47437157758,,,
T3,1.5,1.5199110829529332,0.002154434690031882,1e-09,-22713.04441269693,,,
T3,1.5,1.5199110829529332,0.002154434690031882,1e-08,-4685.257032348173,,,
T3,1.5,1.5199110829529332,0.002154434690031882,1e-07,-945.2946825722341,,,
T3,1.5,1.5199110829529332,0.002154434690031882,1e-06,-269.38581961300963,,,
T3,1.5,1.5199110829529332,0.002154434690031882,1e-05,-136.0633829066299,,,
T3,1.5,1.5199110829529332,0.002154434690031882,0.0001,-45.67910562178704,,,
T3,1.5,1.5199110829529332,0.002154434690031882,0.001,-10.64460891346418,,,
T3,1.5,1.5199110829529332,0.002154434690031882,0.01,-2.837855385186338,,,
T3,1.5,1.5199110829529332,0.002154434690031882,0.1,-1.1190443779734283,,,
T3,1.5,1.5199110829529332,0.002154434690031882,1.0,-1.4284857902854402,,,
T3,1.5,1.5199110829529332,0.002154434690031882,10.0,-2.1912307903559247,,,
T3,1.5,1.5199110829529332,0.01,1e-10,-60949.32646614303,,,
T3,1.5,1.5199110829529332,0.01,1e-09,-18703.500365983597,,,
T3,1.5,1.5199110829529332,0.01,1e-08,-4285.706538438424,,,
T3,1.5,1.5199110829529332,0.01,1e-07,-860.8367906269692,,,
T3,1.5,1.5199110829529332,0.01,1e-06,-180.93918140057974,,,
T3,1.5,1.5199110829529332,0.01,1e-05,-64.00719040164111,,,
T3,1.5,1.5199110829529332,0.01,0.0001,-31.18708430804521,,,
T3,1.5,1.5199110829529332,0.01,0.001,-8.18804679334393,,,
T3,1.5,1.5199110829529332,0.01,0.01,-2.034712681042514,,,
T3,1.5,1.5199110829529332,0.01,0.1,-1.0770605966016304,,,
T3,1.5,1.5199110829529332,0.01,1.0,-1.4294529114042995,,,
T3,1.5,1.5199110829529332,0.01,10.0,-2.1914636354895562,,,
T3,1.5,1.5199110829529332,0.046415888336127774,1e-10,-34787.85454478886,,,
T3,1.5,1.5199110829529332,0.046415888336127774,1e-09,-13435.265059248053,,,
T3,1.5,1.5199110829529332,0.046415888336127774,1e-08,-3718.779347774219,,,
T3,1.5,1.5199110829529332,0.046415888336127774,1e-07,-796.2767850771668,,,
T3,1.5,1.5199110829529332,0.046415888336127774,1e-06,-156.25345831789525,,,
T3,1.5,1.5199110829529332,0.046415888336127774,1e-05,-35.233506167135175,,,
T3,1.5,1.5199110829529332,0.046415888336127774,0.0001,-15.070897425600212,,,
T3,1.5,1.5199110829529332,0.046415888336127774,0.001,-6.065486045999601,,,
T3,1.5,1.5199110829529332,0.046415888336127774,0.01,-1.4328952038135805,,,
T3,1.5,1.5199110829529332,0.046415888336127774,0.1,-0.9505165463820948,,,
T3,1.5,1.5199110829529332,0.046415888336127774,1.0,-1.429190205833432,,,
T3,1.5,1.5199110829529332,0.046415888336127774,10.0,-2.1924232052835793,,,
T3,1.5,1.5199110829529332,0.21544346900318823,1e-10,-15355.638574463572,,,
T3,1.5,1.5199110829529332,0.21544346900318823,1e-09,-8405.663764326568,,,
T3,1.5,1.5199110829529332,0.21544346900318823,1e-08,-2863.921671908577,,,
T3,1.5,1.5199110829529332,0.21544346900318823,1e-07,-714.2884718340939,,,
T3,1.5,1.5199110829529332,0.21544346900318823,1e-06,-144.72113228781154,,,
T3,1.5,1.5199110829529332,0.21544346900318823,1e-05,-27.06786351753953,,,
T3,1.5,1.5199110829529332,0.21544346900318823,0.0001,-6.4321462776653515,,,
T3,1.5,1.5199110829529332,0.21544346900318823,0.001,-3.0937952200894228,,,
T3,1.5,1.5199110829529332,0.21544346900318823,0.01,-1.0842961214757891,,,
T3,1.5,1.5199110829529332,0.21544346900318823,0.1,-0.7999655730589738,,,
T3,1.5,1.5199110829529332,0.21544346900318823,1.0,-1.4129923229630579,,,
T3,1.5,1.5199110829529332,0.21544346900318823,10.0,-2.195160590430107,,,
T3,1.5,1.5199110829529332,1.0,1e-10,-5457.5091380715185,,,
T3,1.5,1.5199110829529332,1.0,1e-09,-4250.858541846669,,,
T3,1.5,1.5199110829529332,1.0,1e-08,-1923.3742529595995,,,
T3,1.5,1.5199110829529332,1.0,1e-07,-587.7643256604813,,,
T3,1.5,1.5199110829529332,1.0,1e-06,-132.28474958860494,,,
T3,1.5,1.5199110829529332,1.0,1e-05,-24.53461259199203,,,
T3,1.5,1.5199110829529332,1.0,0.0001,-3.6827200634371664,,,
T3,1.5,1.5199110829529332,1.0,0.001,-0.7784378040705496,,,
T3,1.5,1.5199110829529332,1.0,0.01,-0.6270471782836247,,,
T3,1.5,1.5199110829529332,1.0,0.1,-0.7273338810407062,,,
T3,1.5,1.5199110829529332,1.0,1.0,-1.370617250543123,,,
T3,1.5,1.5199110829529332,1.0,10.0,-2.1963351764079215,,,
T3,1.5,1.5199110829529332,4.641588833612772,1e-10,-1775.478907486419,,,
T3,1.5,1.5199110829529332,4.641588833612772,1e-09,-1654.8716828983192,,,
T3,1.5,1.5199110829529332,4.641588833612772,1e-08,-1096.5182092669452,,,
T3,1.5,1.5199110829529332,4.641588833612772,1e-07,-421.4934923293107,,,
T3,1.5,1.5199110829529332,4.641588833612772,1e-06,-114.60144596098071,,,
T3,1.5,1.5199110829529332,4.641588833612772,1e-05,-22.670779960104504,,,
T3,1.5,1.5199110829529332,4.641588833612772,0.0001,-3.0157502662064184,,,
T3,1.5,1.5199110829529332,4.641588833612772,0.001,0.12230601159942207,,,
T3,1.5,1.5199110829529332,4.641588833612772,0.01,-0.08415892278403554,,,
T3,1.5,1.5199110829529332,4.641588833612772,0.1,-0.6723312140348825,,,
T3,1.5,1.5199110829529332,4.641588833612772,1.0,-1.3444705833716792,,,
T3,1.5,1.5199110829529332,4.641588833612772,10.0,-2.182103788276432,,,
T3,1.5,1.5199110829529332,21.54434690031882,1e-10,-563.1860662785141,,,
T3,1.5,1.5199110829529332,21.54434690031882,1e-09,-554.0325276319065,,,
T3,1.5,1.5199110829529332,21.54434690031882,1e-08,-482.52627576692447,,,
T3,1.5,1.5199110829529332,21.54434690031882,1e-07,-262.8451199404665,,,
T3,1.5,1.5199110829529332,21.54434690031882,1e-06,-87.86344779020727,,,
T3,1.5,1.5199110829529332,21.54434690031882,1e-05,-20.2990555232957,,,
T3,1.5,1.5199110829529332,21.54434690031882,0.0001,-2.8091080856241453,,,
T3,1.5,1.5199110829529332,21.54434690031882,0.001,0.29668983177166225,,,
T3,1.5,1.5199110829529332,21.54434690031882,0.01,0.21085077156599183,,,
T3,1.5,1.5199110829529332,21.54434690031882,0.1,-0.5612558731055965,,,
T3,1.5,1.5199110829529332,21.54434690031882,1.0,-1.3464126422967007,,,
T3,1.5,1.5199110829529332,21.54434690031882,10.0,-2.1609788352261807,,,
T3,1.5,1.5199110829529332,100.0,1e-10,-176.71639147618234,,,
T3,1.5,1.5199110829529332,100.0,1e-09,-176.0771890021364,,,
T3,1.5,1.5199110829529332,100.0,1e-08,-170.0626762583608,,,
T3,1.5,1.5199110829529332,100.0,1e-07,-131.93780526144428,,,
T3,1.5,1.5199110829529332,100.0,1e-06,-58.48208463767919,,,
T3,1.5,1.5199110829529332,100.0,1e-05,-16.566780479474932,,,
T3,1.5,1.5199110829529332,100.0,0.0001,-2.6143484455519066,,,
T3,1.5,1.5199110829529332,100.0,0.001,0.2392561361204722,,,
T3,1.5,1.5199110829529332,100.0,0.01,0.25029319538976,,,
T3,1.5,1.5199110829529332,100.0,0.1,-0.4512973051182465,,,
T3,1.5,1.5199110829529332,100.0,1.0,-1.3329821704339646,,,
T3,1.5,1.5199110829529332,100.0,10.0,-2.163733642569589,,,
T3,1.5,1.5199110829529332,464.1588833612773,1e-10,-54.65562643898063,,,
T3,1.5,1.5199110829529332,464.1588833612773,1e-09,-54.611901017294294,,,
T3,1.5,1.5199110829529332,464.1588833612773,1e-08,-54.18054844833797,,,
T3,1.5,1.5199110829529332,464.1588833612773,1e-07,-50.37510536123767,,,
T3,1.5,1.5199110829529332,464.1588833612773,1e-06,-32.776938179571644,,,
T3,1.5,1.5199110829529332,464.1588833612773,1e-05,-11.634229918116777,,,
T3,1.5,1.5199110829529332,464.1588833612773,0.0001,-2.299661603941165,,,
T3,1.5,1.5199110829529332,464.1588833612773,0.001,0.12046169825477752,,,
T3,1.5,1.5199110829529332,464.1588833612773,0.01,0.15772332320702703,,,
T3,1.5,1.5199110829529332,464.1588833612773,0.1,-0.43197325754658716,,,
T3,1.5,1.5199110829529332,464.1588833612773,1.0,-1.282564858365557,,,
T3,1.5,1.5199110829529332,464.1588833612773,10.0,-2.1741129028493176,,,
T3,1.5,1.5199110829529332,2154.4346900318824,1e-10,-16.433702732031087,,,
T3,1.5,1.5199110829529332,2154.4346900318824,1e-09,-16.430734824131314,,,
T3,1.5,1.5199110829529332,2154.4346900318824,1e-08,-16.401136781388452,,,
T3,1.5,1.5199110829529332,2154.4346900318824,1e-07,-16.113605008230202,,,
T3,1.5,1.5199110829529332,2154.4346900318824,1e-06,-13.869496013854501,,,
T3,1.5,1.5199110829529332,2154.4346900318824,1e-05,-7.018913217679551,,,
T3,1.5,1.5199110829529332,2154.4346900318824,0.0001,-1.7491069608174612,,,
T3,1.5,1.5199110829529332,2154.4346900318824,0.001,-0.02551145802654169,,,
T3,1.5,1.5199110829529332,2154.4346900318824,0.01,0.006215933578823574,,,
T3,1.5,1.5199110829529332,2154.4346900318824,0.1,-0.5102952301004567,,,
T3,1.5,1.5199110829529332,2154.4346900318824,1.0,-1.251407436022502,,,
T3,1.5,1.5199110829529332,2154.4346900318824,10.0,-2.1534981663431028,,,
T3,1.5,1.5199110829529332,10000.0,1e-10,-4.739355372020293,,,
T3,1.5,1.5199110829529332,10000.0,1e-09,-4.739155967646336,,,
T3,1.5,1.5199110829529332,10000.0,1e-08,-4.737163951595358,,,
T3,1.5,1.5199110829529332,10000.0,1e-07,-4.717371068450553,,,
T3,1.5,1.5199110829529332,10000.0,1e-06,-4.531257548163197,,,
T3,1.5,1.5199110829529332,10000.0,1e-05,-3.3584169141341023,,,
T3,1.5,1.5199110829529332,10000.0,0.0001,-1.1813444564124513,,,
T3,1.5,1.5199110829529332,10000.0,0.001,-0.17625633473309837,,,
T3,1.5,1.5199110829529332,10000.0,0.01,-0.18613853790741902,,,
T3,1.5,1.5199110829529332,10000.0,0.1,-0.6496535667703534,,,
T3,1.5,1.5199110829529332,10000.0,1.0,-1.297662224198693,,,
T3,1.5,1.5199110829529332,10000.0,10.0,-2.113280433446497,,,
T3,1.5,4.328761281083057,0.0001,1e-10,-188599.71121782676,,,
T3,1.5,4.328761281083057,0.0001,1e-09,-68666.6436862509,,,
T3,1.5,4.328761281083057,0.0001,1e-08,-34265.2242629244,,,
T3,1.5,4.328761281083057,0.0001,1e-07,-9239.543305348401,,,
T3,1.5,4.328761281083057,0.0001,1e-06,-1860.636893782299,,,
T3,1.5,4.328761281083057,0.0001,1e-05,-420.19545663172056,,,
T3,1.5,4.328761281083057,0.0001,0.0001,-106.3051059606175,,,
T3,1.5,4.328761281083057,0.0001,0.001,-20.142359981548218,,,
T3,1.5,4.328761281083057,0.0001,0.01,-3.438508741908742,,,
T3,1.5,4.328761281083057,0.0001,0.1,-1.1294971616697604,,,
T3,1.5,4.328761281083057,0.0001,1.0,-1.4281286090433127,,,
T3,1.5,4.328761281083057,0.0001,10.0,-2.1911697572728417,,,
T3,1.5,4.328761281083057,0.00046415888336127773,1e-10,-163255.4502536959,,,
T3,1.5,4.328761281083057,0.00046415888336127773,1e-09,-39106.25283996225,,,
T3,1.5,4.328761281083057,0.00046415888336127773,1e-08,-17692.37874071601,,,
T3,1.5,4.328761281083057,0.00046415888336127773,1e-07,-7514.986605949171,,,
T3,1.5,4.328761281083057,0.00046415888336127773,1e-06,-1723.030782196785,,,
T3,1.5,4.328761281083057,0.00046415888336127773,1e-05,-345.8969174622135,,,
T3,1.5,4.328761281083057,0.00046415888336127773,0.0001,-84.32383602958382,,,
T3,1.5,4.328761281083057,0.00046415888336127773,0.001,-19.17902935772383,,,
T3,1.5,4.328761281083057,0.00046415888336127773,0.01,-3.4266953407398852,,,
T3,1.5,4.328761281083057,0.00046415888336127773,0.1,-1.130680927638301,,,
T3,1.5,4.328761281083057,0.00046415888336127773,1.0,-1.42829309301391,,,
T3,1.5,4.328761281083057,0.00046415888336127773,10.0,-2.191186926602909,,,
T3,1.5,4.328761281083057,0.002154434690031882,1e-10,-152210.2388566398,,,
T3,1.5,4.328761281083057,0.002154434690031882,1e-09,-30633.97222098357,,,
T3,1.5,4.328761281083057,0.002154434690031882,1e-08,-8832.495976806016,,,
T3,1.5,4.328761281083057,0.002154434690031882,1e-07,-4514.253379438361,,,
T3,1.5,4.328761281083057,0.002154434690031882,1e-06,-1518.7557676063352,,,
T3,1.5,4.328761281083057,0.002154434690031882,1e-05,-316.0968042031872,,,
T3,1.5,4.328761281083057,0.002154434690031882,0.0001,-64.96735852596609,,,
T3,1.5,4.328761281083057,0.002154434690031882,0.001,-16.258674837568524,,,
T3,1.5,4.328761281083057,0.002154434690031882,0.01,-3.3516978008568024,,,
T3,1.5,4.328761281083057,0.002154434690031882,0.1,-1.1342736900139037,,,
T3,1.5,4.328761281083057,0.002154434690031882,1.0,-1.4290249025167108,,,
T3,1.5,4.328761281083057,0.002154434690031882,10.0,-2.1912662816638404,,,
T3,1.5,4.328761281083057,0.01,1e-10,-140918.2919924446,,,
T3,1.5,4.328761281083057,0.01,1e-09,-27966.225941937184,,,
T3,1.5,4.328761281083057,0.01,1e-08,-5958.75611550573,,,
T3,1.5,4.328761281083057,0.01,1e-07,-2166.9412806870205,,,
T3,1.5,4.328761281083057,0.01,1e-06,-1079.9619037368534,,,
T3,1.5,4.328761281083057,0.01,1e-05,-289.39529348224835,,,
T3,1.5,4.328761281083057,0.01,0.0001,-56.84066485199188,,,
T3,1.5,4.328761281083057,0.01,0.001,-12.110065681948587,,,
T3,1.5,4.328761281083057,0.01,0.01,-3.0375383501767024,,,
T3,1.5,4.328761281083057,0.01,0.1,-1.1375820021474212,,,
T3,1.5,4.328761281083057,0.01,1.0,-1.4318765862003793,,,
T3,1.5,4.328761281083057,0.01,10.0,-2.191627519955906,,,
T3,1.5,4.328761281083057,0.046415888336127774,1e-10,-125944.19988473118,,,
T3,1.5,4.328761281083057,0.046415888336127774,1e-09,-26115.52414475571,,,
T3,1.5,4.328761281083057,0.046415888336127774,1e-08,-5157.404825423053,,,
T3,1.5,4.328761281083057,0.046415888336127774,1e-07,-1232.1639265032632,,,
T3,1.5,4.328761281083057,0.046415888336127774,1e-06,-555.8482250557762,,,
T3,1.5,4.328761281083057,0.046415888336127774,1e-05,-234.88340548908022,,,
T3,1.5,4.328761281083057,0.046415888336127774,0.0001,-52.52116450331961,,,
T3,1.5,4.328761281083057,0.046415888336127774,0.001,-9.76506601181535,,,
T3,1.5,4.328761281083057,0.046415888336127774,0.01,-2.3317547268913854,,,
T3,1.5,4.328761281083057,0.046415888336127774,0.1,-1.117343560365946,,,
T3,1.5,4.328761281083057,0.046415888336127774,1.0,-1.4393970966587522,,,
T3,1.5,4.328761281083057,0.046415888336127774,10.0,-2.1931676409639267,,,
T3,1.5,4.328761281083057,0.21544346900318823,1e-10,-102543.52073237365,,,
T3,1.5,4.328761281083057,0.21544346900318823,1e-09,-23847.08844051793,,,
T3,1.5,4.328761281083057,0.21544346900318823,1e-08,-4808.270873323094,,,
T3,1.5,4.328761281083057,0.21544346900318823,1e-07,-964.3231037903324,,,
T3,1.5,4.328761281083057,0.21544346900318823,1e-06,-275.6486796714551,,,
T3,1.5,4.328761281083057,0.21544346900318823,1e-05,-139.9760919954742,,,
T3,1.5,4.328761281083057,0.21544346900318823,0.0001,-46.09364923935381,,,
T3,1.5,4.328761281083057,0.21544346900318823,0.001,-8.849209146844377,,,
T3,1.5,4.328761281083057,0.21544346900318823,0.01,-1.711644759043989,,,
T3,1.5,4.328761281083057,0.21544346900318823,0.1,-1.0227366268563172,,,
T3,1.5,4.328761281083057,0.21544346900318823,1.0,-1.4485955339664667,,,
T3,1.5,4.328761281083057,0.21544346900318823,10.0,-2.1983824676438997,,,
T3,1.5,4.328761281083057,1.0,1e-10,-72744.93205767819,,,
T3,1.5,4.328761281083057,1.0,1e-09,-20537.14336333742,,,
T3,1.5,4.328761281083057,1.0,1e-08,-4451.371397649729,,,
T3,1.5,4.328761281083057,1.0,1e-07,-880.0886793198067,,,
T3,1.5,4.328761281083057,1.0,1e-06,-184.81432166357337,,,
T3,1.5,4.328761281083057,1.0,1e-05,-65.70837565477402,,,
T3,1.5,4.328761281083057,1.0,0.0001,-32.224093903302524,,,
T3,1.5,4.328761281083057,1.0,0.001,-8.039090570277585,,,
T3,1.5,4.328761281083057,1.0,0.01,-1.471947888813449,,,
T3,1.5,4.328761281083057,1.0,0.1,-0.8776007487771114,,,
T3,1.5,4.328761281083057,1.0,1.0,-1.444259348676399,,,
T3,1.5,4.328761281083057,1.0,10.0,-2.208926372984176,,,
T3,1.5,4.328761281083057,4.641588833612772,1e-10,-44861.98242989949,,,
T3,1.5,4.328761281083057,4.641588833612772,1e-09,-15614.24659617857,,,
T3,1.5,4.328761281083057,4.641588833612772,1e-08,-3978.07557936552,,,
T3,1.5,4.328761281083057,4.641588833612772,1e-07,-821.7287361107965,,,
T3,1.5,4.328761281083057,4.641588833612772,1e-06,-159.57798714318437,,,
T3,1.5,4.328761281083057,4.641588833612772,1e-05,-36.152402070786565,,,
T3,1.5,4.328761281083057,4.641588833612772,0.0001,-15.61587704917728,,,
T3,1.5,4.328761281083057,4.641588833612772,0.001,-6.338656563058307,,,
T3,1.5,4.328761281083057,4.641588833612772,0.01,-1.3673402712788856,,,
T3,1.5,4.328761281083057,4.641588833612772,0.1,-0.8079717839330496,,,
T3,1.5,4.328761281083057,4.641588833612772,1.0,-1.4112656759931919,,,
T3,1.5,4.328761281083057,4.641588833612772,10.0,-2.2185111245902385,,,
T3,1.5,4.328761281083057,21.54434690031882,1e-10,-22148.416707272525,,,
T3,1.5,4.328761281083057,21.54434690031882,1e-09,-10364.273354712299,,,
T3,1.5,4.328761281083057,21.54434690031882,1e-08,-3238.3542186297855,,,
T3,1.5,4.328761281083057,21.54434690031882,1e-07,-750.1984447004754,,,
T3,1.5,4.328761281083057,21.54434690031882,1e-06,-148.68367842948084,,,
T3,1.5,4.328761281083057,21.54434690031882,1e-05,-27.758746087491932,,,
T3,1.5,4.328761281083057,21.54434690031882,0.0001,-6.729737396114752,,,
T3,1.5,4.328761281083057,21.54434690031882,0.001,-3.3216267598448885,,,
T3,1.5,4.328761281083057,21.54434690031882,0.01,-1.1963122796984946,,,
T3,1.5,4.328761281083057,21.54434690031882,0.1,-0.8055153062164819,,,
T3,1.5,4.328761281083057,21.54434690031882,1.0,-1.383651673056604,,,
T3,1.5,4.328761281083057,21.54434690031882,10.0,-2.213262175746066,,,
T3,1.5,4.328761281083057,100.0,1e-10,-8463.56856369532,,,
T3,1.5,4.328761281083057,100.0,1e-09,-5798.5255728944885,,,
T3,1.5,4.328761281083057,100.0,1e-08,-2296.372987132977,,,
T3,1.5,4.328761281083057,100.0,1e-07,-645.7787175244371,,,
T3,1.5,4.328761281083057,100.0,1e-06,-137.58075446113136,,,
T3,1.5,4.328761281083057,100.0,1e-05,-25.2221403140672,,,
T3,1.5,4.328761281083057,100.0,0.0001,-3.8985784312047995,,,
T3,1.5,4.328761281083057,100.0,0.001,-0.9338851299337785,,,
T3,1.5,4.328761281083057,100.0,0.01,-0.7640434250439966,,,
T3,1.5,4.328761281083057,100.0,0.1,-0.8141544393376872,,,
T3,1.5,4.328761281083057,100.0,1.0,-1.3933635408089307,,,
T3,1.5,4.328761281083057,100.0,10.0,-2.1947272387531283,,,
T3,1.5,4.328761281083057,464.1588833612773,1e-10,-2820.61509514674,,,
T3,1.5,4.328761281083057,464.1588833612773,1e-09,-2496.097968040523,,,
T3,1.5,4.328761281083057,464.1588833612773,1e-08,-1415.0465324120978,,,
T3,1.5,4.328761281083057,464.1588833612773,1e-07,-490.40365941294186,,,
T3,1.5,4.328761281083057,464.1588833612773,1e-06,-122.84027100923734,,,
T3,1.5,4.328761281083057,464.1588833612773,1e-05,-23.54102509475953,,,
T3,1.5,4.328761281083057,464.1588833612773,0.0001,-3.2051538303275633,,,
T3,1.5,4.328761281083057,464.1588833612773,0.001,-0.0035250373787504507,,,
T3,1.5,4.328761281083057,464.1588833612773,0.01,-0.20455841439964156,,,
T3,1.5,4.328761281083057,464.1588833612773,0.1,-0.7837652435325235,,,
T3,1.5,4.328761281083057,464.1588833612773,1.0,-1.4220425345113017,,,
T3,1.5,4.328761281083057,464.1588833612773,10.0,-2.197051813408446,,,
T3,1.5,4.328761281083057,2154.4346900318824,1e-10,-900.9854521453271,,,
T3,1.5,4.328761281083057,2154.4346900318824,1e-09,-874.3124427909177,,,
T3,1.5,4.328761281083057,2154.4346900318824,1e-08,-697.2772835765677,,,
T3,1.5,4.328761281083057,2154.4346900318824,1e-07,-324.7552569806469,,,
T3,1.5,4.328761281083057,2154.4346900318824,1e-06,-99.72244023698383,,,
T3,1.5,4.328761281083057,2154.4346900318824,1e-05,-21.48297379930542,,,
T3,1.5,4.328761281083057,2154.4346900318824,0.0001,-3.006922048490188,,,
T3,1.5,4.328761281083057,2154.4346900318824,0.001,0.18569115954563636,,,
T3,1.5,4.328761281083057,2154.4346900318824,0.01,0.10189802038559215,,,
T3,1.5,4.328761281083057,2154.4346900318824,0.1,-0.6725613532827749,,,
T3,1.5,4.328761281083057,2154.4346900318824,1.0,-1.4488620422529377,,,
T3,1.5,4.328761281083057,2154.4346900318824,10.0,-2.223479592086042,,,
T3,1.5,4.328761281083057,10000.0,1e-10,-283.99106367654497,,,
T3,1.5,4.328761281083057,10000.0,1e-09,-282.0885201180191,,,
T3,1.5,4.328761281083057,10000.0,1e-08,-265.0463625955303,,,
T3,1.5,4.328761281083057,10000.0,1e-07,-180.82214026515686,,,
T3,1.5,4.328761281083057,10000.0,1e-06,-70.26637399090843,,,
T3,1.5,4.328761281083057,10000.0,1e-05,-18.43083696010691,,,
T3,1.5,4.328761281083057,10000.0,0.0001,-2.839046265404328,,,
T3,1.5,4.328761281083057,10000.0,0.001,0.138785032336835,,,
T3,1.5,4.328761281083057,10000.0,0.01,0.1501514813620517,,,
T3,1.5,4.328761281083057,10000.0,0.1,-0.5578641058438741,,,
T3,1.5,4.328761281083057,10000.0,1.0,-1.4415174961364425,,,
T3,1.5,4.328761281083057,10000.0,10.0,-2.258010117351526,,,
T3,1.5,12.32846739442066,0.0001,1e-10,-1216288.5774133955,,,
T3,1.5,12.32846739442066,0.0001,1e-09,-297454.8791101512,,,
T3,1.5,12.32846739442066,0.0001,1e-08,-57028.85588720695,,,
T3,1.5,12.32846739442066,0.0001,1e-07,-10663.665757108312,,,
T3,1.5,12.32846739442066,0.0001,1e-06,-2302.8101786331595,,,
T3,1.5,12.32846739442066,0.0001,1e-05,-592.2357394154179,,,
T3,1.5,12.32846739442066,0.0001,0.0001,-117.85881109304653,,,
T3,1.5,12.32846739442066,0.0001,0.001,-20.406674026690894,,,
T3,1.5,12.32846739442066,0.0001,0.01,-3.4434967182965686,,,
T3,1.5,12.32846739442066,0.0001,0.1,-1.1296030931800267,,,
T3,1.5,12.32846739442066,0.0001,1.0,-1.4281321973778947,,,
T3,1.5,12.32846739442066,0.0001,10.0,-2.1911699914354257,,,
T3,1.5,12.32846739442066,0.00046415888336127773,1e-10,-671402.8273897606,,,
T3,1.5,12.32846739442066,0.00046415888336127773,1e-09,-255785.46759005246,,,
T3,1.5,12.32846739442066,0.00046415888336127773,1e-08,-54652.09241659504,,,
T3,1.5,12.32846739442066,0.00046415888336127773,1e-07,-10296.063564162916,,,
T3,1.5,12.32846739442066,0.00046415888336127773,1e-06,-1960.2791624429785,,,
T3,1.5,12.32846739442066,0.00046415888336127773,1e-05,-464.5953192566546,,,
T3,1.5,12.32846739442066,0.00046415888336127773,0.0001,-111.23510340076764,,,
T3,1.5,12.32846739442066,0.00046415888336127773,0.001,-20.28304398193037,,,
T3,1.5,12.32846739442066,0.00046415888336127773,0.01,-3.449567101073697,,,
T3,1.5,12.32846739442066,0.00046415888336127773,0.1,-1.1311705205594218,,,
T3,1.5,12.32846739442066,0.00046415888336127773,1.0,-1.42830972619989,,,
T3,1.5,12.32846739442066,0.00046415888336127773,10.0,-2.19118801326435,,,
T3,1.5,12.32846739442066,0.002154434690031882,1e-10,-326442.0909699347,,,
T3,1.5,12.32846739442066,0.002154434690031882,1e-09,-167184.62190980703,,,
T3,1.5,12.32846739442066,0.002154434690031882,1e-08,-50112.662136139246,,,
T3,1.5,12.32846739442066,0.002154434690031882,1e-07,-9947.685349840644,,,
T3,1.5,12.32846739442066,0.002154434690031882,1e-06,-1855.4656187097462,,,
T3,1.5,12.32846739442066,0.002154434690031882,1e-05,-368.5345309732114,,,
T3,1.5,12.32846739442066,0.002154434690031882,0.0001,-93.02493138867732,,,
T3,1.5,12.32846739442066,0.002154434690031882,0.001,-19.694604655941717,,,
T3,1.5,12.32846739442066,0.002154434690031882,0.01,-3.4525450987344932,,,
T3,1.5,12.32846739442066,0.002154434690031882,0.1,-1.1365158953256824,,,
T3,1.5,12.32846739442066,0.002154434690031882,1.0,-1.429101658376804,,,
T3,1.5,12.32846739442066,0.002154434690031882,10.0,-2.191271320689886,,,
T3,1.5,12.32846739442066,0.01,1e-10,-203749.3122913197,,,
T3,1.5,12.32846739442066,0.01,1e-09,-82299.05688262433,,,
T3,1.5,12.32846739442066,0.01,1e-08,-38457.26023292215,,,
T3,1.5,12.32846739442066,0.01,1e-07,-9401.987193293531,,,
T3,1.5,12.32846739442066,0.01,1e-06,-1799.8235504672205,,,
T3,1.5,12.32846739442066,0.01,1e-05,-334.41180761741776,,,
T3,1.5,12.32846739442066,0.01,0.0001,-70.83224479393819,,,
T3,1.5,12.32846739442066,0.01,0.001,-17.592347751527846,,,
T3,1.5,12.32846739442066,0.01,0.01,-3.4165342401367793,,,
T3,1.5,12.32846739442066,0.01,0.1,-1.147655721782034,,,
T3,1.5,12.32846739442066,0.01,1.0,-1.4322256199398489,,,
T3,1.5,12.32846739442066,0.01,10.0,-2.1916508090552105,,,
T3,1.5,12.32846739442066,0.046415888336127774,1e-10,-168806.23247645315,,,
T3,1.5,12.32846739442066,0.046415888336127774,1e-09,-43906.32882576065,,,
T3,1.5,12.32846739442066,0.046415888336127774,1e-08,-21226.43337487617,,,
T3,1.5,12.32846739442066,0.046415888336127774,1e-07,-8084.317230855709,,,
T3,1.5,12.32846739442066,0.046415888336127774,1e-06,-1724.7040947815299,,,
T3,1.5,12.32846739442066,0.046415888336127774,1e-05,-322.8205101119156,,,
T3,1.5,12.32846739442066,0.046415888336127774,0.0001,-60.00975983792635,,,
T3,1.5,12.32846739442066,0.046415888336127774,0.001,-13.544066570357273,,,
T3,1.5,12.32846739442066,0.046415888336127774,0.01,-3.217764842844384,,,
T3,1.5,12.32846739442066,0.046415888336127774,0.1,-1.1593824769794616,,,
T3,1.5,12.32846739442066,0.046415888336127774,1.0,-1.4409484120414628,,,
T3,1.5,12.32846739442066,0.046415888336127774,10.0,-2.1932738923724697,,,
T3,1.5,12.32846739442066,0.21544346900318823,1e-10,-156171.7588260448,,,
T3,1.5,12.32846739442066,0.21544346900318823,1e-09,-32185.35667989924,,,
T3,1.5,12.32846739442066,0.21544346900318823,1e-08,-10317.782597973062,,,
T3,1.5,12.32846739442066,0.21544346900318823,1e-07,-5282.508136749744,,,
T3,1.5,12.32846739442066,0.21544346900318823,1e-06,-1581.1946929566968,,,
T3,1.5,12.32846739442066,0.21544346900318823,1e-05,-311.8420323608904,,,
T3,1.5,12.32846739442066,0.21544346900318823,0.0001,-56.724073022178516,,,
T3,1.5,12.32846739442066,0.21544346900318823,0.001,-10.50248504380946,,,
T3,1.5,12.32846739442066,0.21544346900318823,0.01,-2.6374826827999054,,,
T3,1.5,12.32846739442066,0.21544346900318823,0.1,-1.1550208043546997,,,
T3,1.5,12.32846739442066,0.21544346900318823,1.0,-1.455319399753969,,,
T3,1.5,12.32846739442066,0.21544346900318823,10.0,-2.1988525444107916,,,
T3,1.5,12.32846739442066,1.0,1e-10,-145768.9289392862,,,
T3,1.5,12.32846739442066,1.0,1e-09,-28716.995742203515,,,
T3,1.5,12.32846739442066,1.0,1e-08,-6437.918174910634,,,
T3,1.5,12.32846739442066,1.0,1e-07,-2598.151756069387,,,
T3,1.5,12.32846739442066,1.0,1e-06,-1212.6359504573106,,,
T3,1.5,12.32846739442066,1.0,1e-05,-294.6272708889747,,,
T3,1.5,12.32846739442066,1.0,0.0001,-55.00052717564163,,,
T3,1.5,12.32846739442066,1.0,0.001,-9.44444572987337,,,
T3,1.5,12.32846739442066,1.0,0.01,-1.9232334314974928,,,
T3,1.5,12.32846739442066,1.0,0.1,-1.0928563705507066,,,
T3,1.5,12.32846739442066,1.0,1.0,-1.4698799046731075,,,
T3,1.5,12.32846739442066,1.0,10.0,-2.2109603076021083,,,
T3,1.5,12.32846739442066,4.641588833612772,1e-10,-132707.7826671871,,,
T3,1.5,12.32846739442066,4.641588833612772,1e-09,-26880.67717955361,,,
T3,1.5,12.32846739442066,4.641588833612772,1e-08,-5333.009347426061,,,
T3,1.5,12.32846739442066,4.641588833612772,1e-07,-1384.055108372031,,,
T3,1.5,12.32846739442066,4.641588833612772,1e-06,-667.7228472613467,,,
T3,1.5,12.32846739442066,4.641588833612772,1e-05,-252.99141777986142,,,
T3,1.5,12.32846739442066,4.641588833612772,0.0001,-52.665445997324795,,,
T3,1.5,12.32846739442066,4.641588833612772,0.001,-9.11120123866684,,,
T3,1.5,12.32846739442066,4.641588833612772,0.01,-1.5902932555766365,,,
T3,1.5,12.32846739442066,4.641588833612772,0.1,-0.9529017899928448,,,
T3,1.5,12.32846739442066,4.641588833612772,1.0,-1.4742848957626697,,,
T3,1.5,12.32846739442066,4.641588833612772,10.0,-2.226967420646125,,,
T3,1.5,12.32846739442066,21.54434690031882,1e-10,-113300.17384900634,,,
T3,1.5,12.32846739442066,21.54434690031882,1e-09,-24833.699673752293,,,
T3,1.5,12.32846739442066,21.54434690031882,1e-08,-4933.604063720797,,,
T3,1.5,12.32846739442066,21.54434690031882,1e-07,-1013.4629272913778,,,
T3,1.5,12.32846739442066,21.54434690031882,1e-06,-322.72652132751057,,,
T3,1.5,12.32846739442066,21.54434690031882,1e-05,-164.38609034439565,,,
T3,1.5,12.32846739442066,21.54434690031882,0.0001,-48.16726802325924,,,
T3,1.5,12.32846739442066,21.54434690031882,0.001,-8.802239982362646,,,
T3,1.5,12.32846739442066,21.54434690031882,0.01,-1.515199177948752,,,
T3,1.5,12.32846739442066,21.54434690031882,0.1,-0.852845858384406,,,
T3,1.5,12.32846739442066,21.54434690031882,1.0,-1.4515088040222246,,,
T3,1.5,12.32846739442066,21.54434690031882,10.0,-2.241075905171586,,,
T3,1.5,12.32846739442066,100.0,1e-10,-85043.53408328793,,,
T3,1.5,12.32846739442066,100.0,1e-09,-22080.170583546773,,,
T3,1.5,12.32846739442066,100.0,1e-08,-4604.8092179429905,,,
T3,1.5,12.32846739442066,100.0,1e-07,-903.8965345665913,,,
T3,1.5,12.32846739442066,100.0,1e-06,-200.05631895167426,,,
T3,1.5,12.32846739442066,100.0,1e-05,-79.46016712001224,,,
T3,1.5,12.32846739442066,100.0,0.0001,-36.52984519701537,,,
T3,1.5,12.32846739442066,100.0,0.001,-8.299590847457177,,,
T3,1.5,12.32846739442066,100.0,0.01,-1.4967067198064408,,,
T3,1.5,12.32846739442066,100.0,0.1,-0.840403661306928,,,
T3,1.5,12.32846739442066,100.0,1.0,-1.4164673785840456,,,
T3,1.5,12.32846739442066,100.0,10.0,-2.2434248598126034,,,
T3,1.5,12.32846739442066,464.1588833612773,1e-10,-55782.141769022055,,,
T3,1.5,12.32846739442066,464.1588833612773,1e-09,-17764.682424660314,,,
T3,1.5,12.32846739442066,464.1588833612773,1e-08,-4191.949997045566,,,
T3,1.5,12.32846739442066,464.1588833612773,1e-07,-845.9770787874543,,,
T3,1.5,12.32846739442066,464.1588833612773,1e-06,-165.20430257220886,,,
T3,1.5,12.32846739442066,464.1588833612773,1e-05,-41.055073112479754,,,
T3,1.5,12.32846739442066,464.1588833612773,0.0001,-19.271665099283496,,,
T3,1.5,12.32846739442066,464.1588833612773,0.001,-7.015479322139507,,,
T3,1.5,12.32846739442066,464.1588833612773,0.01,-1.4632695571236014,,,
T3,1.5,12.32846739442066,464.1588833612773,0.1,-0.8631700655541262,,,
T3,1.5,12.32846739442066,464.1588833612773,1.0,-1.4152357338976227,,,
T3,1.5,12.32846739442066,464.1588833612773,10.0,-2.227062418232344,,,
T3,1.5,12.32846739442066,2154.4346900318824,1e-10,-30593.40839111151,,,
T3,1.5,12.32846739442066,2154.4346900318824,1e-09,-12449.518137433211,,,
T3,1.5,12.32846739442066,2154.4346900318824,1e-08,-3578.466808834124,,,
T3,1.5,12.32846739442066,2154.4346900318824,1e-07,-781.4335554194182,,,
T3,1.5,12.32846739442066,2154.4346900318824,1e-06,-152.70671503277816,,,
T3,1.5,12.32846739442066,2154.4346900318824,1e-05,-29.39345543035325,,,
T3,1.5,12.32846739442066,2154.4346900318824,0.0001,-8.327424270136586,,,
T3,1.5,12.32846739442066,2154.4346900318824,0.001,-4.209188465200212,,,
T3,1.5,12.32846739442066,2154.4346900318824,0.01,-1.3610124589954222,,,
T3,1.5,12.32846739442066,2154.4346900318824,0.1,-0.891608545809244,,,
T3,1.5,12.32846739442066,2154.4346900318824,1.0,-1.4416695131857324,,,
T3,1.5,12.32846739442066,2154.4346900318824,10.0,-2.2200256933800953,,,
T3,1.5,12.32846739442066,10000.0,1e-10,-12891.605009400457,,,
T3,1.5,12.32846739442066,10000.0,1e-09,-7562.512599536423,,,
T3,1.5,12.32846739442066,10000.0,1e-08,-2685.373633669323,,,
T3,1.5,12.32846739442066,10000.0,1e-07,-694.5920433608012,,,
T3,1.5,12.32846739442066,10000.0,1e-06,-142.4775171527778,,,
T3,1.5,12.32846739442066,10000.0,1e-05,-26.041362648940513,,,
T3,1.5,12.32846739442066,10000.0,0.0001,-4.4701344409826005,,,
T3,1.5,12.32846739442066,10000.0,0.001,-1.4844738360578946,,,
T3,1.5,12.32846739442066,10000.0,0.01,-1.0104327892880633,,,
T3,1.5,12.32846739442066,10000.0,0.1,-0.9174428058952155,,,
T3,1.5,12.32846739442066,10000.0,1.0,-1.477095577438297,,,
T3,1.5,12.32846739442066,10000.0,10.0,-2.2406481803450773,,,
T3,1.5,35.11191734215127,0.0001,1e-10,-1790558.0358996696,,,
T3,1.5,35.11191734215127,0.0001,1e-09,-327738.6469733097,,,
T3,1.5,35.11191734215127,0.0001,1e-08,-59898.49324198456,,,
T3,1.5,35.11191734215127,0.0001,1e-07,-12581.766368107197,,,
T3,1.5,35.11191734215127,0.0001,1e-06,-3258.670227933529,,,
T3,1.5,35.11191734215127,0.0001,1e-05,-668.9593203772899,,,
T3,1.5,35.11191734215127,0.0001,0.0001,-119.709714021026,,,
T3,1.5,35.11191734215127,0.0001,0.001,-20.44092709834277,,,
T3,1.5,35.11191734215127,0.0001,0.01,-3.4441276640459186,,,
T3,1.5,35.11191734215127,0.0001,0.1,-1.1296164596924816,,,
T3,1.5,35.11191734215127,0.0001,1.0,-1.4281326500500018,,,
T3,1.5,35.11191734215127,0.0001,10.0,-2.191170020974711,,,
T3,1.5,35.11191734215127,0.00046415888336127773,1e-10,-1734202.7240494727,,,
T3,1.5,35.11191734215127,0.00046415888336127773,1e-09,-322568.15943430125,,,
T3,1.5,35.11191734215127,0.00046415888336127773,1e-08,-58608.760872569146,,,
T3,1.5,35.11191734215127,0.00046415888336127773,1e-07,-10944.583089022508,,,
T3,1.5,35.11191734215127,0.00046415888336127773,1e-06,-2528.762892719667,,,
T3,1.5,35.11191734215127,0.00046415888336127773,1e-05,-624.6876095456043,,,
T3,1.5,35.11191734215127,0.00046415888336127773,0.0001,-118.76335983412807,,,
T3,1.5,35.11191734215127,0.00046415888336127773,0.001,-20.439839112757518,,,
T3,1.5,35.11191734215127,0.00046415888336127773,0.01,-3.4524887251703733,,,
T3,1.5,35.11191734215127,0.00046415888336127773,0.1,-1.1312323556350192,,,
T3,1.5,35.11191734215127,0.00046415888336127773,1.0,-1.4283118246533542,,,
T3,1.5,35.11191734215127,0.00046415888336127773,10.0,-2.1911881503460364,,,
T3,1.5,35.11191734215127,0.002154434690031882,1e-10,-1642674.3042459798,,,
T3,1.5,35.11191734215127,0.002154434690031882,1e-09,-313559.45237663965,,,
T3,1.5,35.11191734215127,0.002154434690031882,1e-08,-57898.932451028246,,,
T3,1.5,35.11191734215127,0.002154434690031882,1e-07,-10499.439798263578,,,
T3,1.5,35.11191734215127,0.002154434690031882,1e-06,-2046.7552267302967,,,
T3,1.5,35.11191734215127,0.002154434690031882,1e-05,-513.4527426809025,,,
T3,1.5,35.11191734215127,0.002154434690031882,0.0001,-114.66990762927415,,,
T3,1.5,35.11191734215127,0.002154434690031882,0.001,-20.377261776335352,,,
T3,1.5,35.11191734215127,0.002154434690031882,0.01,-3.4660073283660062,,,
T3,1.5,35.11191734215127,0.002154434690031882,0.1,-1.1368003270900133,,,
T3,1.5,35.11191734215127,0.002154434690031882,1.0,-1.4291113454196118,,,
T3,1.5,35.11191734215127,0.002154434690031882,10.0,-2.191271956378347,,,
T3,1.5,35.11191734215127,0.01,1e-10,-1376107.2408855455,,,
T3,1.5,35.11191734215127,0.01,1e-09,-302054.7344550471,,,
T3,1.5,35.11191734215127,0.01,1e-08,-56617.244595434204,,,
T3,1.5,35.11191734215127,0.01,1e-07,-10359.612408887739,,,
T3,1.5,35.11191734215127,0.01,1e-06,-1890.5472408318037,,,
T3,1.5,35.11191734215127,0.01,1e-05,-395.07027386520423,,,
T3,1.5,35.11191734215127,0.01,0.0001,-101.10073809966443,,,
T3,1.5,35.11191734215127,0.01,0.001,-20.034769276939482,,,
T3,1.5,35.11191734215127,0.01,0.01,-3.477145423981625,,,
T3,1.5,35.11191734215127,0.01,0.1,-1.1489596929739148,,,
T3,1.5,35.11191734215127,0.01,1.0,-1.4322697466153864,,,
T3,1.5,35.11191734215127,0.01,10.0,-2.1916537474449855,,,
T3,1.5,35.11191734215127,0.046415888336127774,1e-10,-852252.8861314853,,,
T3,1.5,35.11191734215127,0.046415888336127774,1e-09,-274509.33305171324,,,
T3,1.5,35.11191734215127,0.046415888336127774,1e-08,-54835.17728275208,,,
T3,1.5,35.11191734215127,0.046415888336127774,1e-07,-10196.144895844212,,,
T3,1.5,35.11191734215127,0.046415888336127774,1e-06,-1849.796145706808,,,
T3,1.5,35.11191734215127,0.046415888336127774,1e-05,-343.31092191765515,,,
T3,1.5,35.11191734215127,0.046415888336127774,0.0001,-78.006129516416,,,
T3,1.5,35.11191734215127,0.046415888336127774,0.001,-18.644174083109917,,,
T3,1.5,35.11191734215127,0.046415888336127774,0.01,-3.464489986309295,,,
T3,1.5,35.11191734215127,0.046415888336127774,0.1,-1.1653271844768753,,,
T3,1.5,35.11191734215127,0.046415888336127774,1.0,-1.4411462090827052,,,
T3,1.5,35.11191734215127,0.046415888336127774,10.0,-2.193287307003298,,,
T3,1.5,35.11191734215127,0.21544346900318823,1e-10,-413873.2772197613,,,
T3,1.5,35.11191734215127,0.21544346900318823,1e-09,-201483.48989126543,,,
T3,1.5,35.11191734215127,0.21544346900318823,1e-08,-51940.840183500586,,,
T3,1.5,35.11191734215127,0.21544346900318823,1e-07,-9911.305855521481,,,
T3,1.5,35.11191734215127,0.21544346900318823,1e-06,-1827.386144163685,,,
T3,1.5,35.11191734215127,0.21544346900318823,1e-05,-329.2644728042574,,,
T3,1.5,35.11191734215127,0.21544346900318823,0.0001,-62.7634070280062,,,
T3,1.5,35.11191734215127,0.21544346900318823,0.001,-15.119819593250185,,,
T3,1.5,35.11191734215127,0.21544346900318823,0.01,-3.3489053563518496,,,
T3,1.5,35.11191734215127,0.21544346900318823,0.1,-1.1809286823009058,,,
T3,1.5,35.11191734215127,0.21544346900318823,1.0,-1.4562109638122522,,,
T3,1.5,35.11191734215127,0.21544346900318823,10.0,-2.1989120952927355,,,
T3,1.5,35.11191734215127,1.0,1e-10,-231746.2560320797,,,
T3,1.5,35.11191734215127,1.0,1e-09,-106493.50185376957,,,
T3,1.5,35.11191734215127,1.0,1e-08,-43511.280005243156,,,
T3,1.5,35.11191734215127,1.0,1e-07,-9547.540934696213,,,
T3,1.5,35.11191734215127,1.0,1e-06,-1786.8946471851982,,,
T3,1.5,35.11191734215127,1.0,1e-05,-324.8784289628504,,,
T3,1.5,35.11191734215127,1.0,0.0001,-57.84725153687449,,,
T3,1.5,35.11191734215127,1.0,0.001,-11.365433983583298,,,
T3,1.5,35.11191734215127,1.0,0.01,-2.921951737598131,,,
T3,1.5,35.11191734215127,1.0,0.1,-1.1863013853890298,,,
T3,1.5,35.11191734215127,1.0,1.0,-1.473877092641342,,,
T3,1.5,35.11191734215127,1.0,10.0,-2.211222336750916,,,
T3,1.5,35.11191734215127,4.641588833612772,1e-10,-177335.81438568336,,,
T3,1.5,35.11191734215127,4.641588833612772,1e-09,-52950.510341041605,,,
T3,1.5,35.11191734215127,4.641588833612772,1e-08,-26945.538959515783,,,
T3,1.5,35.11191734215127,4.641588833612772,1e-07,-8676.519822168097,,,
T3,1.5,35.11191734215127,4.641588833612772,1e-06,-1730.584862592056,,,
T3,1.5,35.11191734215127,4.641588833612772,1e-05,-319.7467917431733,,,
T3,1.5,35.11191734215127,4.641588833612772,0.0001,-56.59241223531789,,,
T3,1.5,35.11191734215127,4.641588833612772,0.001,-9.741588702988588,,,
T3,1.5,35.11191734215127,4.641588833612772,0.01,-2.1787241078178226,,,
T3,1.5,35.11191734215127,4.641588833612772,0.1,-1.151726131806435,,,
T3,1.5,35.11191734215127,4.641588833612772,1.0,-1.4907478019290465,,,
T3,1.5,35.11191734215127,4.641588833612772,10.0,-2.2281418189063134,,,
T3,1.5,35.11191734215127,21.54434690031882,1e-10,-160376.29391668199,,,
T3,1.5,35.11191734215127,21.54434690031882,1e-09,-34883.596549999274,,,
T3,1.5,35.11191734215127,21.54434690031882,1e-08,-13082.71765591738,,,
T3,1.5,35.11191734215127,21.54434690031882,1e-07,-6367.251455690548,,,
T3,1.5,35.11191734215127,21.54434690031882,1e-06,-1639.1036333602783,,,
T3,1.5,35.11191734215127,21.54434690031882,1e-05,-310.78068315249243,,,
T3,1.5,35.11191734215127,21.54434690031882,0.0001,-55.920489806322166,,,
T3,1.5,35.11191734215127,21.54434690031882,0.001,-9.32761870699494,,,
T3,1.5,35.11191734215127,21.54434690031882,0.01,-1.6964051532276527,,,
T3,1.5,35.11191734215127,21.54434690031882,0.1,-1.033477112430192,,,
T3,1.5,35.11191734215127,21.54434690031882,1.0,-1.5009543896435726,,,
T3,1.5,35.11191734215127,21.54434690031882,10.0,-2.246215548540453,,,
T3,1.5,35.11191734215127,100.0,1e-10,-150248.47362978314,,,
T3,1.5,35.11191734215127,100.0,1e-09,-29678.092582116027,,,
T3,1.5,35.11191734215127,100.0,1e-08,-7323.355859459158,,,
T3,1.5,35.11191734215127,100.0,1e-07,-3363.372763023548,,,
T3,1.5,35.11191734215127,100.0,1e-06,-1372.5676336825913,,,
T3,1.5,35.11191734215127,100.0,1e-05,-299.32364040124764,,,
T3,1.5,35.11191734215127,100.0,0.0001,-54.67906780665554,,,
T3,1.5,35.11191734215127,100.0,0.001,-9.224606279903215,,,
T3,1.5,35.11191734215127,100.0,0.01,-1.5645174166399345,,,
T3,1.5,35.11191734215127,100.0,0.1,-0.9039497702660417,,,
T3,1.5,35.11191734215127,100.0,1.0,-1.4895941286900403,,,
T3,1.5,35.11191734215127,100.0,10.0,-2.262588715214468,,,
T3,1.5,35.11191734215127,464.1588833612773,1e-10,-138530.48853945226,,,
T3,1.5,35.11191734215127,464.1588833612773,1e-09,-27602.11651278426,,,
T3,1.5,35.11191734215127,464.1588833612773,1e-08,-5602.785311592508,,,
T3,1.5,35.11191734215127,464.1588833612773,1e-07,-1670.1647069294825,,,
T3,1.5,35.11191734215127,464.1588833612773,1e-06,-848.7014352473956,,,
T3,1.5,35.11191734215127,464.1588833612773,1e-05,-271.8205414361454,,,
T3,1.5,35.11191734215127,464.1588833612773,0.0001,-52.942528309942375,,,
T3,1.5,35.11191734215127,464.1588833612773,0.001,-9.099989094544211,,,
T3,1.5,35.11191734215127,464.1588833612773,0.01,-1.5586593898386787,,,
T3,1.5,35.11191734215127,464.1588833612773,0.1,-0.8655284168223571,,,
T3,1.5,35.11191734215127,464.1588833612773,1.0,-1.4531792255406517,,,
T3,1.5,35.11191734215127,464.1588833612773,10.0,-2.270894577269749,,,
T3,1.5,35.11191734215127,2154.4346900318824,1e-10,-122708.53316882516,,,
T3,1.5,35.11191734215127,2154.4346900318824,1e-09,-25726.391542294754,,,
T3,1.5,35.11191734215127,2154.4346900318824,1e-08,-5066.201527957256,,,
T3,1.5,35.11191734215127,2154.4346900318824,1e-07,-1098.868437211886,,,
T3,1.5,35.11191734215127,2154.4346900318824,1e-06,-410.2809582561446,,,
T3,1.5,35.11191734215127,2154.4346900318824,1e-05,-198.80685397717542,,,
T3,1.5,35.11191734215127,2154.4346900318824,0.0001,-50.09540000183269,,,
T3,1.5,35.11191734215127,2154.4346900318824,0.001,-8.85774882637404,,,
T3,1.5,35.11191734215127,2154.4346900318824,0.01,-1.5741553846305076,,,
T3,1.5,35.11191734215127,2154.4346900318824,0.1,-0.882655262572516,,,
T3,1.5,35.11191734215127,2154.4346900318824,1.0,-1.437625214449083,,,
T3,1.5,35.11191734215127,2154.4346900318824,10.0,-2.260356070266346,,,
T3,1.5,35.11191734215127,10000.0,1e-10,-98466.85039258153,,,
T3,1.5,35.11191734215127,10000.0,1e-09,-23360.902518892075,,,
T3,1.5,35.11191734215127,10000.0,1e-08,-4745.5423354109835,,,
T3,1.5,35.11191734215127,10000.0,1e-07,-934.3456125790466,,,
T3,1.5,35.11191734215127,10000.0,1e-06,-228.15158263006023,,,
T3,1.5,35.11191734215127,10000.0,1e-05,-103.78402799467975,,,
T3,1.5,35.11191734215127,10000.0,0.0001,-41.696853414591665,,,
T3,1.5,35.11191734215127,10000.0,0.001,-8.541658988275447,,,
T3,1.5,35.11191734215127,10000.0,0.01,-1.573929743347066,,,
T3,1.5,35.11191734215127,10000.0,0.1,-0.9150841810461372,,,
T3,1.5,35.11191734215127,10000.0,1.0,-1.457029308269112,,,
T3,1.5,35.11191734215127,10000.0,10.0,-2.24545681131025,,,
T3,1.5,100.0,0.0001,1e-10,-1850445.7894956272,,,
T3,1.5,100.0,0.0001,1e-09,-335504.57918082905,,,
T3,1.5,100.0,0.0001,1e-08,-68840.434322643,,,
T3,1.5,100.0,0.0001,1e-07,-17829.47410817474,,,
T3,1.5,100.0,0.0001,1e-06,-3756.393859108899,,,
T3,1.5,100.0,0.0001,1e-05,-681.7048608407665,,,
T3,1.5,100.0,0.0001,0.0001,-119.94656617875087,,,
T3,1.5,100.0,0.0001,0.001,-20.44517819399062,,,
T3,1.5,100.0,0.0001,0.01,-3.4442057253011145,,,
T3,1.5,100.0,0.0001,0.1,-1.1296181128886347,,,
T3,1.5,100.0,0.0001,1.0,-1.4281327060356852,,,
T3,1.5,100.0,0.0001,10.0,-2.1911700246280685,,,
T3,1.5,100.0,0.00046415888336127773,1e-10,-1842081.0355239692,,,
T3,1.5,100.0,0.00046415888336127773,1e-09,-330009.67331642145,,,
T3,1.5,100.0,0.00046415888336127773,1e-08,-61018.06280337259,,,
T3,1.5,100.0,0.00046415888336127773,1e-07,-13728.588534254977,,,
T3,1.5,100.0,0.00046415888336127773,1e-06,-3463.6951120947,,,
T3,1.5,100.0,0.00046415888336127773,1e-05,-675.0755460136874,,,
T3,1.5,100.0,0.00046415888336127773,0.0001,-119.84357329077208,,,
T3,1.5,100.0,0.00046415888336127773,0.001,-20.459543295125734,,,
T3,1.5,100.0,0.00046415888336127773,0.01,-3.452850646522131,,,
T3,1.5,100.0,0.00046415888336127773,0.1,-1.1312400044312454,,,
T3,1.5,100.0,0.00046415888336127773,1.0,-1.4283120841888775,,,
T3,1.5,100.0,0.00046415888336127773,10.0,-2.1911881673000284,,,
T3,1.5,100.0,0.002154434690031882,1e-10,-1822072.7980111684,,,
T3,1.5,100.0,0.002154434690031882,1e-09,-328373.33520947606,,,
T3,1.5,100.0,0.002154434690031882,1e-08,-59000.18135910462,,,
T3,1.5,100.0,0.002154434690031882,1e-07,-11331.986756822864,,,
T3,1.5,100.0,0.002154434690031882,1e-06,-2795.658838577913,,,
T3,1.5,100.0,0.002154434690031882,1e-05,-647.28788738087,,,
T3,1.5,100.0,0.002154434690031882,0.0001,-119.30449323577425,,,
T3,1.5,100.0,0.002154434690031882,0.001,-20.467979701571245,,,
T3,1.5,100.0,0.002154434690031882,0.01,-3.467684679804664,,,
T3,1.5,100.0,0.002154434690031882,0.1,-1.136835530090373,,,
T3,1.5,100.0,0.002154434690031882,1.0,-1.4291125435623078,,,
T3,1.5,100.0,0.002154434690031882,10.0,-2.191272034999328,,,
T3,1.5,100.0,0.01,1e-10,-1779864.1172321595,,,
T3,1.5,100.0,0.01,1e-09,-326252.86374814215,,,
T3,1.5,100.0,0.01,1e-08,-58511.03426539722,,,
T3,1.5,100.0,0.01,1e-07,-10605.170391125075,,,
T3,1.5,100.0,0.01,1e-06,-2173.31492807647,,,
T3,1.5,100.0,0.01,1e-05,-561.0580266191193,,,
T3,1.5,100.0,0.01,0.0001,-116.85905193805952,,,
T3,1.5,100.0,0.01,0.001,-20.440362654707755,,,
T3,1.5,100.0,0.01,0.01,-3.484899611288782,,,
T3,1.5,100.0,0.01,0.1,-1.149121502826731,,,
T3,1.5,100.0,0.01,1.0,-1.4322752056370516,,,
T3,1.5,100.0,0.01,10.0,-2.1916541108668417,,,
T3,1.5,100.0,0.046415888336127774,1e-10,-1736953.1524114267,,,
T3,1.5,100.0,0.046415888336127774,1e-09,-320629.22643473,,,
T3,1.5,100.0,0.046415888336127774,1e-08,-58246.554432979785,,,
T3,1.5,100.0,0.046415888336127774,1e-07,-10431.440604978616,,,
T3,1.5,100.0,0.046415888336127774,1e-06,-1925.9660488179034,,,
T3,1.5,100.0,0.046415888336127774,1e-05,-431.3633524850392,,,
T3,1.5,100.0,0.046415888336127774,0.0001,-107.61082063467248,,,
T3,1.5,100.0,0.046415888336127774,0.001,-20.247961668698274,,,
T3,1.5,100.0,0.046415888336127774,0.01,-3.4998547896105316,,,
T3,1.5,100.0,0.046415888336127774,0.1,-1.1660738054832454,,,
T3,1.5,100.0,0.046415888336127774,1.0,-1.4411707057330696,,,
T3,1.5,100.0,0.046415888336127774,10.0,-2.1932889662730184,,,
T3,1.5,100.0,0.21544346900318823,1e-10,-1682104.686123718,,,
T3,1.5,100.0,0.21544346900318823,1e-09,-312473.9250132016,,,
T3,1.5,100.0,0.21544346900318823,1e-08,-57613.87607262268,,,
T3,1.5,100.0,0.21544346900318823,1e-07,-10379.731640962937,,,
T3,1.5,100.0,0.21544346900318823,1e-06,-1862.186454963778,,,
T3,1.5,100.0,0.21544346900318823,1e-05,-355.57948759070234,,,
T3,1.5,100.0,0.21544346900318823,0.0001,-86.47665698714886,,,
T3,1.5,100.0,0.21544346900318823,0.001,-19.382168346611415,,,
T3,1.5,100.0,0.21544346900318823,0.01,-3.5007168421613266,,,
T3,1.5,100.0,0.21544346900318823,0.1,-1.184362913625878,,,
T3,1.5,100.0,0.21544346900318823,1.0,-1.456321951999064,,,
T3,1.5,100.0,0.21544346900318823,10.0,-2.198919464405511,,,
T3,1.5,100.0,1.0,1e-10,-1510709.241670746,,,
T3,1.5,100.0,1.0,1e-09,-304994.0077591704,,,
T3,1.5,100.0,1.0,1e-08,-56279.16005536404,,,
T3,1.5,100.0,1.0,1e-07,-10312.713712801242,,,
T3,1.5,100.0,1.0,1e-06,-1846.7541360052905,,,
T3,1.5,100.0,1.0,1e-05,-332.6212969102446,,,
T3,1.5,100.0,1.0,0.0001,-66.78783299968336,,,
T3,1.5,100.0,1.0,0.001,-16.65509082636664,,,
T3,1.5,100.0,1.0,0.01,-3.439184016086833,,,
T3,1.5,100.0,1.0,0.1,-1.2016713731894086,,,
T3,1.5,100.0,1.0,1.0,-1.4743865660100814,,,
T3,1.5,100.0,1.0,10.0,-2.2112548320325756,,,
T3,1.5,100.0,4.641588833612772,1e-10,-1069305.4642724253,,,
T3,1.5,100.0,4.641588833612772,1e-09,-288393.4043515275,,,
T3,1.5,100.0,4.641588833612772,1e-08,-54922.24640927253,,,
T3,1.5,100.0,4.641588833612772,1e-07,-10134.91741923363,,,
T3,1.5,100.0,4.641588833612772,1e-06,-1838.4275379957448,,,
T3,1.5,100.0,4.641588833612772,1e-05,-327.1618744679505,,,
T3,1.5,100.0,4.641588833612772,0.0001,-58.98220246294087,,,
T3,1.5,100.0,4.641588833612772,0.001,-12.540499359461581,,,
T3,1.5,100.0,4.641588833612772,0.01,-3.154445048673611,,,
T3,1.5,100.0,4.641588833612772,0.1,-1.21282347558075,,,
T3,1.5,100.0,4.641588833612772,1.0,-1.4930715896830624,,,
T3,1.5,100.0,4.641588833612772,10.0,-2.228288949184825,,,
T3,1.5,100.0,21.54434690031882,1e-10,-549991.4707296614,,,
T3,1.5,100.0,21.54434690031882,1e-09,-235752.99802833347,,,
T3,1.5,100.0,21.54434690031882,1e-08,-53187.86806181973,,,
T3,1.5,100.0,21.54434690031882,1e-07,-9877.068146195852,,,
T3,1.5,100.0,21.54434690031882,1e-06,-1818.4582396630158,,,
T3,1.5,100.0,21.54434690031882,1e-05,-325.5632895871647,,,
T3,1.5,100.0,21.54434690031882,0.0001,-56.99673497596201,,,
T3,1.5,100.0,21.54434690031882,0.001,-10.147340847804461,,,
T3,1.5,100.0,21.54434690031882,0.01,-2.477122304750904,,,
T3,1.5,100.0,21.54434690031882,0.1,-1.19837428591702,,,
T3,1.5,100.0,21.54434690031882,1.0,-1.5110081108785014,,,
T3,1.5,100.0,21.54434690031882,10.0,-2.246889627111898,,,
T3,1.5,100.0,100.0,1e-10,-279449.3222358739,,,
T3,1.5,100.0,100.0,1e-09,-140372.74209828692,,,
T3,1.5,100.0,100.0,1e-08,-47767.78608349599,,,
T3,1.5,100.0,100.0,1e-07,-9640.580862227831,,,
T3,1.5,100.0,100.0,1e-06,-1776.291374243806,,,
T3,1.5,100.0,100.0,1e-05,-323.48128672736414,,,
T3,1.5,100.0,100.0,0.0001,-56.544592913956215,,,
T3,1.5,100.0,100.0,0.001,-9.447100003152729,,,
T3,1.5,100.0,100.0,0.01,-1.8459254861034027,,,
T3,1.5,100.0,100.0,0.1,-1.1118866257380273,,,
T3,1.5,100.0,100.0,1.0,-1.5248610898418518,,,
T3,1.5,100.0,100.0,10.0,-2.265618755929139,,,
T3,1.5,100.0,464.1588833612773,1e-10,-191068.74363775298,,,
T3,1.5,100.0,464.1588833612773,1e-09,-67938.72592594931,,,
T3,1.5,100.0,464.1588833612773,1e-08,-33809.54948575863,,,
T3,1.5,100.0,464.1588833612773,1e-07,-9115.673622907581,,,
T3,1.5,100.0,464.1588833612773,1e-06,-1733.4290363401367,,,
T3,1.5,100.0,464.1588833612773,1e-05,-317.8975796233191,,,
T3,1.5,100.0,464.1588833612773,0.0001,-56.31826919502905,,,
T3,1.5,100.0,464.1588833612773,0.001,-9.308853633464704,,,
T3,1.5,100.0,464.1588833612773,0.01,-1.615317589504683,,,
T3,1.5,100.0,464.1588833612773,0.1,-0.9684860586222527,,,
T3,1.5,100.0,464.1588833612773,1.0,-1.5235726381393389,,,
T3,1.5,100.0,464.1588833612773,10.0,-2.283207772161558,,,
T3,1.5,100.0,2154.4346900318824,1e-10,-164824.65950777414,,,
T3,1.5,100.0,2154.4346900318824,1e-09,-39463.610683354855,,,
T3,1.5,100.0,2154.4346900318824,1e-08,-17387.12977004493,,,
T3,1.5,100.0,2154.4346900318824,1e-07,-7451.056288018066,,,
T3,1.5,100.0,2154.4346900318824,1e-06,-1678.631923089047,,,
T3,1.5,100.0,2154.4346900318824,1e-05,-309.7872898570646,,,
T3,1.5,100.0,2154.4346900318824,0.0001,-55.724528256776104,,,
T3,1.5,100.0,2154.4346900318824,0.001,-9.294897850077067,,,
T3,1.5,100.0,2154.4346900318824,0.01,-1.5839519531489388,,,
T3,1.5,100.0,2154.4346900318824,0.1,-0.8961454595153594,,,
T3,1.5,100.0,2154.4346900318824,1.0,-1.4931520040777915,,,
T3,1.5,100.0,2154.4346900318824,10.0,-2.2956804478080666,,,
T3,1.5,100.0,10000.0,1e-10,-151624.0258183409,,,
T3,1.5,100.0,10000.0,1e-09,-30947.940369509935,,,
T3,1.5,100.0,10000.0,1e-08,-8832.330875258205,,,
T3,1.5,100.0,10000.0,1e-07,-4434.880353735639,,,
T3,1.5,100.0,10000.0,1e-06,-1507.2768513444146,,,
T3,1.5,100.0,10000.0,1e-05,-302.35824698577744,,,
T3,1.5,100.0,10000.0,0.0001,-54.43172480096467,,,
T3,1.5,100.0,10000.0,0.001,-9.266350271146768,,,
T3,1.5,100.0,10000.0,0.01,-1.6055246945315111,,,
T3,1.5,100.0,10000.0,0.1,-0.899762790403962,,,
T3,1.5,100.0,10000.0,1.0,-1.4646102719622625,,,
T3,1.5,100.0,10000.0,10.0,-2.292695570871307,,,
T3,1.8,0.001,0.0001,1e-10,-763.7202375802752,,,
T3,1.8,0.001,0.0001,1e-09,-763.7140306794147,,,
T3,1.8,0.001,0.0001,1e-08,-763.6519675096406,,,
T3,1.8,0.001,0.0001,1e-07,-763.0319191314317,,,
T3,1.8,0.001,0.0001,1e-06,-756.8892093757884,,,
T3,1.8,0.001,0.0001,1e-05,-700.7311268273764,,,
T3,1.8,0.001,0.0001,0.0001,-408.1544708314715,,,
T3,1.8,0.001,0.0001,0.001,-86.6059694853872,,,
T3,1.8,0.001,0.0001,0.01,-11.050153370749154,,,
T3,1.8,0.001,0.0001,0.1,-1.5663755816826765,,,
T3,1.8,0.001,0.0001,1.0,-1.2661505564906081,,,
T3,1.8,0.001,0.0001,10.0,-2.1339291008902803,,,
T3,1.8,0.001,0.00046415888336127773,1e-10,-190.229057426546,,,
T3,1.8,0.001,0.00046415888336127773,1e-09,-190.22872217860294,,,
T3,1.8,0.001,0.00046415888336127773,1e-08,-190.2253697671835,,,
T3,1.8,0.001,0.00046415888336127773,1e-07,-190.19185245275406,,,
T3,1.8,0.001,0.00046415888336127773,1e-06,-189.85735787259944,,,
T3,1.8,0.001,0.00046415888336127773,1e-05,-186.57888519476987,,,
T3,1.8,0.001,0.00046415888336127773,0.0001,-159.2981203087698,,,
T3,1.8,0.001,0.00046415888336127773,0.001,-66.62992111959912,,,
T3,1.8,0.001,0.00046415888336127773,0.01,-10.68818791291799,,,
T3,1.8,0.001,0.00046415888336127773,0.1,-1.5630221303314407,,,
T3,1.8,0.001,0.00046415888336127773,1.0,-1.2662512891941617,,,
T3,1.8,0.001,0.00046415888336127773,10.0,-2.1339446929060863,,,
T3,1.8,0.001,0.002154434690031882,1e-10,-46.69171795607788,,,
T3,1.8,0.001,0.002154434690031882,1e-09,-46.69169995421352,,,
T3,1.8,0.001,0.002154434690031882,1e-08,-46.69151993635952,,,
T3,1.8,0.001,0.002154434690031882,1e-07,-46.689719836790104,,,
T3,1.8,0.001,0.002154434690031882,1e-06,-46.671726734593015,,,
T3,1.8,0.001,0.002154434690031882,1e-05,-46.49258153416749,,,
T3,1.8,0.001,0.002154434690031882,0.0001,-44.776336339884985,,,
T3,1.8,0.001,0.002154434690031882,0.001,-32.80996588733131,,,
T3,1.8,0.001,0.002154434690031882,0.01,-9.284668880971887,,,
T3,1.8,0.001,0.002154434690031882,0.1,-1.5478226159244257,,,
T3,1.8,0.001,0.002154434690031882,1.0,-1.2667186394391683,,,
T3,1.8,0.001,0.002154434690031882,10.0,-2.1340170575404462,,,
T3,1.8,0.001,0.01,1e-10,-11.1540220143394,,,
T3,1.8,0.001,0.01,1e-09,-11.154021070459843,,,
T3,1.8,0.001,0.01,1e-08,-11.154011631673344,,,
T3,1.8,0.001,0.01,1e-07,-11.153917244714046,,,
T3,1.8,0.001,0.01,1e-06,-11.152973465687477,,,
T3,1.8,0.001,0.01,1e-05,-11.14354472326156,,,
T3,1.8,0.001,0.01,0.0001,-11.050153370749152,,,
T3,1.8,0.001,0.01,0.001,-10.197910887354897,,,
T3,1.8,0.001,0.01,0.01,-5.825646249018318,,,
T3,1.8,0.001,0.01,0.1,-1.484424285822659,,,
T3,1.8,0.001,0.01,1.0,-1.2688833661531593,,,
T3,1.8,0.001,0.01,10.0,-2.1343527917207306,,,
T3,1.8,0.001,0.046415888336127774,1e-10,-2.7446165741863253,,,
T3,1.8,0.001,0.046415888336127774,1e-09,-2.7446165296401595,,,
T3,1.8,0.001,0.046415888336127774,1e-08,-2.7446160841786016,,,
T3,1.8,0.001,0.046415888336127774,1e-07,-2.744611629572882,,,
T3,1.8,0.001,0.046415888336127774,1e-06,-2.744567084502026,,,
T3,1.8,0.001,0.046415888336127774,1e-05,-2.744121732406191,,,
T3,1.8,0.001,0.046415888336127774,0.0001,-2.7396780516475796,,,
T3,1.8,0.001,0.046415888336127774,0.001,-2.6962046311804313,,,
T3,1.8,0.001,0.046415888336127774,0.01,-2.3408012031855745,,,
T3,1.8,0.001,0.046415888336127774,0.1,-1.2944725467049323,,,
T3,1.8,0.001,0.046415888336127774,1.0,-1.2788332297237728,,,
T3,1.8,0.001,0.046415888336127774,10.0,-2.135907851538435,,,
T3,1.8,0.001,0.21544346900318823,1e-10,-1.1495299720294259,,,
T3,1.8,0.001,0.21544346900318823,1e-09,-1.1495299710263713,,,
T3,1.8,0.001,0.21544346900318823,1e-08,-1.1495299609958258,,,
T3,1.8,0.001,0.21544346900318823,1e-07,-1.1495298606904523,,,
T3,1.8,0.001,0.21544346900318823,1e-06,-1.1495288576449827,,,
T3,1.8,0.001,0.21544346900318823,1e-05,-1.1495188280168327,,,
T3,1.8,0.001,0.21544346900318823,0.0001,-1.1494186143469292,,,
T3,1.8,0.001,0.21544346900318823,0.001,-1.1484246959791853,,,
T3,1.8,0.001,0.21544346900318823,0.01,-1.139266499997445,,,
T3,1.8,0.001,0.21544346900318823,0.1,-1.098376115326007,,,
T3,1.8,0.001,0.21544346900318823,1.0,-1.3229031708931802,,,
T3,1.8,0.001,0.21544346900318823,10.0,-2.1430560739646336,,,
T3,1.8,0.001,1.0,1e-10,-1.266122891972771,,,
T3,1.8,0.001,1.0,1e-09,-1.2661228922217573,,,
T3,1.8,0.001,1.0,1e-08,-1.2661228947116208,,,
T3,1.8,0.001,1.0,1e-07,-1.2661229196102541,,,
T3,1.8,0.001,1.0,1e-06,-1.2661231685965326,,,
T3,1.8,0.001,1.0,1e-05,-1.266125658453944,,,
T3,1.8,0.001,1.0,0.0001,-1.2661505564906081,,,
T3,1.8,0.001,1.0,0.001,-1.2663994831040495,,,
T3,1.8,0.001,1.0,0.01,-1.2688833661531593,,,
T3,1.8,0.001,1.0,0.1,-1.2931793769827982,,,
T3,1.8,0.001,1.0,1.0,-1.488646517646301,,,
T3,1.8,0.001,1.0,10.0,-2.1748211313811536,,,
T3,1.8,0.001,4.641588833612772,1e-10,-1.81267026960407,,,
T3,1.8,0.001,4.641588833612772,1e-09,-1.8126702696828816,,,
T3,1.8,0.001,4.641588833612772,1e-08,-1.8126702704709978,,,
T3,1.8,0.001,4.641588833612772,1e-07,-1.8126702783521593,,,
T3,1.8,0.001,4.641588833612772,1e-06,-1.812670357163772,,,
T3,1.8,0.001,4.641588833612772,1e-05,-1.8126711452791384,,,
T3,1.8,0.001,4.641588833612772,0.0001,-1.8126790263568568,,,
T3,1.8,0.001,4.641588833612772,0.001,-1.8127578295406592,,,
T3,1.8,0.001,4.641588833612772,0.01,-1.813545103018233,,,
T3,1.8,0.001,4.641588833612772,0.1,-1.8213429655571893,,,
T3,1.8,0.001,4.641588833612772,1.0,-1.8926777583558045,,,
T3,1.8,0.001,4.641588833612772,10.0,-2.298457890753303,,,
T3,1.8,0.001,21.54434690031882,1e-10,-2.4672173241216293,,,
T3,1.8,0.001,21.54434690031882,1e-09,-2.4672173241399706,,,
T3,1.8,0.001,21.54434690031882,1e-08,-2.4672173243233866,,,
T3,1.8,0.001,21.54434690031882,1e-07,-2.467217326157539,,,
T3,1.8,0.001,21.54434690031882,1e-06,-2.4672173444990646,,,
T3,1.8,0.001,21.54434690031882,1e-05,-2.467217527914281,,,
T3,1.8,0.001,21.54434690031882,0.0001,-2.467219362062325,,,
T3,1.8,0.001,21.54434690031882,0.001,-2.467237703130815,,,
T3,1.8,0.001,21.54434690031882,0.01,-2.467421072633118,,,
T3,1.8,0.001,21.54434690031882,0.1,-2.4692506618070253,,,
T3,1.8,0.001,21.54434690031882,1.0,-2.487147971451092,,,
T3,1.8,0.001,21.54434690031882,10.0,-2.635263708546235,,,
T3,1.8,0.001,100.0,1e-10,-3.148892670959242,,,
T3,1.8,0.001,100.0,1e-09,-3.148892670963267,,,
T3,1.8,0.001,100.0,1e-08,-3.14889267100352,,,
T3,1.8,0.001,100.0,1e-07,-3.1488926714060477,,,
T3,1.8,0.001,100.0,1e-06,-3.1488926754313207,,,
T3,1.8,0.001,100.0,1e-05,-3.1488927156840534,,,
T3,1.8,0.001,100.0,0.0001,-3.1488931182111837,,,
T3,1.8,0.001,100.0,0.001,-3.148897143462668,,,
T3,1.8,0.001,100.0,0.01,-3.148937393996164,,,
T3,1.8,0.001,100.0,0.1,-3.1493397013273996,,,
T3,1.8,0.001,100.0,1.0,-3.1533431044581794,,,
T3,1.8,0.001,100.0,10.0,-3.1915313142120736,,,
T3,1.8,0.001,464.1588833612773,1e-10,-3.837382336722211,,,
T3,1.8,0.001,464.1588833612773,1e-09,-3.8373823367230826,,,
T3,1.8,0.001,464.1588833612773,1e-08,-3.8373823367317947,,,
T3,1.8,0.001,464.1588833612773,1e-07,-3.8373823368189157,,,
T3,1.8,0.001,464.1588833612773,1e-06,-3.8373823376901237,,,
T3,1.8,0.001,464.1588833612773,1e-05,-3.8373823464022023,,,
T3,1.8,0.001,464.1588833612773,0.0001,-3.837382433522984,,,
T3,1.8,0.001,464.1588833612773,0.001,-3.8373833047298804,,,
T3,1.8,0.001,464.1588833612773,0.01,-3.837392016706059,,,
T3,1.8,0.001,464.1588833612773,0.1,-3.8374791271912065,,,
T3,1.8,0.001,464.1588833612773,1.0,-3.8383493057063705,,,
T3,1.8,0.001,464.1588833612773,10.0,-3.8469597633193784,,,
T3,1.8,0.001,2154.4346900318824,1e-10,-4.527583682012255,,,
T3,1.8,0.001,2154.4346900318824,1e-09,-4.527583682012443,,,
T3,1.8,0.001,2154.4346900318824,1e-08,-4.527583682014322,,,
T3,1.8,0.001,2154.4346900318824,1e-07,-4.5275836820331135,,,
T3,1.8,0.001,2154.4346900318824,1e-06,-4.527583682221025,,,
T3,1.8,0.001,2154.4346900318824,1e-05,-4.527583684100145,,,
T3,1.8,0.001,2154.4346900318824,0.0001,-4.527583702891338,,,
T3,1.8,0.001,2154.4346900318824,0.001,-4.527583890803222,,,
T3,1.8,0.001,2154.4346900318824,0.01,-4.527585769917754,,,
T3,1.8,0.001,2154.4346900318824,0.1,-4.527604560631483,,,
T3,1.8,0.001,2154.4346900318824,1.0,-4.527792424624173,,,
T3,1.8,0.001,2154.4346900318824,10.0,-4.529666763376859,,,
T3,1.8,0.001,10000.0,1e-10,-5.218214981760205,,,
T3,1.8,0.001,10000.0,1e-09,-5.218214981760246,,,
T3,1.8,0.001,10000.0,1e-08,-5.218214981760651,,,
T3,1.8,0.001,10000.0,1e-07,-5.2182149817647,,,
T3,1.8,0.001,10000.0,1e-06,-5.218214981805197,,,
T3,1.8,0.001,10000.0,1e-05,-5.218214982210157,,,
T3,1.8,0.001,10000.0,0.0001,-5.218214986259765,,,
T3,1.8,0.001,10000.0,0.001,-5.2182150267558445,,,
T3,1.8,0.001,10000.0,0.01,-5.218215431716432,,,
T3,1.8,0.001,10000.0,0.1,-5.218219481302272,,,
T3,1.8,0.001,10000.0,1.0,-5.218259975156447,,,
T3,1.8,0.001,10000.0,10.0,-5.218664713408236,,,
T3,1.8,0.002848035868435802,0.0001,1e-10,-763.7198590826204,,,
T3,1.8,0.002848035868435802,0.0001,1e-09,-763.7136521882321,,,
T3,1.8,0.002848035868435802,0.0001,1e-08,-763.651589083169,,,
T3,1.8,0.002848035868435802,0.0001,1e-07,-763.0315413511387,,,
T3,1.8,0.002848035868435802,0.0001,1e-06,-756.8888379657027,,,
T3,1.8,0.002848035868435802,0.0001,1e-05,-700.7308110211015,,,
T3,1.8,0.002848035868435802,0.0001,0.0001,-408.1543694089531,,,
T3,1.8,0.002848035868435802,0.0001,0.001,-86.60596550744107,,,
T3,1.8,0.002848035868435802,0.0001,0.01,-11.050153311617404,,,
T3,1.8,0.002848035868435802,0.0001,0.1,-1.5663755809015663,,,
T3,1.8,0.002848035868435802,0.0001,1.0,-1.2661505564783613,,,
T3,1.8,0.002848035868435802,0.0001,10.0,-2.133929100889886,,,
T3,1.8,0.002848035868435802,0.00046415888336127773,1e-10,-190.22896233155888,,,
T3,1.8,0.002848035868435802,0.00046415888336127773,1e-09,-190.2286270839661,,,
T3,1.8,0.002848035868435802,0.00046415888336127773,1e-08,-190.22527467604948,,,
T3,1.8,0.002848035868435802,0.00046415888336127773,1e-07,-190.19175739663697,,,
T3,1.8,0.002848035868435802,0.00046415888336127773,1e-06,-189.85726316557205,,,
T3,1.8,0.002848035868435802,0.00046415888336127773,1e-05,-186.57879387359188,,,
T3,1.8,0.002848035868435802,0.00046415888336127773,0.0001,-159.2980546661616,,,
T3,1.8,0.002848035868435802,0.00046415888336127773,0.001,-66.62991039369521,,,
T3,1.8,0.002848035868435802,0.00046415888336127773,0.01,-10.688187656277957,,,
T3,1.8,0.002848035868435802,0.00046415888336127773,0.1,-1.5630221267303641,,,
T3,1.8,0.002848035868435802,0.00046415888336127773,1.0,-1.2662512891373523,,,
T3,1.8,0.002848035868435802,0.00046415888336127773,10.0,-2.133944692904258,,,
T3,1.8,0.002848035868435802,0.002154434690031882,1e-10,-46.69169404875626,,,
T3,1.8,0.002848035868435802,0.002154434690031882,1e-09,-46.69167604691086,,,
T3,1.8,0.002848035868435802,0.002154434690031882,1e-08,-46.69149602924653,,,
T3,1.8,0.002848035868435802,0.002154434690031882,1e-07,-46.689695931573475,,,
T3,1.8,0.002848035868435802,0.002154434690031882,1e-06,-46.67170284832757,,,
T3,1.8,0.002848035868435802,0.002154434690031882,1e-05,-46.49255783615884,,,
T3,1.8,0.002848035868435802,0.002154434690031882,0.0001,-44.77631440610336,,,
T3,1.8,0.002848035868435802,0.002154434690031882,0.001,-32.80995429642705,,,
T3,1.8,0.002848035868435802,0.002154434690031882,0.01,-9.284667984100768,,,
T3,1.8,0.002848035868435802,0.002154434690031882,0.1,-1.5478225997226518,,,
T3,1.8,0.002848035868435802,0.002154434690031882,1.0,-1.2667186391762373,,,
T3,1.8,0.002848035868435802,0.002154434690031882,10.0,-2.1340170575319624,,,
T3,1.8,0.002848035868435802,0.01,1e-10,-11.154015988558161,,,
T3,1.8,0.002848035868435802,0.01,1e-09,-11.15401504467963,,,
T3,1.8,0.002848035868435802,0.01,1e-08,-11.15400560590341,,,
T3,1.8,0.002848035868435802,0.01,1e-07,-11.153911219046929,,,
T3,1.8,0.002848035868435802,0.01,1e-06,-11.152967441048386,,,
T3,1.8,0.002848035868435802,0.01,1e-05,-11.143538708887977,,,
T3,1.8,0.002848035868435802,0.01,0.0001,-11.050147457576784,,,
T3,1.8,0.002848035868435802,0.01,0.001,-10.197905857629658,,,
T3,1.8,0.002848035868435802,0.01,0.01,-5.82564462808654,,,
T3,1.8,0.002848035868435802,0.01,0.1,-1.4844242203231552,,,
T3,1.8,0.002848035868435802,0.01,1.0,-1.2688833649487925,,,
T3,1.8,0.002848035868435802,0.01,10.0,-2.134352791681392,,,
T3,1.8,0.002848035868435802,0.046415888336127774,1e-10,-2.744615040045339,,,
T3,1.8,0.002848035868435802,0.046415888336127774,1e-09,-2.7446149954992287,,,
T3,1.8,0.002848035868435802,0.046415888336127774,1e-08,-2.7446145500382313,,,
T3,1.8,0.002848035868435802,0.046415888336127774,1e-07,-2.7446100954381154,,,
T3,1.8,0.002848035868435802,0.046415888336127774,1e-06,-2.7445655504232986,,,
T3,1.8,0.002848035868435802,0.046415888336127774,1e-05,-2.744120198887676,,,
T3,1.8,0.002848035868435802,0.046415888336127774,0.0001,-2.7396765237139675,,,
T3,1.8,0.002848035868435802,0.046415888336127774,0.001,-2.696203157420042,,,
T3,1.8,0.002848035868435802,0.046415888336127774,0.01,-2.340800140617426,,,
T3,1.8,0.002848035868435802,0.046415888336127774,0.1,-1.2944723681557513,,,
T3,1.8,0.002848035868435802,0.046415888336127774,1.0,-1.2788332244592675,,,
T3,1.8,0.002848035868435802,0.046415888336127774,10.0,-2.135907851356681,,,
T3,1.8,0.002848035868435802,0.21544346900318823,1e-10,-1.149529566137482,,,
T3,1.8,0.002848035868435802,0.21544346900318823,1e-09,-1.1495295651344306,,,
T3,1.8,0.002848035868435802,0.21544346900318823,1e-08,-1.149529555103916,,,
T3,1.8,0.002848035868435802,0.21544346900318823,1e-07,-1.1495294547988542,,,
T3,1.8,0.002848035868435802,0.21544346900318823,1e-06,-1.1495284517565032,,,
T3,1.8,0.002848035868435802,0.21544346900318823,1e-05,-1.1495184221595356,,,
T3,1.8,0.002848035868435802,0.21544346900318823,0.0001,-1.1494182088012561,,,
T3,1.8,0.002848035868435802,0.21544346900318823,0.001,-1.1484242935293423,,,
T3,1.8,0.002848035868435802,0.21544346900318823,0.01,-1.1392661265810724,,,
T3,1.8,0.002848035868435802,0.21544346900318823,0.1,-1.0983759131912294,,,
T3,1.8,0.002848035868435802,0.21544346900318823,1.0,-1.3229031518952605,,,
T3,1.8,0.002848035868435802,0.21544346900318823,10.0,-2.143056073138711,,,
T3,1.8,0.002848035868435802,1.0,1e-10,-1.2661227694841741,,,
T3,1.8,0.002848035868435802,1.0,1e-09,-1.2661227697331605,,,
T3,1.8,0.002848035868435802,1.0,1e-08,-1.2661227722230257,,,
T3,1.8,0.002848035868435802,1.0,1e-07,-1.2661227971216777,,,
T3,1.8,0.002848035868435802,1.0,1e-06,-1.2661230461081439,,,
T3,1.8,0.002848035868435802,1.0,1e-05,-1.2661255359674275,,,
T3,1.8,0.002848035868435802,1.0,0.0001,-1.2661504340228134,,,
T3,1.8,0.002848035868435802,1.0,0.001,-1.266399360823213,,,
T3,1.8,0.002848035868435802,1.0,0.01,-1.2688832457164871,,,
T3,1.8,0.002848035868435802,1.0,0.1,-1.2931792727339382,,,
T3,1.8,0.002848035868435802,1.0,1.0,-1.488646478463072,,,
T3,1.8,0.002848035868435802,1.0,10.0,-2.174821127889751,,,
T3,1.8,0.002848035868435802,4.641588833612772,1e-10,-1.8126702183031749,,,
T3,1.8,0.002848035868435802,4.641588833612772,1e-09,-1.812670218381987,,,
T3,1.8,0.002848035868435802,4.641588833612772,1e-08,-1.8126702191701032,,,
T3,1.8,0.002848035868435802,4.641588833612772,1e-07,-1.8126702270512662,,,
T3,1.8,0.002848035868435802,4.641588833612772,1e-06,-1.8126703058628935,,,
T3,1.8,0.002848035868435802,4.641588833612772,1e-05,-1.8126710939784005,,,
T3,1.8,0.002848035868435802,4.641588833612772,0.0001,-1.8126789750575303,,,
T3,1.8,0.002848035868435802,4.641588833612772,0.001,-1.8127577782554432,,,
T3,1.8,0.002848035868435802,4.641588833612772,0.01,-1.8135450518737346,,,
T3,1.8,0.002848035868435802,4.641588833612772,0.1,-1.8213429157824064,,,
T3,1.8,0.002848035868435802,4.641588833612772,1.0,-1.8926777193123159,,,
T3,1.8,0.002848035868435802,4.641588833612772,10.0,-2.2984578793684296,,,
T3,1.8,0.002848035868435802,21.54434690031882,1e-10,-2.467217290702277,,,
T3,1.8,0.002848035868435802,21.54434690031882,1e-09,-2.467217290720619,,,
T3,1.8,0.002848035868435802,21.54434690031882,1e-08,-2.4672172909040344,,,
T3,1.8,0.002848035868435802,21.54434690031882,1e-07,-2.467217292738187,,,
T3,1.8,0.002848035868435802,21.54434690031882,1e-06,-2.467217311079714,,,
T3,1.8,0.002848035868435802,21.54434690031882,1e-05,-2.467217494494947,,,
T3,1.8,0.002848035868435802,21.54434690031882,0.0001,-2.4672193286431527,,,
T3,1.8,0.002848035868435802,21.54434690031882,0.001,-2.4672376697132643,,,
T3,1.8,0.002848035868435802,21.54434690031882,0.01,-2.467421039231774,,,
T3,1.8,0.002848035868435802,21.54434690031882,0.1,-2.4692506285669085,,,
T3,1.8,0.002848035868435802,21.54434690031882,1.0,-2.4871479397434797,,,
T3,1.8,0.002848035868435802,21.54434690031882,10.0,-2.6352636869112898,,,
T3,1.8,0.002848035868435802,100.0,1e-10,-3.1488926420315297,,,
T3,1.8,0.002848035868435802,100.0,1e-09,-3.148892642035555,,,
T3,1.8,0.002848035868435802,100.0,1e-08,-3.1488926420758077,,,
T3,1.8,0.002848035868435802,100.0,1e-07,-3.1488926424783363,,,
T3,1.8,0.002848035868435802,100.0,1e-06,-3.1488926465036093,,,
T3,1.8,0.002848035868435802,100.0,1e-05,-3.1488926867563443,,,
T3,1.8,0.002848035868435802,100.0,0.0001,-3.1488930892835016,,,
T3,1.8,0.002848035868435802,100.0,0.001,-3.148897114535259,,,
T3,1.8,0.002848035868435802,100.0,0.01,-3.1489373650714807,,,
T3,1.8,0.002848035868435802,100.0,0.1,-3.14933967242994,,,
T3,1.8,0.002848035868435802,100.0,1.0,-3.1533430758301813,,,
T3,1.8,0.002848035868435802,100.0,10.0,-3.1915312880267535,,,
T3,1.8,0.002848035868435802,464.1588833612773,1e-10,-3.8373823089227495,,,
T3,1.8,0.002848035868435802,464.1588833612773,1e-09,-3.83738230892362,,,
T3,1.8,0.002848035868435802,464.1588833612773,1e-08,-3.8373823089323316,,,
T3,1.8,0.002848035868435802,464.1588833612773,1e-07,-3.8373823090194534,,,
T3,1.8,0.002848035868435802,464.1588833612773,1e-06,-3.8373823098906605,,,
T3,1.8,0.002848035868435802,464.1588833612773,1e-05,-3.8373823186027396,,,
T3,1.8,0.002848035868435802,464.1588833612773,0.0001,-3.8373824057235284,,,
T3,1.8,0.002848035868435802,464.1588833612773,0.001,-3.8373832769304776,,,
T3,1.8,0.002848035868435802,464.1588833612773,0.01,-3.837391988907202,,,
T3,1.8,0.002848035868435802,464.1588833612773,0.1,-3.837479099397805,,,
T3,1.8,0.002848035868435802,464.1588833612773,1.0,-3.8383492779674007,,,
T3,1.8,0.002848035868435802,464.1588833612773,10.0,-3.846959736113246,,,
T3,1.8,0.002848035868435802,2154.4346900318824,1e-10,-4.527583654496197,,,
T3,1.8,0.002848035868435802,2154.4346900318824,1e-09,-4.527583654496384,,,
T3,1.8,0.002848035868435802,2154.4346900318824,1e-08,-4.5275836544982635,,,
T3,1.8,0.002848035868435802,2154.4346900318824,1e-07,-4.527583654517054,,,
T3,1.8,0.002848035868435802,2154.4346900318824,1e-06,-4.527583654704967,,,
T3,1.8,0.002848035868435802,2154.4346900318824,1e-05,-4.527583656584085,,,
T3,1.8,0.002848035868435802,2154.4346900318824,0.0001,-4.52758367537528,,,
T3,1.8,0.002848035868435802,2154.4346900318824,0.001,-4.527583863287176,,,
T3,1.8,0.002848035868435802,2154.4346900318824,0.01,-4.527585742401821,,,
T3,1.8,0.002848035868435802,2154.4346900318824,0.1,-4.527604533116703,,,
T3,1.8,0.002848035868435802,2154.4346900318824,1.0,-4.52779239712092,,,
T3,1.8,0.002848035868435802,2154.4346900318824,10.0,-4.529666735988322,,,
T3,1.8,0.002848035868435802,10000.0,1e-10,-5.218214954315333,,,
T3,1.8,0.002848035868435802,10000.0,1e-09,-5.218214954315373,,,
T3,1.8,0.002848035868435802,10000.0,1e-08,-5.218214954315778,,,
T3,1.8,0.002848035868435802,10000.0,1e-07,-5.218214954319828,,,
T3,1.8,0.002848035868435802,10000.0,1e-06,-5.218214954360326,,,
T3,1.8,0.002848035868435802,10000.0,1e-05,-5.218214954765285,,,
T3,1.8,0.002848035868435802,10000.0,0.0001,-5.218214958814893,,,
T3,1.8,0.002848035868435802,10000.0,0.001,-5.218214999310975,,,
T3,1.8,0.002848035868435802,10000.0,0.01,-5.218215404271588,,,
T3,1.8,0.002848035868435802,10000.0,0.1,-5.218219453857676,,,
T3,1.8,0.002848035868435802,10000.0,1.0,-5.218259947714321,,,
T3,1.8,0.002848035868435802,10000.0,10.0,-5.218664685990804,,,
T3,1.8,0.008111308307896872,0.0001,1e-10,-736.5046032320207,,,
T3,1.8,0.008111308307896872,0.0001,1e-09,-736.4988523347646,,,
T3,1.8,0.008111308307896872,0.0001,1e-08,-736.44134855961,,,
T3,1.8,0.008111308307896872,0.0001,1e-07,-735.8668300667948,,,
T3,1.8,0.008111308307896872,0.0001,1e-06,-730.1730936673258,,,
T3,1.8,0.008111308307896872,0.0001,1e-05,-677.944103231489,,,
T3,1.8,0.008111308307896872,0.0001,0.0001,-400.7196552657912,,,
T3,1.8,0.008111308307896872,0.0001,0.001,-86.30963958385387,,,
T3,1.8,0.008111308307896872,0.0001,0.01,-11.045734281225553,,,
T3,1.8,0.008111308307896872,0.0001,0.1,-1.5663171864463477,,,
T3,1.8,0.008111308307896872,0.0001,1.0,-1.2661496408986213,,,
T3,1.8,0.008111308307896872,0.0001,10.0,-2.133929071442461,,,
T3,1.8,0.008111308307896872,0.00046415888336127773,1e-10,-183.39112407317833,,,
T3,1.8,0.008111308307896872,0.00046415888336127773,1e-09,-183.390813506546,,,
T3,1.8,0.008111308307896872,0.00046415888336127773,1e-08,-183.38770790075446,,,
T3,1.8,0.008111308307896872,0.00046415888336127773,1e-07,-183.3566578948009,,,
T3,1.8,0.008111308307896872,0.00046415888336127773,1e-06,-183.04676182369937,,,
T3,1.8,0.008111308307896872,0.00046415888336127773,1e-05,-180.00701605106184,,,
T3,1.8,0.008111308307896872,0.00046415888336127773,0.0001,-154.5458073076589,,,
T3,1.8,0.008111308307896872,0.00046415888336127773,0.001,-65.83798773202113,,,
T3,1.8,0.008111308307896872,0.00046415888336127773,0.01,-10.669034289673519,,,
T3,1.8,0.008111308307896872,0.00046415888336127773,0.1,-1.562752950924945,,,
T3,1.8,0.008111308307896872,0.00046415888336127773,1.0,-1.2662470420382357,,,
T3,1.8,0.008111308307896872,0.00046415888336127773,10.0,-2.133944556227525,,,
T3,1.8,0.008111308307896872,0.002154434690031882,1e-10,-44.9724411105868,,,
T3,1.8,0.008111308307896872,0.002154434690031882,1e-09,-44.9724244451536,,,
T3,1.8,0.008111308307896872,0.002154434690031882,1e-08,-44.97225779152418,,,
T3,1.8,0.008111308307896872,0.002154434690031882,1e-07,-44.97059132547595,,,
T3,1.8,0.008111308307896872,0.002154434690031882,1e-06,-44.9539336865536,,,
T3,1.8,0.008111308307896872,0.002154434690031882,1e-05,-44.7880564374474,,,
T3,1.8,0.008111308307896872,0.002154434690031882,0.0001,-43.196307803102734,,,
T3,1.8,0.008111308307896872,0.002154434690031882,0.001,-31.96619637539477,,,
T3,1.8,0.008111308307896872,0.002154434690031882,0.01,-9.21807835909129,,,
T3,1.8,0.008111308307896872,0.002154434690031882,0.1,-1.5466122420144173,,,
T3,1.8,0.008111308307896872,0.002154434690031882,1.0,-1.2666989827208492,,,
T3,1.8,0.008111308307896872,0.002154434690031882,10.0,-2.134016423266304,,,
T3,1.8,0.008111308307896872,0.01,1e-10,-10.720494062933282,,,
T3,1.8,0.008111308307896872,0.01,1e-09,-10.720493191539003,,,
T3,1.8,0.008111308307896872,0.01,1e-08,-10.720484477604248,,,
T3,1.8,0.008111308307896872,0.01,1e-07,-10.72039733906057,,,
T3,1.8,0.008111308307896872,0.01,1e-06,-10.719526034001703,,,
T3,1.8,0.008111308307896872,0.01,1e-05,-10.710821013702143,,,
T3,1.8,0.008111308307896872,0.01,0.0001,-10.624566406912646,,,
T3,1.8,0.008111308307896872,0.01,0.001,-9.834785650920955,,,
T3,1.8,0.008111308307896872,0.01,0.01,-5.706761032726277,,,
T3,1.8,0.008111308307896872,0.01,0.1,-1.47954295681119,,,
T3,1.8,0.008111308307896872,0.01,1.0,-1.2687933359022863,,,
T3,1.8,0.008111308307896872,0.01,10.0,-2.134349850511758,,,
T3,1.8,0.008111308307896872,0.046415888336127774,1e-10,-2.634054170580622,,,
T3,1.8,0.008111308307896872,0.046415888336127774,1e-09,-2.634054129991966,,,
T3,1.8,0.008111308307896872,0.046415888336127774,1e-08,-2.634053724105494,,,
T3,1.8,0.008111308307896872,0.046415888336127774,1e-07,-2.6340496652494427,,,
T3,1.8,0.008111308307896872,0.046415888336127774,1e-06,-2.634009077555673,,,
T3,1.8,0.008111308307896872,0.046415888336127774,1e-05,-2.6336032872740396,,,
T3,1.8,0.008111308307896872,0.046415888336127774,0.0001,-2.6295540322577993,,,
T3,1.8,0.008111308307896872,0.046415888336127774,0.001,-2.5899088128098096,,,
T3,1.8,0.008111308307896872,0.046415888336127774,0.01,-2.263706685007996,,,
T3,1.8,0.008111308307896872,0.046415888336127774,0.1,-1.2812645720695435,,,
T3,1.8,0.008111308307896872,0.046415888336127774,1.0,-1.2784398387855063,,,
T3,1.8,0.008111308307896872,0.046415888336127774,10.0,-2.135894260325726,,,
T3,1.8,0.008111308307896872,0.21544346900318823,1e-10,-1.1200928476577212,,,
T3,1.8,0.008111308307896872,0.21544346900318823,1e-09,-1.120092846876338,,,
T3,1.8,0.008111308307896872,0.21544346900318823,1e-08,-1.1200928390625087,,,
T3,1.8,0.008111308307896872,0.21544346900318823,1e-07,-1.1200927609242832,,,
T3,1.8,0.008111308307896872,0.21544346900318823,1e-06,-1.120091979548865,,,
T3,1.8,0.008111308307896872,0.21544346900318823,1e-05,-1.120084166478088,,,
T3,1.8,0.008111308307896872,0.21544346900318823,0.0001,-1.1200061040764202,,,
T3,1.8,0.008111308307896872,0.21544346900318823,0.001,-1.1192322762006681,,,
T3,1.8,0.008111308307896872,0.21544346900318823,0.01,-1.112140684400548,,,
T3,1.8,0.008111308307896872,0.21544346900318823,0.1,-1.0835458003215073,,,
T3,1.8,0.008111308307896872,0.21544346900318823,1.0,-1.3214848250834,,,
T3,1.8,0.008111308307896872,0.21544346900318823,10.0,-2.142994265228222,,,
T3,1.8,0.008111308307896872,1.0,1e-10,-1.257063516498246,,,
T3,1.8,0.008111308307896872,1.0,1e-09,-1.257063516760845,,,
T3,1.8,0.008111308307896872,1.0,1e-08,-1.2570635193868358,,,
T3,1.8,0.008111308307896872,1.0,1e-07,-1.2570635456467412,,,
T3,1.8,0.008111308307896872,1.0,1e-06,-1.2570638082457217,,,
T3,1.8,0.008111308307896872,1.0,1e-05,-1.2570664342283129,,,
T3,1.8,0.008111308307896872,1.0,0.0001,-1.257092693332719,,,
T3,1.8,0.008111308307896872,1.0,0.001,-1.257355212241084,,,
T3,1.8,0.008111308307896872,1.0,0.01,-1.2599732026522608,,,
T3,1.8,0.008111308307896872,1.0,0.1,-1.2854489791322343,,,
T3,1.8,0.008111308307896872,1.0,1.0,-1.4857109834269109,,,
T3,1.8,0.008111308307896872,1.0,10.0,-2.1745589509551086,,,
T3,1.8,0.008111308307896872,4.641588833612772,1e-10,-1.808729553229913,,,
T3,1.8,0.008111308307896872,4.641588833612772,1e-09,-1.8087295533098096,,,
T3,1.8,0.008111308307896872,4.641588833612772,1e-08,-1.8087295541087756,,,
T3,1.8,0.008111308307896872,4.641588833612772,1e-07,-1.8087295620984327,,,
T3,1.8,0.008111308307896872,4.641588833612772,1e-06,-1.8087296419949943,,,
T3,1.8,0.008111308307896872,4.641588833612772,1e-05,-1.808730440959824,,,
T3,1.8,0.008111308307896872,4.641588833612772,0.0001,-1.808738430529234,,,
T3,1.8,0.008111308307896872,4.641588833612772,0.001,-1.808818318335667,,,
T3,1.8,0.008111308307896872,4.641588833612772,0.01,-1.8096164086869209,,,
T3,1.8,0.008111308307896872,4.641588833612772,0.1,-1.817519578673421,,,
T3,1.8,0.008111308307896872,4.641588833612772,1.0,-1.8896804596469203,,,
T3,1.8,0.008111308307896872,4.641588833612772,10.0,-2.297591882175607,,,
T3,1.8,0.008111308307896872,21.54434690031882,1e-10,-2.4645623567818826,,,
T3,1.8,0.008111308307896872,21.54434690031882,1e-09,-2.464562356800358,,,
T3,1.8,0.008111308307896872,21.54434690031882,1e-08,-2.464562356985111,,,
T3,1.8,0.008111308307896872,21.54434690031882,1e-07,-2.464562358832638,,,
T3,1.8,0.008111308307896872,21.54434690031882,1e-06,-2.464562377307911,,,
T3,1.8,0.008111308307896872,21.54434690031882,1e-05,-2.4645625620605935,,,
T3,1.8,0.008111308307896872,21.54434690031882,0.0001,-2.4645644095832373,,,
T3,1.8,0.008111308307896872,21.54434690031882,0.001,-2.464582884390587,,,
T3,1.8,0.008111308307896872,21.54434690031882,0.01,-2.4647675905685382,,,
T3,1.8,0.008111308307896872,21.54434690031882,0.1,-2.4666104755764247,,,
T3,1.8,0.008111308307896872,21.54434690031882,1.0,-2.4846340053678007,,,
T3,1.8,0.008111308307896872,21.54434690031882,10.0,-2.6335711944435616,,,
T3,1.8,0.008111308307896872,100.0,1e-10,-3.1465606691749057,,,
T3,1.8,0.008111308307896872,100.0,1e-09,-3.146560669178954,,,
T3,1.8,0.008111308307896872,100.0,1e-08,-3.1465606692194408,,,
T3,1.8,0.008111308307896872,100.0,1e-07,-3.1465606696243085,,,
T3,1.8,0.008111308307896872,100.0,1e-06,-3.146560673672986,,,
T3,1.8,0.008111308307896872,100.0,1e-05,-3.14656071415975,,,
T3,1.8,0.008111308307896872,100.0,0.0001,-3.146561119027204,,,
T3,1.8,0.008111308307896872,100.0,0.001,-3.1465651676816604,,,
T3,1.8,0.008111308307896872,100.0,0.01,-3.1466056522193884,,,
T3,1.8,0.008111308307896872,100.0,0.1,-3.1470102970461915,,,
T3,1.8,0.008111308307896872,100.0,1.0,-3.151036823200365,,,
T3,1.8,0.008111308307896872,100.0,10.0,-3.1894335449645768,,,
T3,1.8,0.008111308307896872,464.1588833612773,1e-10,-3.8351314602175215,,,
T3,1.8,0.008111308307896872,464.1588833612773,1e-09,-3.835131460218398,,,
T3,1.8,0.008111308307896872,464.1588833612773,1e-08,-3.8351314602271573,,,
T3,1.8,0.008111308307896872,464.1588833612773,1e-07,-3.835131460314753,,,
T3,1.8,0.008111308307896872,464.1588833612773,1e-06,-3.8351314611907106,,,
T3,1.8,0.008111308307896872,464.1588833612773,1e-05,-3.8351314699502814,,,
T3,1.8,0.008111308307896872,464.1588833612773,0.0001,-3.835131557545985,,,
T3,1.8,0.008111308307896872,464.1588833612773,0.001,-3.8351324335020878,,,
T3,1.8,0.008111308307896872,464.1588833612773,0.01,-3.8351411929692345,,,
T3,1.8,0.008111308307896872,464.1588833612773,0.1,-3.8352287782546233,,,
T3,1.8,0.008111308307896872,464.1588833612773,1.0,-3.836103693852622,,,
T3,1.8,0.008111308307896872,464.1588833612773,10.0,-3.8447604550263934,,,
T3,1.8,0.008111308307896872,2154.4346900318824,1e-10,-4.5253531832564855,,,
T3,1.8,0.008111308307896872,2154.4346900318824,1e-09,-4.525353183256675,,,
T3,1.8,0.008111308307896872,2154.4346900318824,1e-08,-4.525353183258564,,,
T3,1.8,0.008111308307896872,2154.4346900318824,1e-07,-4.525353183277456,,,
T3,1.8,0.008111308307896872,2154.4346900318824,1e-06,-4.525353183466376,,,
T3,1.8,0.008111308307896872,2154.4346900318824,1e-05,-4.525353185355568,,,
T3,1.8,0.008111308307896872,2154.4346900318824,0.0001,-4.525353204247494,,,
T3,1.8,0.008111308307896872,2154.4346900318824,0.001,-4.525353393166719,,,
T3,1.8,0.008111308307896872,2154.4346900318824,0.01,-4.525355282354587,,,
T3,1.8,0.008111308307896872,2154.4346900318824,0.1,-4.525374173796728,,,
T3,1.8,0.008111308307896872,2154.4346900318824,1.0,-4.525563044576006,,,
T3,1.8,0.008111308307896872,2154.4346900318824,10.0,-4.527447401688213,,,
T3,1.8,0.008111308307896872,10000.0,1e-10,-5.215989601663537,,,
T3,1.8,0.008111308307896872,10000.0,1e-09,-5.215989601663577,,,
T3,1.8,0.008111308307896872,10000.0,1e-08,-5.215989601663984,,,
T3,1.8,0.008111308307896872,10000.0,1e-07,-5.215989601668056,,,
T3,1.8,0.008111308307896872,10000.0,1e-06,-5.215989601708769,,,
T3,1.8,0.008111308307896872,10000.0,1e-05,-5.215989602115892,,,
T3,1.8,0.008111308307896872,10000.0,0.0001,-5.215989606187117,,,
T3,1.8,0.008111308307896872,10000.0,0.001,-5.215989646899362,,,
T3,1.8,0.008111308307896872,10000.0,0.01,-5.215990054021617,,,
T3,1.8,0.008111308307896872,10000.0,0.1,-5.215994125223905,,,
T3,1.8,0.008111308307896872,10000.0,1.0,-5.216034835219557,,,
T3,1.8,0.008111308307896872,10000.0,10.0,-5.216441732590366,,,
T3,1.8,0.02310129700083159,0.0001,1e-10,-395.44875785293914,,,
T3,1.8,0.02310129700083159,0.0001,1e-09,-395.44703940475813,,,
T3,1.8,0.02310129700083159,0.0001,1e-08,-395.42985622462976,,,
T3,1.8,0.02310129700083159,0.0001,1e-07,-395.258154370198,,,
T3,1.8,0.02310129700083159,0.0001,1e-06,-393.55391521524604,,,
T3,1.8,0.02310129700083159,0.0001,1e-05,-377.61987503209946,,,
T3,1.8,0.02310129700083159,0.0001,0.0001,-274.2713675695192,,,
T3,1.8,0.02310129700083159,0.0001,0.001,-79.24509673396588,,,
T3,1.8,0.02310129700083159,0.0001,0.01,-10.931261071822902,,,
T3,1.8,0.02310129700083159,0.0001,0.1,-1.5647899893866368,,,
T3,1.8,0.02310129700083159,0.0001,1.0,-1.2661256730820651,,,
T3,1.8,0.02310129700083159,0.0001,10.0,-2.1339283005289436,,,
T3,1.8,0.02310129700083159,0.00046415888336127773,1e-10,-97.59991276220404,,,
T3,1.8,0.02310129700083159,0.00046415888336127773,1e-09,-97.59982095621302,,,
T3,1.8,0.02310129700083159,0.00046415888336127773,1e-08,-97.59890291115082,,,
T3,1.8,0.02310129700083159,0.00046415888336127773,1e-07,-97.58972394476557,,,
T3,1.8,0.02310129700083159,0.00046415888336127773,1e-06,-97.49808216536611,,,
T3,1.8,0.02310129700083159,0.00046415888336127773,1e-05,-96.59594422830973,,,
T3,1.8,0.02310129700083159,0.00046415888336127773,0.0001,-88.67576051634602,,,
T3,1.8,0.02310129700083159,0.00046415888336127773,0.001,-50.37913216853179,,,
T3,1.8,0.02310129700083159,0.00046415888336127773,0.01,-10.19031445276859,,,
T3,1.8,0.02310129700083159,0.00046415888336127773,0.1,-1.555738429795889,,,
T3,1.8,0.02310129700083159,0.00046415888336127773,1.0,-1.2661358843245099,,,
T3,1.8,0.02310129700083159,0.00046415888336127773,10.0,-2.133940978044804,,,
T3,1.8,0.02310129700083159,0.002154434690031882,1e-10,-23.300890337586914,,,
T3,1.8,0.02310129700083159,0.002154434690031882,1e-09,-23.300885626086025,,,
T3,1.8,0.02310129700083159,0.002154434690031882,1e-08,-23.300838511234893,,,
T3,1.8,0.02310129700083159,0.002154434690031882,1e-07,-23.300367378497974,,,
T3,1.8,0.02310129700083159,0.002154434690031882,1e-06,-23.29565762735147,,,
T3,1.8,0.02310129700083159,0.002154434690031882,1e-05,-23.248716540395904,,,
T3,1.8,0.02310129700083159,0.002154434690031882,0.0001,-22.793887965931752,,,
T3,1.8,0.02310129700083159,0.002154434690031882,0.001,-19.201074963632283,,,
T3,1.8,0.02310129700083159,0.002154434690031882,0.01,-7.751081002333957,,,
T3,1.8,0.02310129700083159,0.002154434690031882,0.1,-1.5155754269569057,,,
T3,1.8,0.02310129700083159,0.002154434690031882,1.0,-1.266184986336522,,,
T3,1.8,0.02310129700083159,0.002154434690031882,10.0,-2.133999816554701,,,
T3,1.8,0.02310129700083159,0.01,1e-10,-5.155078338146615,,,
T3,1.8,0.02310129700083159,0.01,1e-09,-5.155078138493183,,,
T3,1.8,0.02310129700083159,0.01,1e-08,-5.155076141959986,,,
T3,1.8,0.02310129700083159,0.01,1e-07,-5.155056176740638,,,
T3,1.8,0.02310129700083159,0.01,1e-06,-5.154856535807914,,,
T3,1.8,0.02310129700083159,0.01,1e-05,-5.15286125099185,,,
T3,1.8,0.02310129700083159,0.01,0.0001,-5.13301933655313,,,
T3,1.8,0.02310129700083159,0.01,0.001,-4.944524233792039,,,
T3,1.8,0.02310129700083159,0.01,0.01,-3.655797627876077,,,
T3,1.8,0.02310129700083159,0.01,0.1,-1.362149526142889,,,
T3,1.8,0.02310129700083159,0.01,1.0,-1.2664487219889193,,,
T3,1.8,0.02310129700083159,0.01,10.0,-2.134272806446916,,,
T3,1.8,0.02310129700083159,0.046415888336127774,1e-10,-1.114316899840818,,,
T3,1.8,0.02310129700083159,0.046415888336127774,1e-09,-1.1143169009542386,,,
T3,1.8,0.02310129700083159,0.046415888336127774,1e-08,-1.1143169120884266,,,
T3,1.8,0.02310129700083159,0.046415888336127774,1e-07,-1.1143170234283115,,,
T3,1.8,0.02310129700083159,0.046415888336127774,1e-06,-1.114318136627501,,,
T3,1.8,0.02310129700083159,0.046415888336127774,1e-05,-1.1143292486651677,,,
T3,1.8,0.02310129700083159,0.046415888336127774,0.0001,-1.1144383844385701,,,
T3,1.8,0.02310129700083159,0.046415888336127774,0.001,-1.1153415860645086,,,
T3,1.8,0.02310129700083159,0.046415888336127774,0.01,-1.1124513622948882,,,
T3,1.8,0.02310129700083159,0.046415888336127774,0.1,-1.0116520756547398,,,
T3,1.8,0.02310129700083159,0.046415888336127774,1.0,-1.2683611795602703,,,
T3,1.8,0.02310129700083159,0.046415888336127774,10.0,-2.1355374552047914,,,
T3,1.8,0.02310129700083159,0.21544346900318823,1e-10,-0.6165840717445509,,,
T3,1.8,0.02310129700083159,0.21544346900318823,1e-09,-0.6165840743724732,,,
T3,1.8,0.02310129700083159,0.21544346900318823,1e-08,-0.6165841006516963,,,
T3,1.8,0.02310129700083159,0.21544346900318823,1e-07,-0.6165843634437504,,,
T3,1.8,0.02310129700083159,0.21544346900318823,1e-06,-0.616586991346602,,,
T3,1.8,0.02310129700083159,0.21544346900318823,1e-05,-0.6166132686062744,,,
T3,1.8,0.02310129700083159,0.21544346900318823,0.0001,-0.6168758644941665,,,
T3,1.8,0.02310129700083159,0.21544346900318823,0.001,-0.6194843258244135,,,
T3,1.8,0.02310129700083159,0.21544346900318823,0.01,-0.6439746090429372,,,
T3,1.8,0.02310129700083159,0.21544346900318823,0.1,-0.8042275024764969,,,
T3,1.8,0.02310129700083159,0.21544346900318823,1.0,-1.286469513601156,,,
T3,1.8,0.02310129700083159,0.21544346900318823,10.0,-2.141354888702993,,,
T3,1.8,0.02310129700083159,1.0,1e-10,-1.0088197980699412,,,
T3,1.8,0.02310129700083159,1.0,1e-09,-1.0088197987653433,,,
T3,1.8,0.02310129700083159,1.0,1e-08,-1.008819805719367,,,
T3,1.8,0.02310129700083159,1.0,1e-07,-1.008819875259593,,,
T3,1.8,0.02310129700083159,1.0,1e-06,-1.0088205706609346,,,
T3,1.8,0.02310129700083159,1.0,1e-05,-1.0088275245824208,,,
T3,1.8,0.02310129700083159,1.0,0.0001,-1.0088970546062483,,,
T3,1.8,0.02310129700083159,1.0,0.001,-1.009591437659183,,,
T3,1.8,0.02310129700083159,1.0,0.01,-1.0164454204193594,,,
T3,1.8,0.02310129700083159,1.0,0.1,-1.077500389753193,,,
T3,1.8,0.02310129700083159,1.0,1.0,-1.4063123028752327,,,
T3,1.8,0.02310129700083159,1.0,10.0,-2.1672704185021225,,,
T3,1.8,0.02310129700083159,4.641588833612772,1e-10,-1.6246055182786137,,,
T3,1.8,0.02310129700083159,4.641588833612772,1e-09,-1.6246055184354276,,,
T3,1.8,0.02310129700083159,4.641588833612772,1e-08,-1.6246055200035634,,,
T3,1.8,0.02310129700083159,4.641588833612772,1e-07,-1.6246055356849258,,,
T3,1.8,0.02310129700083159,4.641588833612772,1e-06,-1.6246056924985044,,,
T3,1.8,0.02310129700083159,4.641588833612772,1e-05,-1.6246072606299085,,,
T3,1.8,0.02310129700083159,4.641588833612772,0.0001,-1.624622941505811,,,
T3,1.8,0.02310129700083159,4.641588833612772,0.001,-1.6247797064707843,,,
T3,1.8,0.02310129700083159,4.641588833612772,0.01,-1.6263429962527822,,,
T3,1.8,0.02310129700083159,4.641588833612772,0.1,-1.6415584354108206,,,
T3,1.8,0.02310129700083159,4.641588833612772,1.0,-1.764148857162755,,,
T3,1.8,0.02310129700083159,4.641588833612772,10.0,-2.268712665117239,,,
T3,1.8,0.02310129700083159,21.54434690031882,1e-10,-2.2965444581254717,,,
T3,1.8,0.02310129700083159,21.54434690031882,1e-09,-2.2965444581596346,,,
T3,1.8,0.02310129700083159,21.54434690031882,1e-08,-2.2965444585012635,,,
T3,1.8,0.02310129700083159,21.54434690031882,1e-07,-2.2965444619175592,,,
T3,1.8,0.02310129700083159,21.54434690031882,1e-06,-2.296544496080508,,,
T3,1.8,0.02310129700083159,21.54434690031882,1e-05,-2.2965448377097926,,,
T3,1.8,0.02310129700083159,21.54434690031882,0.0001,-2.296548253982165,,,
T3,1.8,0.02310129700083159,21.54434690031882,0.001,-2.2965824146590137,,,
T3,1.8,0.02310129700083159,21.54434690031882,0.01,-2.2969238169365656,,,
T3,1.8,0.02310129700083159,21.54434690031882,0.1,-2.3003175856845584,,,
T3,1.8,0.02310129700083159,21.54434690031882,1.0,-2.332404560849292,,,
T3,1.8,0.02310129700083159,21.54434690031882,10.0,-2.552139540175957,,,
T3,1.8,0.02310129700083159,100.0,1e-10,-2.9825884490412715,,,
T3,1.8,0.02310129700083159,100.0,1e-09,-2.9825884490486523,,,
T3,1.8,0.02310129700083159,100.0,1e-08,-2.9825884491224586,,,
T3,1.8,0.02310129700083159,100.0,1e-07,-2.982588449860525,,,
T3,1.8,0.02310129700083159,100.0,1e-06,-2.9825884572411923,,,
T3,1.8,0.02310129700083159,100.0,1e-05,-2.98258853104785,,,
T3,1.8,0.02310129700083159,100.0,0.0001,-2.982589269113479,,,
T3,1.8,0.02310129700083159,100.0,0.001,-2.9825966496745955,,,
T3,1.8,0.02310129700083159,100.0,0.01,-2.98267044577059,,,
T3,1.8,0.02310129700083159,100.0,0.1,-2.98340745718648,,,
T3,1.8,0.02310129700083159,100.0,1.0,-2.990684541404028,,,
T3,1.8,0.02310129700083159,100.0,10.0,-3.055694612842276,,,
T3,1.8,0.02310129700083159,464.1588833612773,1e-10,-3.6721754685826786,,,
T3,1.8,0.02310129700083159,464.1588833612773,1e-09,-3.67217546858427,,,
T3,1.8,0.02310129700083159,464.1588833612773,1e-08,-3.6721754686001815,,,
T3,1.8,0.02310129700083159,464.1588833612773,1e-07,-3.672175468759305,,,
T3,1.8,0.02310129700083159,464.1588833612773,1e-06,-3.672175470350529,,,
T3,1.8,0.02310129700083159,464.1588833612773,1e-05,-3.672175486262778,,,
T3,1.8,0.02310129700083159,464.1588833612773,0.0001,-3.672175645385219,,,
T3,1.8,0.02310129700083159,464.1588833612773,0.001,-3.6721772366052137,,,
T3,1.8,0.02310129700083159,464.1588833612773,0.01,-3.6721931483632324,,,
T3,1.8,0.02310129700083159,464.1588833612773,0.1,-3.672352221771535,,,
T3,1.8,0.02310129700083159,464.1588833612773,1.0,-3.6739385583414226,,,
T3,1.8,0.02310129700083159,464.1588833612773,10.0,-3.689380831177796,,,
T3,1.8,0.02310129700083159,2154.4346900318824,1e-10,-4.362652456679395,,,
T3,1.8,0.02310129700083159,2154.4346900318824,1e-09,-4.362652456679739,,,
T3,1.8,0.02310129700083159,2154.4346900318824,1e-08,-4.3626524566831675,,,
T3,1.8,0.02310129700083159,2154.4346900318824,1e-07,-4.362652456717456,,,
T3,1.8,0.02310129700083159,2154.4346900318824,1e-06,-4.362652457060334,,,
T3,1.8,0.02310129700083159,2154.4346900318824,1e-05,-4.362652460489125,,,
T3,1.8,0.02310129700083159,2154.4346900318824,0.0001,-4.362652494777022,,,
T3,1.8,0.02310129700083159,2154.4346900318824,0.001,-4.3626528376557925,,,
T3,1.8,0.02310129700083159,2154.4346900318824,0.01,-4.36265626642298,,,
T3,1.8,0.02310129700083159,2154.4346900318824,0.1,-4.36269055204357,,,
T3,1.8,0.02310129700083159,2154.4346900318824,1.0,-4.363033203318219,,,
T3,1.8,0.02310129700083159,2154.4346900318824,10.0,-4.366439418349946,,,
T3,1.8,0.02310129700083159,10000.0,1e-10,-5.05335299476995,,,
T3,1.8,0.02310129700083159,10000.0,1e-09,-5.053352994770024,,,
T3,1.8,0.02310129700083159,10000.0,1e-08,-5.053352994770763,,,
T3,1.8,0.02310129700083159,10000.0,1e-07,-5.053352994778151,,,
T3,1.8,0.02310129700083159,10000.0,1e-06,-5.053352994852024,,,
T3,1.8,0.02310129700083159,10000.0,1e-05,-5.0533529955907674,,,
T3,1.8,0.02310129700083159,10000.0,0.0001,-5.053353002978196,,,
T3,1.8,0.02310129700083159,10000.0,0.001,-5.053353076852472,,,
T3,1.8,0.02310129700083159,10000.0,0.01,-5.053353815594285,,,
T3,1.8,0.02310129700083159,10000.0,0.1,-5.053361202917185,,,
T3,1.8,0.02310129700083159,10000.0,1.0,-5.053435066625865,,,
T3,1.8,0.02310129700083159,10000.0,10.0,-5.054172753655779,,,
T3,1.8,0.0657933224657568,0.0001,1e-10,-464.8665954648959,,,
T3,1.8,0.0657933224657568,0.0001,1e-09,-464.60145433058824,,,
T3,1.8,0.0657933224657568,0.0001,1e-08,-461.984824976448,,,
T3,1.8,0.0657933224657568,0.0001,1e-07,-438.84459077706305,,,
T3,1.8,0.0657933224657568,0.0001,1e-06,-332.48439465032413,,,
T3,1.8,0.0657933224657568,0.0001,1e-05,-210.30613812841278,,,
T3,1.8,0.0657933224657568,0.0001,0.0001,-145.9818625974449,,,
T3,1.8,0.0657933224657568,0.0001,0.001,-63.14388870634044,,,
T3,1.8,0.0657933224657568,0.0001,0.01,-10.582769018312213,,,
T3,1.8,0.0657933224657568,0.0001,0.1,-1.5599610699519908,,,
T3,1.8,0.0657933224657568,0.0001,1.0,-1.26604959395469,,,
T3,1.8,0.0657933224657568,0.0001,10.0,-2.1339258526525073,,,
T3,1.8,0.0657933224657568,0.00046415888336127773,1e-10,-114.3515792170753,,,
T3,1.8,0.0657933224657568,0.00046415888336127773,1e-09,-114.33724504178728,,,
T3,1.8,0.0657933224657568,0.00046415888336127773,1e-08,-114.19431368968819,,,
T3,1.8,0.0657933224657568,0.00046415888336127773,1e-07,-112.80475028667277,,,
T3,1.8,0.0657933224657568,0.00046415888336127773,1e-06,-101.92301659313283,,,
T3,1.8,0.0657933224657568,0.00046415888336127773,1e-05,-69.24853310085913,,,
T3,1.8,0.0657933224657568,0.00046415888336127773,0.0001,-44.72581814803452,,,
T3,1.8,0.0657933224657568,0.00046415888336127773,0.001,-29.481956669710105,,,
T3,1.8,0.0657933224657568,0.00046415888336127773,0.01,-8.914965655300238,,,
T3,1.8,0.0657933224657568,0.00046415888336127773,0.1,-1.5338926154029735,,,
T3,1.8,0.0657933224657568,0.00046415888336127773,1.0,-1.265783502484338,,,
T3,1.8,0.0657933224657568,0.00046415888336127773,10.0,-2.133929617043034,,,
T3,1.8,0.0657933224657568,0.002154434690031882,1e-10,-26.81794629482418,,,
T3,1.8,0.0657933224657568,0.002154434690031882,1e-09,-26.8171770815486,,,
T3,1.8,0.0657933224657568,0.002154434690031882,1e-08,-26.809489726453016,,,
T3,1.8,0.0657933224657568,0.002154434690031882,1e-07,-26.733090615224654,,,
T3,1.8,0.0657933224657568,0.002154434690031882,1e-06,-26.01344741581996,,,
T3,1.8,0.0657933224657568,0.002154434690031882,1e-05,-21.461678189572545,,,
T3,1.8,0.0657933224657568,0.002154434690031882,0.0001,-13.15763483485756,,,
T3,1.8,0.0657933224657568,0.002154434690031882,0.001,-8.829713626584015,,,
T3,1.8,0.0657933224657568,0.002154434690031882,0.01,-5.094740422524043,,,
T3,1.8,0.0657933224657568,0.002154434690031882,0.1,-1.4250675839093465,,,
T3,1.8,0.0657933224657568,0.002154434690031882,1.0,-1.264565256472197,,,
T3,1.8,0.0657933224657568,0.002154434690031882,10.0,-2.133947105710388,,,
T3,1.8,0.0657933224657568,0.01,1e-10,-5.347454668938992,,,
T3,1.8,0.0657933224657568,0.01,1e-09,-5.347414483327203,,,
T3,1.8,0.0657933224657568,0.01,1e-08,-5.347012681980755,,,
T3,1.8,0.0657933224657568,0.01,1e-07,-5.343000137304466,,,
T3,1.8,0.0657933224657568,0.01,1e-06,-5.303413399715349,,,
T3,1.8,0.0657933224657568,0.01,1e-05,-4.954375685221035,,,
T3,1.8,0.0657933224657568,0.01,0.0001,-3.387864571866873,,,
T3,1.8,0.0657933224657568,0.01,0.001,-1.8342684912490494,,,
T3,1.8,0.0657933224657568,0.01,0.01,-1.4962677984656074,,,
T3,1.8,0.0657933224657568,0.01,0.1,-1.0907313771346017,,,
T3,1.8,0.0657933224657568,0.01,1.0,-1.2592543644039895,,,
T3,1.8,0.0657933224657568,0.01,10.0,-2.134028621286777,,,
T3,1.8,0.0657933224657568,0.046415888336127774,1e-10,-0.4715554796476413,,,
T3,1.8,0.0657933224657568,0.046415888336127774,1e-09,-0.4715536160274579,,,
T3,1.8,0.0657933224657568,0.046415888336127774,1e-08,-0.4715349804193266,,,
T3,1.8,0.0657933224657568,0.046415888336127774,1e-07,-0.47134868369776706,,,
T3,1.8,0.0657933224657568,0.046415888336127774,1e-06,-0.4694916327310904,,,
T3,1.8,0.0657933224657568,0.046415888336127774,1e-05,-0.4514936971037791,,,
T3,1.8,0.0657933224657568,0.046415888336127774,0.0001,-0.3146181121822348,,,
T3,1.8,0.0657933224657568,0.046415888336127774,0.001,0.01135213108868376,,,
T3,1.8,0.0657933224657568,0.046415888336127774,0.01,-0.08599380992939647,,,
T3,1.8,0.0657933224657568,0.046415888336127774,0.1,-0.6128998121072351,,,
T3,1.8,0.0657933224657568,0.046415888336127774,1.0,-1.240485955554481,,,
T3,1.8,0.0657933224657568,0.046415888336127774,10.0,-2.134414073781144,,,
T3,1.8,0.0657933224657568,0.21544346900318823,1e-10,0.23595532779254924,,,
T3,1.8,0.0657933224657568,0.21544346900318823,1e-09,0.2359553616155859,,,
T3,1.8,0.0657933224657568,0.21544346900318823,1e-08,0.23595569984113257,,,
T3,1.8,0.0657933224657568,0.21544346900318823,1e-07,0.23595908161255924,,,
T3,1.8,0.0657933224657568,0.21544346900318823,1e-06,0.2359928509642173,,,
T3,1.8,0.0657933224657568,0.21544346900318823,1e-05,0.23632574664529926,,,
T3,1.8,0.0657933224657568,0.21544346900318823,0.0001,0.23921055464928762,,,
T3,1.8,0.0657933224657568,0.21544346900318823,0.001,0.2436774434334268,,,
T3,1.8,0.0657933224657568,0.21544346900318823,0.01,0.0930648372037816,,,
T3,1.8,0.0657933224657568,0.21544346900318823,0.1,-0.42490453437428427,,,
T3,1.8,0.0657933224657568,0.21544346900318823,1.0,-1.2106121465147928,,,
T3,1.8,0.0657933224657568,0.21544346900318823,10.0,-2.1363344504812165,,,
T3,1.8,0.0657933224657568,1.0,1e-10,-0.1035865068852921,,,
T3,1.8,0.0657933224657568,1.0,1e-09,-0.10358651949621604,,,
T3,1.8,0.0657933224657568,1.0,1e-08,-0.10358664560543318,,,
T3,1.8,0.0657933224657568,1.0,1e-07,-0.10358790669357396,,,
T3,1.8,0.0657933224657568,1.0,1e-06,-0.10360051717259826,,,
T3,1.8,0.0657933224657568,1.0,1e-05,-0.10372658173705782,,,
T3,1.8,0.0657933224657568,1.0,0.0001,-0.10498321714446676,,,
T3,1.8,0.0657933224657568,1.0,0.001,-0.11716162421971506,,,
T3,1.8,0.0657933224657568,1.0,0.01,-0.21151849077178064,,,
T3,1.8,0.0657933224657568,1.0,0.1,-0.5696944419173379,,,
T3,1.8,0.0657933224657568,1.0,1.0,-1.2458078631537375,,,
T3,1.8,0.0657933224657568,1.0,10.0,-2.146737531660937,,,
T3,1.8,0.0657933224657568,4.641588833612772,1e-10,-0.7061361176789231,,,
T3,1.8,0.0657933224657568,4.641588833612772,1e-09,-0.706136121472678,,,
T3,1.8,0.0657933224657568,4.641588833612772,1e-08,-0.706136159410223,,,
T3,1.8,0.0657933224657568,4.641588833612772,1e-07,-0.7061365387851624,,,
T3,1.8,0.0657933224657568,4.641588833612772,1e-06,-0.7061403324849524,,,
T3,1.8,0.0657933224657568,4.641588833612772,1e-05,-0.706178264527677,,,
T3,1.8,0.0657933224657568,4.641588833612772,0.0001,-0.7065570905559679,,,
T3,1.8,0.0657933224657568,4.641588833612772,0.001,-0.7102970026514244,,,
T3,1.8,0.0657933224657568,4.641588833612772,0.01,-0.7437159424329852,,,
T3,1.8,0.0657933224657568,4.641588833612772,0.1,-0.9304350835079,,,
T3,1.8,0.0657933224657568,4.641588833612772,1.0,-1.4179826936122715,,,
T3,1.8,0.0657933224657568,4.641588833612772,10.0,-2.194838515987462,,,
T3,1.8,0.0657933224657568,21.54434690031882,1e-10,-1.3747502970816836,,,
T3,1.8,0.0657933224657568,21.54434690031882,1e-09,-1.3747502979573014,,,
T3,1.8,0.0657933224657568,21.54434690031882,1e-08,-1.3747503067134368,,,
T3,1.8,0.0657933224657568,21.54434690031882,1e-07,-1.3747503942747648,,,
T3,1.8,0.0657933224657568,21.54434690031882,1e-06,-1.3747512698853652,,,
T3,1.8,0.0657933224657568,21.54434690031882,1e-05,-1.3747600257253194,,,
T3,1.8,0.0657933224657568,21.54434690031882,0.0001,-1.3748475575330907,,,
T3,1.8,0.0657933224657568,21.54434690031882,0.001,-1.3757202301239981,,,
T3,1.8,0.0657933224657568,21.54434690031882,0.01,-1.3841952770718762,,,
T3,1.8,0.0657933224657568,21.54434690031882,0.1,-1.4517982734758976,,,
T3,1.8,0.0657933224657568,21.54434690031882,1.0,-1.7364081464791414,,,
T3,1.8,0.0657933224657568,21.54434690031882,10.0,-2.331179707974027,,,
T3,1.8,0.0657933224657568,100.0,1e-10,-2.059959145937722,,,
T3,1.8,0.0657933224657568,100.0,1e-09,-2.0599591461295197,,,
T3,1.8,0.0657933224657568,100.0,1e-08,-2.05995914804751,,,
T3,1.8,0.0657933224657568,100.0,1e-07,-2.059959167227392,,,
T3,1.8,0.0657933224657568,100.0,1e-06,-2.0599593590260747,,,
T3,1.8,0.0657933224657568,100.0,1e-05,-2.059961277000141,,,
T3,1.8,0.0657933224657568,100.0,0.0001,-2.0599804554639793,,,
T3,1.8,0.0657933224657568,100.0,0.001,-2.060172112564554,,,
T3,1.8,0.0657933224657568,100.0,0.01,-2.0620760718101585,,,
T3,1.8,0.0657933224657568,100.0,0.1,-2.0799793686062373,,,
T3,1.8,0.0657933224657568,100.0,1.0,-2.2006592187075986,,,
T3,1.8,0.0657933224657568,100.0,10.0,-2.5891347146399526,,,
T3,1.8,0.0657933224657568,464.1588833612773,1e-10,-2.7493363872805894,,,
T3,1.8,0.0657933224657568,464.1588833612773,1e-09,-2.7493363873220806,,,
T3,1.8,0.0657933224657568,464.1588833612773,1e-08,-2.7493363877370065,,,
T3,1.8,0.0657933224657568,464.1588833612773,1e-07,-2.7493363918862523,,,
T3,1.8,0.0657933224657568,464.1588833612773,1e-06,-2.749336433378713,,,
T3,1.8,0.0657933224657568,464.1588833612773,1e-05,-2.749336848302725,,,
T3,1.8,0.0657933224657568,464.1588833612773,0.0001,-2.749340997483093,,,
T3,1.8,0.0657933224657568,464.1588833612773,0.001,-2.749382483312237,,,
T3,1.8,0.0657933224657568,464.1588833612773,0.01,-2.749796745602819,,,
T3,1.8,0.0657933224657568,464.1588833612773,0.1,-2.75388117936702,,,
T3,1.8,0.0657933224657568,464.1588833612773,1.0,-2.789999105477734,,,
T3,1.8,0.0657933224657568,464.1588833612773,10.0,-2.9848438257036127,,,
T3,1.8,0.0657933224657568,2154.4346900318824,1e-10,-3.4397606814768062,,,
T3,1.8,0.0657933224657568,2154.4346900318824,1e-09,-3.4397606814857538,,,
T3,1.8,0.0657933224657568,2154.4346900318824,1e-08,-3.4397606815752377,,,
T3,1.8,0.0657933224657568,2154.4346900318824,1e-07,-3.4397606824700886,,,
T3,1.8,0.0657933224657568,2154.4346900318824,1e-06,-3.4397606914186056,,,
T3,1.8,0.0657933224657568,2154.4346900318824,1e-05,-3.4397607809037494,,,
T3,1.8,0.0657933224657568,2154.4346900318824,0.0001,-3.439761675752358,,,
T3,1.8,0.0657933224657568,2154.4346900318824,0.001,-3.4397706239604866,,,
T3,1.8,0.0657933224657568,2154.4346900318824,0.01,-3.4398600782620776,,,
T3,1.8,0.0657933224657568,2154.4346900318824,0.1,-3.4407518578224403,,,
T3,1.8,0.0657933224657568,2154.4346900318824,1.0,-3.4494069463379544,,,
T3,1.8,0.0657933224657568,2154.4346900318824,10.0,-3.5181521734450456,,,
T3,1.8,0.0657933224657568,10000.0,1e-10,-4.130447983458115,,,
T3,1.8,0.0657933224657568,10000.0,1e-09,-4.130447983460044,,,
T3,1.8,0.0657933224657568,10000.0,1e-08,-4.13044798347933,,,
T3,1.8,0.0657933224657568,10000.0,1e-07,-4.130447983672168,,,
T3,1.8,0.0657933224657568,10000.0,1e-06,-4.13044798560057,,,
T3,1.8,0.0657933224657568,10000.0,1e-05,-4.130448004884563,,,
T3,1.8,0.0657933224657568,10000.0,0.0001,-4.130448197724348,,,
T3,1.8,0.0657933224657568,10000.0,0.001,-4.130450126109356,,,
T3,1.8,0.0657933224657568,10000.0,0.01,-4.130469408668741,,,
T3,1.8,0.0657933224657568,10000.0,0.1,-4.130662105340955,,,
T3,1.8,0.0657933224657568,10000.0,1.0,-4.132576323978002,,,
T3,1.8,0.0657933224657568,10000.0,10.0,-4.15057035416154,,,
T3,1.8,0.1873817422860383,0.0001,1e-10,-25993.050821192555,,,
T3,1.8,0.1873817422860383,0.0001,1e-09,-23257.75098177918,,,
T3,1.8,0.1873817422860383,0.0001,1e-08,-13028.409865198944,,,
T3,1.8,0.1873817422860383,0.0001,1e-07,-3969.674828267165,,,
T3,1.8,0.1873817422860383,0.0001,1e-06,-866.759800496967,,,
T3,1.8,0.1873817422860383,0.0001,1e-05,-211.04337862854226,,,
T3,1.8,0.1873817422860383,0.0001,0.0001,-104.07368751865536,,,
T3,1.8,0.1873817422860383,0.0001,0.001,-50.77665995713156,,,
T3,1.8,0.1873817422860383,0.0001,0.01,-10.159169298028742,,,
T3,1.8,0.1873817422860383,0.0001,0.1,-1.553651535269358,,,
T3,1.8,0.1873817422860383,0.0001,1.0,-1.265949430251022,,,
T3,1.8,0.1873817422860383,0.0001,10.0,-2.133922627707746,,,
T3,1.8,0.1873817422860383,0.00046415888336127773,1e-10,-6596.846964830178,,,
T3,1.8,0.1873817422860383,0.00046415888336127773,1e-09,-6424.5470292897935,,,
T3,1.8,0.1873817422860383,0.00046415888336127773,1e-08,-5197.889086985492,,,
T3,1.8,0.1873817422860383,0.00046415888336127773,1e-07,-2311.9649844230216,,,
T3,1.8,0.1873817422860383,0.00046415888336127773,1e-06,-614.7077795967351,,,
T3,1.8,0.1873817422860383,0.00046415888336127773,1e-05,-126.1766694510867,,,
T3,1.8,0.1873817422860383,0.00046415888336127773,0.0001,-36.903802027065815,,,
T3,1.8,0.1873817422860383,0.00046415888336127773,0.001,-20.588673372915594,,,
T3,1.8,0.1873817422860383,0.00046415888336127773,0.01,-7.681769460057177,,,
T3,1.8,0.1873817422860383,0.00046415888336127773,0.1,-1.5061728950987805,,,
T3,1.8,0.1873817422860383,0.00046415888336127773,1.0,-1.2653207418062624,,,
T3,1.8,0.1873817422860383,0.00046415888336127773,10.0,-2.133914651512414,,,
T3,1.8,0.1873817422860383,0.002154434690031882,1e-10,-1657.9023311681062,,,
T3,1.8,0.1873817422860383,0.002154434690031882,1e-09,-1648.235296462602,,,
T3,1.8,0.1873817422860383,0.002154434690031882,1e-08,-1559.6192200591854,,,
T3,1.8,0.1873817422860383,0.002154434690031882,1e-07,-1076.2460267095692,,,
T3,1.8,0.1873817422860383,0.002154434690031882,1e-06,-385.9979021549774,,,
T3,1.8,0.1873817422860383,0.002154434690031882,1e-05,-89.85117320359208,,,
T3,1.8,0.1873817422860383,0.002154434690031882,0.0001,-17.412313381190305,,,
T3,1.8,0.1873817422860383,0.002154434690031882,0.001,-6.067297395175032,,,
T3,1.8,0.1873817422860383,0.002154434690031882,0.01,-3.5569483783084443,,,
T3,1.8,0.1873817422860383,0.002154434690031882,0.1,-1.3232261777882433,,,
T3,1.8,0.1873817422860383,0.002154434690031882,1.0,-1.2624626860424617,,,
T3,1.8,0.1873817422860383,0.002154434690031882,10.0,-2.133877713625432,,,
T3,1.8,0.1873817422860383,0.01,1e-10,-414.09510251644235,,,
T3,1.8,0.1873817422860383,0.01,1e-09,-413.56793819637903,,,
T3,1.8,0.1873817422860383,0.01,1e-08,-408.3986636245056,,,
T3,1.8,0.1873817422860383,0.01,1e-07,-365.06831173115415,,,
T3,1.8,0.1873817422860383,0.01,1e-06,-203.06932426946435,,,
T3,1.8,0.1873817422860383,0.01,1e-05,-59.840371091019676,,,
T3,1.8,0.1873817422860383,0.01,0.0001,-11.212196168858778,,,
T3,1.8,0.1873817422860383,0.01,0.001,-1.541783059040182,,,
T3,1.8,0.1873817422860383,0.01,0.01,-0.7321228241999536,,,
T3,1.8,0.1873817422860383,0.01,0.1,-0.8761254212341842,,,
T3,1.8,0.1873817422860383,0.01,1.0,-1.2503719255930443,,,
T3,1.8,0.1873817422860383,0.01,10.0,-2.133708063984268,,,
T3,1.8,0.1873817422860383,0.046415888336127774,1e-10,-101.9800597595253,,,
T3,1.8,0.1873817422860383,0.046415888336127774,1e-09,-101.95152054939187,,,
T3,1.8,0.1873817422860383,0.046415888336127774,1e-08,-101.66734471690258,,,
T3,1.8,0.1873817422860383,0.046415888336127774,1e-07,-98.94153679224435,,,
T3,1.8,0.1873817422860383,0.046415888336127774,1e-06,-79.54166646328035,,,
T3,1.8,0.1873817422860383,0.046415888336127774,1e-05,-33.99291512434323,,,
T3,1.8,0.1873817422860383,0.046415888336127774,0.0001,-7.510499137642777,,,
T3,1.8,0.1873817422860383,0.046415888336127774,0.001,-0.3762457649763381,,,
T3,1.8,0.1873817422860383,0.046415888336127774,0.01,0.2595034665709237,,,
T3,1.8,0.1873817422860383,0.046415888336127774,0.1,-0.4109937382751597,,,
T3,1.8,0.1873817422860383,0.046415888336127774,1.0,-1.211530632787206,,,
T3,1.8,0.1873817422860383,0.046415888336127774,10.0,-2.1329578761826857,,,
T3,1.8,0.1873817422860383,0.21544346900318823,1e-10,-24.086622133601264,,,
T3,1.8,0.1873817422860383,0.21544346900318823,1e-09,-24.08508544031912,,,
T3,1.8,0.1873817422860383,0.21544346900318823,1e-08,-24.069732707951353,,,
T3,1.8,0.1873817422860383,0.21544346900318823,1e-07,-23.917610521473836,,,
T3,1.8,0.1873817422860383,0.21544346900318823,1e-06,-22.523543192290447,,,
T3,1.8,0.1873817422860383,0.21544346900318823,1e-05,-14.937721674079356,,,
T3,1.8,0.1873817422860383,0.21544346900318823,0.0001,-4.26272821150308,,,
T3,1.8,0.1873817422860383,0.21544346900318823,0.001,-0.05567091694202157,,,
T3,1.8,0.1873817422860383,0.21544346900318823,0.01,0.427199616860465,,,
T3,1.8,0.1873817422860383,0.21544346900318823,0.1,-0.2277615986230747,,,
T3,1.8,0.1873817422860383,0.21544346900318823,1.0,-1.1514765841192902,,,
T3,1.8,0.1873817422860383,0.21544346900318823,10.0,-2.1301487338145857,,,
T3,1.8,0.1873817422860383,1.0,1e-10,-5.0373435277642225,,,
T3,1.8,0.1873817422860383,1.0,1e-09,-5.037262156432915,,,
T3,1.8,0.1873817422860383,1.0,1e-08,-5.036448606916094,,,
T3,1.8,0.1873817422860383,1.0,1e-07,-5.028329454292195,,,
T3,1.8,0.1873817422860383,1.0,1e-06,-4.948735685444172,,,
T3,1.8,0.1873817422860383,1.0,1e-05,-4.2832249417354715,,,
T3,1.8,0.1873817422860383,1.0,0.0001,-1.840857546976883,,,
T3,1.8,0.1873817422860383,1.0,0.001,0.08684663651902431,,,
T3,1.8,0.1873817422860383,1.0,0.01,0.3078371496573878,,,
T3,1.8,0.1873817422860383,1.0,0.1,-0.26088895350583213,,,
T3,1.8,0.1873817422860383,1.0,1.0,-1.1337518211188344,,,
T3,1.8,0.1873817422860383,1.0,10.0,-2.124737667117143,,,
T3,1.8,0.1873817422860383,4.641588833612772,1e-10,-0.7696096154663727,,,
T3,1.8,0.1873817422860383,4.641588833612772,1e-09,-0.7696055988727344,,,
T3,1.8,0.1873817422860383,4.641588833612772,1e-08,-0.7695654347762938,,,
T3,1.8,0.1873817422860383,4.641588833612772,1e-07,-0.7691639758626977,,,
T3,1.8,0.1873817422860383,4.641588833612772,1e-06,-0.7651675003777305,,,
T3,1.8,0.1873817422860383,4.641588833612772,1e-05,-0.7269283803505311,,,
T3,1.8,0.1873817422860383,4.641588833612772,0.0001,-0.4608090496035592,,,
T3,1.8,0.1873817422860383,4.641588833612772,0.001,0.0710267073864173,,,
T3,1.8,0.1873817422860383,4.641588833612772,0.01,0.07344680441827574,,,
T3,1.8,0.1873817422860383,4.641588833612772,0.1,-0.4219258346320425,,,
T3,1.8,0.1873817422860383,4.641588833612772,1.0,-1.1909802553110032,,,
T3,1.8,0.1873817422860383,4.641588833612772,10.0,-2.1306814880932334,,,
T3,1.8,0.1873817422860383,21.54434690031882,1e-10,-0.21486215742406775,,,
T3,1.8,0.1873817422860383,21.54434690031882,1e-09,-0.21486202344613506,,,
T3,1.8,0.1873817422860383,21.54434690031882,1e-08,-0.2148606836819459,,,
T3,1.8,0.1873817422860383,21.54434690031882,1e-07,-0.21484728775391532,,,
T3,1.8,0.1873817422860383,21.54434690031882,1e-06,-0.21471349938412257,,,
T3,1.8,0.1873817422860383,21.54434690031882,1e-05,-0.21339251382317642,,,
T3,1.8,0.1873817422860383,21.54434690031882,0.0001,-0.20170086875632842,,,
T3,1.8,0.1873817422860383,21.54434690031882,0.001,-0.15660101729360051,,,
T3,1.8,0.1873817422860383,21.54434690031882,0.01,-0.25211584718140767,,,
T3,1.8,0.1873817422860383,21.54434690031882,0.1,-0.6719905348048597,,,
T3,1.8,0.1873817422860383,21.54434690031882,1.0,-1.3295455768069213,,,
T3,1.8,0.1873817422860383,21.54434690031882,10.0,-2.174693614055351,,,
T3,1.8,0.1873817422860383,100.0,1e-10,-0.5927763641858705,,,
T3,1.8,0.1873817422860383,100.0,1e-09,-0.592776374901083,,,
T3,1.8,0.1873817422860383,100.0,1e-08,-0.5927764820505699,,,
T3,1.8,0.1873817422860383,100.0,1e-07,-0.5927775535534175,,,
T3,1.8,0.1873817422860383,100.0,1e-06,-0.5927882686576826,,,
T3,1.8,0.1873817422860383,100.0,1e-05,-0.5928954275953858,,,
T3,1.8,0.1873817422860383,100.0,0.0001,-0.5939676632765412,,,
T3,1.8,0.1873817422860383,100.0,0.001,-0.604649082555212,,,
T3,1.8,0.1873817422860383,100.0,0.01,-0.6910836973444847,,,
T3,1.8,0.1873817422860383,100.0,0.1,-1.0028533900298997,,,
T3,1.8,0.1873817422860383,100.0,1.0,-1.5490650472522982,,,
T3,1.8,0.1873817422860383,100.0,10.0,-2.280070570768685,,,
T3,1.8,0.1873817422860383,464.1588833612773,1e-10,-1.2049646765984323,,,
T3,1.8,0.1873817422860383,464.1588833612773,1e-09,-1.2049646810487007,,,
T3,1.8,0.1873817422860383,464.1588833612773,1e-08,-1.2049647255531093,,,
T3,1.8,0.1873817422860383,464.1588833612773,1e-07,-1.2049651705938813,,,
T3,1.8,0.1873817422860383,464.1588833612773,1e-06,-1.2049696209120744,,,
T3,1.8,0.1873817422860383,464.1588833612773,1e-05,-1.2050141153063487,,,
T3,1.8,0.1873817422860383,464.1588833612773,0.0001,-1.2054581833741946,,,
T3,1.8,0.1873817422860383,464.1588833612773,0.001,-1.2098141583682336,,,
T3,1.8,0.1873817422860383,464.1588833612773,0.01,-1.2469443446562354,,,
T3,1.8,0.1873817422860383,464.1588833612773,0.1,-1.428578618182578,,,
T3,1.8,0.1873817422860383,464.1588833612773,1.0,-1.8458381733701708,,,
T3,1.8,0.1873817422860383,464.1588833612773,10.0,-2.462132235690431,,,
T3,1.8,0.1873817422860383,2154.4346900318824,1e-10,-1.8759999882697869,,,
T3,1.8,0.1873817422860383,2154.4346900318824,1e-09,-1.8759999893441737,,,
T3,1.8,0.1873817422860383,2154.4346900318824,1e-08,-1.876000000091625,,,
T3,1.8,0.1873817422860383,2154.4346900318824,1e-07,-1.8760001075644346,,,
T3,1.8,0.1873817422860383,2154.4346900318824,1e-06,-1.8760011822866407,,,
T3,1.8,0.1873817422860383,2154.4346900318824,1e-05,-1.876011928996124,,,
T3,1.8,0.1873817422860383,2154.4346900318824,0.0001,-1.8761193446358129,,,
T3,1.8,0.1873817422860383,2154.4346900318824,0.001,-1.8771883970393735,,,
T3,1.8,0.1873817422860383,2154.4346900318824,0.01,-1.8874059300849866,,,
T3,1.8,0.1873817422860383,2154.4346900318824,0.1,-1.9618184629839654,,,
T3,1.8,0.1873817422860383,2154.4346900318824,1.0,-2.2280343455924863,,,
T3,1.8,0.1873817422860383,2154.4346900318824,10.0,-2.721240963220181,,,
T3,1.8,0.1873817422860383,10000.0,1e-10,-2.5618169980398497,,,
T3,1.8,0.1873817422860383,10000.0,1e-09,-2.5618169982774943,,,
T3,1.8,0.1873817422860383,10000.0,1e-08,-2.561817000655803,,,
T3,1.8,0.1873817422860383,10000.0,1e-07,-2.561817024437478,,,
T3,1.8,0.1873817422860383,10000.0,1e-06,-2.5618172622529114,,,
T3,1.8,0.1873817422860383,10000.0,1e-05,-2.561819640386262,,,
T3,1.8,0.1873817422860383,10000.0,0.0001,-2.5618434192045902,,,
T3,1.8,0.1873817422860383,10000.0,0.001,-2.562080956394241,,,
T3,1.8,0.1873817422860383,10000.0,0.01,-2.5644316620899597,,,
T3,1.8,0.1873817422860383,10000.0,0.1,-2.585830004927293,,,
T3,1.8,0.1873817422860383,10000.0,1.0,-2.7123434306171044,,,
T3,1.8,0.1873817422860383,10000.0,10.0,-3.059606392313033,,,
T3,1.8,0.5336699231206307,0.0001,1e-10,-1045657.2297260875,,,
T3,1.8,0.5336699231206307,0.0001,1e-09,-280795.1795701395,,,
T3,1.8,0.5336699231206307,0.0001,1e-08,-52300.05110081196,,,
T3,1.8,0.5336699231206307,0.0001,1e-07,-8040.704922768437,,,
T3,1.8,0.5336699231206307,0.0001,1e-06,-1488.8758363336015,,,
T3,1.8,0.5336699231206307,0.0001,1e-05,-552.5892179708449,,,
T3,1.8,0.5336699231206307,0.0001,0.0001,-222.6988143152436,,,
T3,1.8,0.5336699231206307,0.0001,0.001,-63.53627122308594,,,
T3,1.8,0.5336699231206307,0.0001,0.01,-10.519052822867378,,,
T3,1.8,0.5336699231206307,0.0001,0.1,-1.5589193630643456,,,
T3,1.8,0.5336699231206307,0.0001,1.0,-1.2660329401563408,,,
T3,1.8,0.5336699231206307,0.0001,10.0,-2.133925317016806,,,
T3,1.8,0.5336699231206307,0.00046415888336127773,1e-10,-475086.40997629816,,,
T3,1.8,0.5336699231206307,0.00046415888336127773,1e-09,-176857.91228249954,,,
T3,1.8,0.5336699231206307,0.00046415888336127773,1e-08,-41879.68709958509,,,
T3,1.8,0.5336699231206307,0.00046415888336127773,1e-07,-7078.436022857907,,,
T3,1.8,0.5336699231206307,0.00046415888336127773,1e-06,-1091.3622026947555,,,
T3,1.8,0.5336699231206307,0.00046415888336127773,1e-05,-245.77825903975832,,,
T3,1.8,0.5336699231206307,0.00046415888336127773,0.0001,-105.0719954918336,,,
T3,1.8,0.5336699231206307,0.00046415888336127773,0.001,-36.72131058583704,,,
T3,1.8,0.5336699231206307,0.00046415888336127773,0.01,-8.810285502671967,,,
T3,1.8,0.5336699231206307,0.00046415888336127773,0.1,-1.529408623150455,,,
T3,1.8,0.5336699231206307,0.00046415888336127773,1.0,-1.2657060571985579,,,
T3,1.8,0.5336699231206307,0.00046415888336127773,10.0,-2.133927124484072,,,
T3,1.8,0.5336699231206307,0.002154434690031882,1e-10,-157339.79325366244,,,
T3,1.8,0.5336699231206307,0.002154434690031882,1e-09,-92262.1512252111,,,
T3,1.8,0.5336699231206307,0.002154434690031882,1e-08,-28610.181767169637,,,
T3,1.8,0.5336699231206307,0.002154434690031882,1e-07,-5987.87931457368,,,
T3,1.8,0.5336699231206307,0.002154434690031882,1e-06,-945.648343026987,,,
T3,1.8,0.5336699231206307,0.002154434690031882,1e-05,-151.56980728773902,,,
T3,1.8,0.5336699231206307,0.002154434690031882,0.0001,-42.66337123423155,,,
T3,1.8,0.5336699231206307,0.002154434690031882,0.001,-18.16991487812176,,,
T3,1.8,0.5336699231206307,0.002154434690031882,0.01,-5.498326535560902,,,
T3,1.8,0.5336699231206307,0.002154434690031882,0.1,-1.4104625795782897,,,
T3,1.8,0.5336699231206307,0.002154434690031882,1.0,-1.2642030850788264,,,
T3,1.8,0.5336699231206307,0.002154434690031882,10.0,-2.1339354000057877,,,
T3,1.8,0.5336699231206307,0.01,1e-10,-42924.40470179177,,,
T3,1.8,0.5336699231206307,0.01,1e-09,-35651.92051827775,,,
T3,1.8,0.5336699231206307,0.01,1e-08,-16567.254221334784,,,
T3,1.8,0.5336699231206307,0.01,1e-07,-4445.397072004327,,,
T3,1.8,0.5336699231206307,0.01,1e-06,-824.5629669398841,,,
T3,1.8,0.5336699231206307,0.01,1e-05,-123.79985066540223,,,
T3,1.8,0.5336699231206307,0.01,0.0001,-20.770105476337157,,,
T3,1.8,0.5336699231206307,0.01,0.001,-6.850230152213125,,,
T3,1.8,0.5336699231206307,0.01,0.01,-2.599875509759237,,,
T3,1.8,0.5336699231206307,0.01,0.1,-1.0823009966971564,,,
T3,1.8,0.5336699231206307,0.01,1.0,-1.2575470638075452,,,
T3,1.8,0.5336699231206307,0.01,10.0,-2.133971422109318,,,
T3,1.8,0.5336699231206307,0.046415888336127774,1e-10,-10991.707571362424,,,
T3,1.8,0.5336699231206307,0.046415888336127774,1e-09,-10485.294806693559,,,
T3,1.8,0.5336699231206307,0.046415888336127774,1e-08,-7524.860468789438,,,
T3,1.8,0.5336699231206307,0.046415888336127774,1e-07,-2798.49851720071,,,
T3,1.8,0.5336699231206307,0.046415888336127774,1e-06,-659.694562051185,,,
T3,1.8,0.5336699231206307,0.046415888336127774,1e-05,-108.74898189814398,,,
T3,1.8,0.5336699231206307,0.046415888336127774,0.0001,-14.59776830883376,,,
T3,1.8,0.5336699231206307,0.046415888336127774,0.001,-2.0434306485648106,,,
T3,1.8,0.5336699231206307,0.046415888336127774,0.01,-0.7603633795507004,,,
T3,1.8,0.5336699231206307,0.046415888336127774,0.1,-0.664090620400226,,,
T3,1.8,0.5336699231206307,0.046415888336127774,1.0,-1.2330723982234406,,,
T3,1.8,0.5336699231206307,0.046415888336127774,10.0,-2.134093116530969,,,
T3,1.8,0.5336699231206307,0.21544346900318823,1e-10,-2769.9168904293047,,,
T3,1.8,0.5336699231206307,0.21544346900318823,1e-09,-2740.694019110638,,,
T3,1.8,0.5336699231206307,0.21544346900318823,1e-08,-2489.5412507385017,,,
T3,1.8,0.5336699231206307,0.21544346900318823,1e-07,-1458.2401947711267,,,
T3,1.8,0.5336699231206307,0.21544346900318823,1e-06,-449.7407064232445,,,
T3,1.8,0.5336699231206307,0.21544346900318823,1e-05,-91.71804535538935,,,
T3,1.8,0.5336699231206307,0.21544346900318823,0.0001,-12.464421379091089,,,
T3,1.8,0.5336699231206307,0.21544346900318823,0.001,-0.6525742240322627,,,
T3,1.8,0.5336699231206307,0.21544346900318823,0.01,0.18865843948055985,,,
T3,1.8,0.5336699231206307,0.21544346900318823,0.1,-0.38921269283784427,,,
T3,1.8,0.5336699231206307,0.21544346900318823,1.0,-1.1844842696083306,,,
T3,1.8,0.5336699231206307,0.21544346900318823,10.0,-2.134067289039798,,,
T3,1.8,0.5336699231206307,1.0,1e-10,-693.9330899953036,,,
T3,1.8,0.5336699231206307,1.0,1e-09,-692.3289371677686,,,
T3,1.8,0.5336699231206307,1.0,1e-08,-676.8439901296763,,,
T3,1.8,0.5336699231206307,1.0,1e-07,-561.6179982803593,,,
T3,1.8,0.5336699231206307,1.0,1e-06,-259.31673856474174,,,
T3,1.8,0.5336699231206307,1.0,1e-05,-67.58766421465114,,,
T3,1.8,0.5336699231206307,1.0,0.0001,-10.77094214186719,,,
T3,1.8,0.5336699231206307,1.0,0.001,-0.36484354478387626,,,
T3,1.8,0.5336699231206307,1.0,0.01,0.45831988940664015,,,
T3,1.8,0.5336699231206307,1.0,0.1,-0.24033250641354575,,,
T3,1.8,0.5336699231206307,1.0,1.0,-1.151024832696064,,,
T3,1.8,0.5336699231206307,1.0,10.0,-2.131954694901533,,,
T3,1.8,0.5336699231206307,4.641588833612772,1e-10,-172.37154948188794,,,
T3,1.8,0.5336699231206307,4.641588833612772,1e-09,-172.28453323232884,,,
T3,1.8,0.5336699231206307,4.641588833612772,1e-08,-171.42109104259052,,,
T3,1.8,0.5336699231206307,4.641588833612772,1e-07,-163.40366006348765,,,
T3,1.8,0.5336699231206307,4.641588833612772,1e-06,-116.54878255135165,,,
T3,1.8,0.5336699231206307,4.641588833612772,1e-05,-41.882199999795446,,,
T3,1.8,0.5336699231206307,4.641588833612772,0.0001,-8.441188811805079,,,
T3,1.8,0.5336699231206307,4.641588833612772,0.001,-0.3263688708705081,,,
T3,1.8,0.5336699231206307,4.641588833612772,0.01,0.4283154898470558,,,
T3,1.8,0.5336699231206307,4.641588833612772,0.1,-0.21997636648012273,,,
T3,1.8,0.5336699231206307,4.641588833612772,1.0,-1.1466178440021497,,,
T3,1.8,0.5336699231206307,4.641588833612772,10.0,-2.1321046165213913,,,
T3,1.8,0.5336699231206307,21.54434690031882,1e-10,-41.84512379427442,,,
T3,1.8,0.5336699231206307,21.54434690031882,1e-09,-41.84042638322849,,,
T3,1.8,0.5336699231206307,21.54434690031882,1e-08,-41.79353130093433,,,
T3,1.8,0.5336699231206307,21.54434690031882,1e-07,-41.33231399458697,,,
T3,1.8,0.5336699231206307,21.54434690031882,1e-06,-37.36963081864466,,,
T3,1.8,0.5336699231206307,21.54434690031882,1e-05,-21.13467282275472,,,
T3,1.8,0.5336699231206307,21.54434690031882,0.0001,-5.467275504609991,,,
T3,1.8,0.5336699231206307,21.54434690031882,0.001,-0.3096692040849024,,,
T3,1.8,0.5336699231206307,21.54434690031882,0.01,0.2860646475086135,,,
T3,1.8,0.5336699231206307,21.54434690031882,0.1,-0.30017969169749,,,
T3,1.8,0.5336699231206307,21.54434690031882,1.0,-1.1716650801328472,,,
T3,1.8,0.5336699231206307,21.54434690031882,10.0,-2.146889975075312,,,
T3,1.8,0.5336699231206307,100.0,1e-10,-9.573823332459138,,,
T3,1.8,0.5336699231206307,100.0,1e-09,-9.573572287027591,,,
T3,1.8,0.5336699231206307,100.0,1e-08,-9.571062770217221,,,
T3,1.8,0.5336699231206307,100.0,1e-07,-9.546058588531197,,,
T3,1.8,0.5336699231206307,100.0,1e-06,-9.304758686117289,,,
T3,1.8,0.5336699231206307,100.0,1e-05,-7.513664992945115,,,
T3,1.8,0.5336699231206307,100.0,0.0001,-2.8928299598012406,,,
T3,1.8,0.5336699231206307,100.0,0.001,-0.24354335253286438,,,
T3,1.8,0.5336699231206307,100.0,0.01,0.08730983920889646,,,
T3,1.8,0.5336699231206307,100.0,0.1,-0.4480129405591022,,,
T3,1.8,0.5336699231206307,100.0,1.0,-1.2447146628490977,,,
T3,1.8,0.5336699231206307,100.0,10.0,-2.175055109340723,,,
T3,1.8,0.5336699231206307,464.1588833612773,1e-10,-1.9848020604300651,,,
T3,1.8,0.5336699231206307,464.1588833612773,1e-09,-1.9847891648389595,,,
T3,1.8,0.5336699231206307,464.1588833612773,1e-08,-1.9846602115588858,,,
T3,1.8,0.5336699231206307,464.1588833612773,1e-07,-1.9833717215010693,,,
T3,1.8,0.5336699231206307,464.1588833612773,1e-06,-1.9705895434585787,,,
T3,1.8,0.5336699231206307,464.1588833612773,1e-05,-1.8521923677928818,,,
T3,1.8,0.5336699231206307,464.1588833612773,0.0001,-1.174437369372796,,,
T3,1.8,0.5336699231206307,464.1588833612773,0.001,-0.23225806395166293,,,
T3,1.8,0.5336699231206307,464.1588833612773,0.01,-0.15900085437486516,,,
T3,1.8,0.5336699231206307,464.1588833612773,0.1,-0.6474686786587804,,,
T3,1.8,0.5336699231206307,464.1588833612773,1.0,-1.3730195516782722,,,
T3,1.8,0.5336699231206307,464.1588833612773,10.0,-2.2305589844398264,,,
T3,1.8,0.5336699231206307,2154.4346900318824,1e-10,-0.5957813902264888,,,
T3,1.8,0.5336699231206307,2154.4346900318824,1e-09,-0.5957808408990722,,,
T3,1.8,0.5336699231206307,2154.4346900318824,1e-08,-0.5957753484884106,,,
T3,1.8,0.5336699231206307,2154.4346900318824,1e-07,-0.5957204313857022,,,
T3,1.8,0.5336699231206307,2154.4346900318824,1e-06,-0.5951723331390472,,,
T3,1.8,0.5336699231206307,2154.4346900318824,1e-05,-0.5897965129171422,,,
T3,1.8,0.5336699231206307,2154.4346900318824,0.0001,-0.5448121755895607,,,
T3,1.8,0.5336699231206307,2154.4346900318824,0.001,-0.39756765956199597,,,
T3,1.8,0.5336699231206307,2154.4346900318824,0.01,-0.46549856277908236,,,
T3,1.8,0.5336699231206307,2154.4346900318824,0.1,-0.9004264938635498,,,
T3,1.8,0.5336699231206307,2154.4346900318824,1.0,-1.551336188196547,,,
T3,1.8,0.5336699231206307,2154.4346900318824,10.0,-2.3340770354896048,,,
T3,1.8,0.5336699231206307,10000.0,1e-10,-0.7641354499392488,,,
T3,1.8,0.5336699231206307,10000.0,1e-09,-0.7641354522281143,,,
T3,1.8,0.5336699231206307,10000.0,1e-08,-0.7641354751129625,,,
T3,1.8,0.5336699231206307,10000.0,1e-07,-0.7641357046255518,,,
T3,1.8,0.5336699231206307,10000.0,1e-06,-0.7641380058654221,,,
T3,1.8,0.5336699231206307,10000.0,1e-05,-0.7641616434678161,,,
T3,1.8,0.5336699231206307,10000.0,0.0001,-0.7644572705341979,,,
T3,1.8,0.5336699231206307,10000.0,0.001,-0.7711855557276622,,,
T3,1.8,0.5336699231206307,10000.0,0.01,-0.8682673095146299,,,
T3,1.8,0.5336699231206307,10000.0,0.1,-1.2156933862143133,,,
T3,1.8,0.5336699231206307,10000.0,1.0,-1.7800808850669543,,,
T3,1.8,0.5336699231206307,10000.0,10.0,-2.4888135073950624,,,
T3,1.8,1.5199110829529332,0.0001,1e-10,-3464713.6166210757,,,
T3,1.8,1.5199110829529332,0.0001,1e-09,-507304.61526136036,,,
T3,1.8,1.5199110829529332,0.0001,1e-08,-79561.32701219468,,,
T3,1.8,1.5199110829529332,0.0001,1e-07,-23571.89730977779,,,
T3,1.8,1.5199110829529332,0.0001,1e-06,-10185.52385075809,,,
T3,1.8,1.5199110829529332,0.0001,1e-05,-2251.289505370106,,,
T3,1.8,1.5199110829529332,0.0001,0.0001,-445.36205645504424,,,
T3,1.8,1.5199110829529332,0.0001,0.001,-84.62954243666586,,,
T3,1.8,1.5199110829529332,0.0001,0.01,-11.011271893843709,,,
T3,1.8,1.5199110829529332,0.0001,0.1,-1.5658479864787866,,,
T3,1.8,1.5199110829529332,0.0001,1.0,-1.2661423067600455,,,
T3,1.8,1.5199110829529332,0.0001,10.0,-2.133928837406436,,,
T3,1.8,1.5199110829529332,0.00046415888336127773,1e-10,-2922674.237915603,,,
T3,1.8,1.5199110829529332,0.00046415888336127773,1e-09,-462107.8004086047,,,
T3,1.8,1.5199110829529332,0.00046415888336127773,1e-08,-66926.72733481183,,,
T3,1.8,1.5199110829529332,0.00046415888336127773,1e-07,-12026.97527340862,,,
T3,1.8,1.5199110829529332,0.00046415888336127773,1e-06,-4619.364030708901,,,
T3,1.8,1.5199110829529332,0.00046415888336127773,1e-05,-1656.9131292192374,,,
T3,1.8,1.5199110829529332,0.00046415888336127773,0.0001,-319.1768222091615,,,
T3,1.8,1.5199110829529332,0.00046415888336127773,0.001,-65.79579017698316,,,
T3,1.8,1.5199110829529332,0.00046415888336127773,0.01,-10.53106083352781,,,
T3,1.8,1.5199110829529332,0.00046415888336127773,0.1,-1.560488991569532,,,
T3,1.8,1.5199110829529332,0.00046415888336127773,1.0,-1.2662116127741196,,,
T3,1.8,1.5199110829529332,0.00046415888336127773,10.0,-2.133943455401817,,,
T3,1.8,1.5199110829529332,0.002154434690031882,1e-10,-2136984.146277959,,,
T3,1.8,1.5199110829529332,0.002154434690031882,1e-09,-405765.7064735376,,,
T3,1.8,1.5199110829529332,0.002154434690031882,1e-08,-61100.41432905097,,,
T3,1.8,1.5199110829529332,0.002154434690031882,1e-07,-8986.738716898162,,,
T3,1.8,1.5199110829529332,0.002154434690031882,1e-06,-2011.7106466156147,,,
T3,1.8,1.5199110829529332,0.002154434690031882,1e-05,-892.618503481214,,,
T3,1.8,1.5199110829529332,0.002154434690031882,0.0001,-246.0765792476518,,,
T3,1.8,1.5199110829529332,0.002154434690031882,0.001,-45.14934089398914,,,
T3,1.8,1.5199110829529332,0.002154434690031882,0.01,-8.922358926053906,,,
T3,1.8,1.5199110829529332,0.002154434690031882,0.1,-1.5350909402728323,,,
T3,1.8,1.5199110829529332,0.002154434690031882,1.0,-1.26650619761613,,,
T3,1.8,1.5199110829529332,0.002154434690031882,10.0,-2.1340110023865373,,,
T3,1.8,1.5199110829529332,0.01,1e-10,-1326260.761847971,,,
T3,1.8,1.5199110829529332,0.01,1e-09,-321419.25372191117,,,
T3,1.8,1.5199110829529332,0.01,1e-08,-54905.73512815863,,,
T3,1.8,1.5199110829529332,0.01,1e-07,-8034.681532097988,,,
T3,1.8,1.5199110829529332,0.01,1e-06,-1256.218123426613,,,
T3,1.8,1.5199110829529332,0.01,1e-05,-369.7515720585316,,,
T3,1.8,1.5199110829529332,0.01,0.0001,-158.5615585833766,,,
T3,1.8,1.5199110829529332,0.01,0.001,-33.77716756130888,,,
T3,1.8,1.5199110829529332,0.01,0.01,-6.139143200867762,,,
T3,1.8,1.5199110829529332,0.01,0.1,-1.42667785031266,,,
T3,1.8,1.5199110829529332,0.01,1.0,-1.267409501983956,,,
T3,1.8,1.5199110829529332,0.01,10.0,-2.134318144615869,,,
T3,1.8,1.5199110829529332,0.046415888336127774,1e-10,-676719.4348111104,,,
T3,1.8,1.5199110829529332,0.046415888336127774,1e-09,-216124.5570471501,,,
T3,1.8,1.5199110829529332,0.046415888336127774,1e-08,-46315.25232656475,,,
T3,1.8,1.5199110829529332,0.046415888336127774,1e-07,-7318.548572166996,,,
T3,1.8,1.5199110829529332,0.046415888336127774,1e-06,-1056.1029072075912,,,
T3,1.8,1.5199110829529332,0.046415888336127774,1e-05,-186.84136473490554,,,
T3,1.8,1.5199110829529332,0.046415888336127774,0.0001,-70.37487933624297,,,
T3,1.8,1.5199110829529332,0.046415888336127774,0.001,-24.394342732809086,,,
T3,1.8,1.5199110829529332,0.046415888336127774,0.01,-4.159118070223285,,,
T3,1.8,1.5199110829529332,0.046415888336127774,0.1,-1.1378982396655284,,,
T3,1.8,1.5199110829529332,0.046415888336127774,1.0,-1.2669785689365003,,,
T3,1.8,1.5199110829529332,0.046415888336127774,10.0,-2.1356204791684545,,,
T3,1.8,1.5199110829529332,0.21544346900318823,1e-10,-253685.93027002254,,,
T3,1.8,1.5199110829529332,0.21544346900318823,1e-09,-123135.39552571197,,,
T3,1.8,1.5199110829529332,0.21544346900318823,1e-08,-33863.22904608101,,,
T3,1.8,1.5199110829529332,0.21544346900318823,1e-07,-6425.821796291023,,,
T3,1.8,1.5199110829529332,0.21544346900318823,1e-06,-963.9301544709264,,,
T3,1.8,1.5199110829529332,0.21544346900318823,1e-05,-138.76595054942493,,,
T3,1.8,1.5199110829529332,0.21544346900318823,0.0001,-29.09223644454235,,,
T3,1.8,1.5199110829529332,0.21544346900318823,0.001,-12.314271581017328,,,
T3,1.8,1.5199110829529332,0.21544346900318823,0.01,-3.034849357423818,,,
T3,1.8,1.5199110829529332,0.21544346900318823,0.1,-0.8238472224912406,,,
T3,1.8,1.5199110829529332,0.21544346900318823,1.0,-1.2515895753098358,,,
T3,1.8,1.5199110829529332,0.21544346900318823,10.0,-2.1399062624241703,,,
T3,1.8,1.5199110829529332,1.0,1e-10,-73349.33981277767,,,
T3,1.8,1.5199110829529332,1.0,1e-09,-54359.83489964716,,,
T3,1.8,1.5199110829529332,1.0,1e-08,-21014.535622762243,,,
T3,1.8,1.5199110829529332,1.0,1e-07,-5089.312864423198,,,
T3,1.8,1.5199110829529332,1.0,1e-06,-865.9616189269527,,,
T3,1.8,1.5199110829529332,1.0,1e-05,-123.82582281103846,,,
T3,1.8,1.5199110829529332,1.0,0.0001,-17.205265721394202,,,
T3,1.8,1.5199110829529332,1.0,0.001,-4.061826177273651,,,
T3,1.8,1.5199110829529332,1.0,0.01,-1.6843982247996494,,,
T3,1.8,1.5199110829529332,1.0,0.1,-0.6714478981360017,,,
T3,1.8,1.5199110829529332,1.0,1.0,-1.2174115697170327,,,
T3,1.8,1.5199110829529332,1.0,10.0,-2.1474837342950126,,,
T3,1.8,1.5199110829529332,4.641588833612772,1e-10,-19089.76948678978,,,
T3,1.8,1.5199110829529332,4.641588833612772,1e-09,-17547.21758398682,,,
T3,1.8,1.5199110829529332,4.641588833612772,1e-08,-10720.504097574769,,,
T3,1.8,1.5199110829529332,4.641588833612772,1e-07,-3420.8676299974177,,,
T3,1.8,1.5199110829529332,4.641588833612772,1e-06,-730.0740854284452,,,
T3,1.8,1.5199110829529332,4.641588833612772,1e-05,-112.66416217029135,,,
T3,1.8,1.5199110829529332,4.641588833612772,0.0001,-14.1633472434638,,,
T3,1.8,1.5199110829529332,4.641588833612772,0.001,-1.2273708587574241,,,
T3,1.8,1.5199110829529332,4.641588833612772,0.01,-0.3177423710891786,,,
T3,1.8,1.5199110829529332,4.641588833612772,0.1,-0.5601460408812674,,,
T3,1.8,1.5199110829529332,4.641588833612772,1.0,-1.2059063430220638,,,
T3,1.8,1.5199110829529332,4.641588833612772,10.0,-2.152622132706221,,,
T3,1.8,1.5199110829529332,21.54434690031882,1e-10,-4830.588473922478,,,
T3,1.8,1.5199110829529332,21.54434690031882,1e-09,-4736.9641726592945,,,
T3,1.8,1.5199110829529332,21.54434690031882,1e-08,-4016.4723586914433,,,
T3,1.8,1.5199110829529332,21.54434690031882,1e-07,-1947.543006200841,,,
T3,1.8,1.5199110829529332,21.54434690031882,1e-06,-533.0482746925499,,,
T3,1.8,1.5199110829529332,21.54434690031882,1e-05,-98.75063273978023,,,
T3,1.8,1.5199110829529332,21.54434690031882,0.0001,-12.870593008417904,,,
T3,1.8,1.5199110829529332,21.54434690031882,0.001,-0.5745149259818815,,,
T3,1.8,1.5199110829529332,21.54434690031882,0.01,0.2906653499986259,,,
T3,1.8,1.5199110829529332,21.54434690031882,0.1,-0.4018721574299985,,,
T3,1.8,1.5199110829529332,21.54434690031882,1.0,-1.2223799462976737,,,
T3,1.8,1.5199110829529332,21.54434690031882,10.0,-2.1608179115107786,,,
T3,1.8,1.5199110829529332,100.0,1e-10,-1212.9620216480175,,,
T3,1.8,1.5199110829529332,100.0,1e-09,-1207.758881305156,,,
T3,1.8,1.5199110829529332,100.0,1e-08,-1158.9834018417414,,,
T3,1.8,1.5199110829529332,100.0,1e-07,-858.0778892281054,,,
T3,1.8,1.5199110829529332,100.0,1e-06,-329.8165734773569,,,
T3,1.8,1.5199110829529332,100.0,1e-05,-77.86065239891622,,,
T3,1.8,1.5199110829529332,100.0,0.0001,-11.52840977237633,,,
T3,1.8,1.5199110829529332,100.0,0.001,-0.48669163066913174,,,
T3,1.8,1.5199110829529332,100.0,0.01,0.3922822933550818,,,
T3,1.8,1.5199110829529332,100.0,0.1,-0.30551671001688907,,,
T3,1.8,1.5199110829529332,100.0,1.0,-1.23754521049438,,,
T3,1.8,1.5199110829529332,100.0,10.0,-2.1862400216232176,,,
T3,1.8,1.5199110829529332,464.1588833612773,1e-10,-302.77405759172154,,,
T3,1.8,1.5199110829529332,464.1588833612773,1e-09,-302.4909516946116,,,
T3,1.8,1.5199110829529332,464.1588833612773,1e-08,-299.7004213673703,,,
T3,1.8,1.5199110829529332,464.1588833612773,1e-07,-275.26814769159836,,,
T3,1.8,1.5199110829529332,464.1588833612773,1e-06,-167.1718972673271,,,
T3,1.8,1.5199110829529332,464.1588833612773,1e-05,-51.78082217809456,,,
T3,1.8,1.5199110829529332,464.1588833612773,0.0001,-9.637181464009373,,,
T3,1.8,1.5199110829529332,464.1588833612773,0.001,-0.4980731199811944,,,
T3,1.8,1.5199110829529332,464.1588833612773,0.01,0.31079949116507205,,,
T3,1.8,1.5199110829529332,464.1588833612773,0.1,-0.32506972630692604,,,
T3,1.8,1.5199110829529332,464.1588833612773,1.0,-1.2468939972393465,,,
T3,1.8,1.5199110829529332,464.1588833612773,10.0,-2.221881900777213,,,
T3,1.8,1.5199110829529332,2154.4346900318824,1e-10,-74.55393398980291,,,
T3,1.8,1.5199110829529332,2154.4346900318824,1e-09,-74.53862551779177,,,
T3,1.8,1.5199110829529332,2154.4346900318824,1e-08,-74.38598560304692,,,
T3,1.8,1.5199110829529332,2154.4346900318824,1e-07,-72.90570821753994,,,
T3,1.8,1.5199110829529332,2154.4346900318824,1e-06,-61.51759318249454,,,
T3,1.8,1.5199110829529332,2154.4346900318824,1e-05,-28.88446344926548,,,
T3,1.8,1.5199110829529332,2154.4346900318824,0.0001,-6.839991079548085,,,
T3,1.8,1.5199110829529332,2154.4346900318824,0.001,-0.5127949615099621,,,
T3,1.8,1.5199110829529332,2154.4346900318824,0.01,0.16320281676077847,,,
T3,1.8,1.5199110829529332,2154.4346900318824,0.1,-0.4238106909587048,,,
T3,1.8,1.5199110829529332,2154.4346900318824,1.0,-1.2831294604526107,,,
T3,1.8,1.5199110829529332,2154.4346900318824,10.0,-2.2525557706488373,,,
T3,1.8,1.5199110829529332,10000.0,1e-10,-17.739024460155704,,,
T3,1.8,1.5199110829529332,10000.0,1e-09,-17.73820119747445,,,
T3,1.8,1.5199110829529332,10000.0,1e-08,-17.729977322121762,,,
T3,1.8,1.5199110829529332,10000.0,1e-07,-17.648292523524532,,,
T3,1.8,1.5199110829529332,10000.0,1e-06,-16.882772393439588,,,
T3,1.8,1.5199110829529332,10000.0,1e-05,-12.171619605746399,,,
T3,1.8,1.5199110829529332,10000.0,0.0001,-4.025352035025084,,,
T3,1.8,1.5199110829529332,10000.0,0.001,-0.47396988301271714,,,
T3,1.8,1.5199110829529332,10000.0,0.01,-0.02603842841184554,,,
T3,1.8,1.5199110829529332,10000.0,0.1,-0.571380557684736,,,
T3,1.8,1.5199110829529332,10000.0,1.0,-1.3682977868632444,,,
T3,1.8,1.5199110829529332,10000.0,10.0,-2.285465637726708,,,
T3,1.8,4.328761281083057,0.0001,1e-10,-5143828.702478941,,,
T3,1.8,4.328761281083057,0.0001,1e-09,-1530239.5787469337,,,
T3,1.8,4.328761281083057,0.0001,1e-08,-664540.3837651073,,,
T3,1.8,4.328761281083057,0.0001,1e-07,-137924.8076811424,,,
T3,1.8,4.328761281083057,0.0001,1e-06,-20192.01965890586,,,
T3,1.8,4.328761281083057,0.0001,1e-05,-3403.693696298782,,,
T3,1.8,4.328761281083057,0.0001,0.0001,-661.8829591226806,,,
T3,1.8,4.328761281083057,0.0001,0.001,-92.89774828570987,,,
T3,1.8,4.328761281083057,0.0001,0.01,-11.136786532632588,,,
T3,1.8,4.328761281083057,0.0001,0.1,-1.5675098733160615,,,
T3,1.8,4.328761281083057,0.0001,1.0,-1.2661683730971958,,,
T3,1.8,4.328761281083057,0.0001,10.0,-2.1339296759800868,,,
T3,1.8,4.328761281083057,0.00046415888336127773,1e-10,-4325946.359354289,,,
T3,1.8,4.328761281083057,0.00046415888336127773,1e-09,-778743.617134989,,,
T3,1.8,4.328761281083057,0.00046415888336127773,1e-08,-300686.8706920402,,,
T3,1.8,4.328761281083057,0.00046415888336127773,1e-07,-107653.73127222907,,,
T3,1.8,4.328761281083057,0.00046415888336127773,1e-06,-18416.362020063705,,,
T3,1.8,4.328761281083057,0.00046415888336127773,1e-05,-2698.9815687615037,,,
T3,1.8,4.328761281083057,0.00046415888336127773,0.0001,-503.6852218434163,,,
T3,1.8,4.328761281083057,0.00046415888336127773,0.001,-87.75566434505183,,,
T3,1.8,4.328761281083057,0.00046415888336127773,0.01,-11.070110733635762,,,
T3,1.8,4.328761281083057,0.00046415888336127773,0.1,-1.568131362484653,,,
T3,1.8,4.328761281083057,0.00046415888336127773,1.0,-1.2663323696001545,,,
T3,1.8,4.328761281083057,0.00046415888336127773,10.0,-2.13394734600076,,,
T3,1.8,4.328761281083057,0.002154434690031882,1e-10,-3977165.106038173,,,
T3,1.8,4.328761281083057,0.002154434690031882,1e-09,-580983.6417769853,,,
T3,1.8,4.328761281083057,0.002154434690031882,1e-08,-130684.24989988093,,,
T3,1.8,4.328761281083057,0.002154434690031882,1e-07,-58427.01247045918,,,
T3,1.8,4.328761281083057,0.002154434690031882,1e-06,-15832.996847869124,,,
T3,1.8,4.328761281083057,0.002154434690031882,1e-05,-2424.142189669709,,,
T3,1.8,4.328761281083057,0.002154434690031882,0.0001,-370.86999119102745,,,
T3,1.8,4.328761281083057,0.002154434690031882,0.001,-72.61710378440507,,,
T3,1.8,4.328761281083057,0.002154434690031882,0.01,-10.757146953777326,,,
T3,1.8,4.328761281083057,0.002154434690031882,0.1,-1.5691664395697371,,,
T3,1.8,4.328761281083057,0.002154434690031882,1.0,-1.2670619296732926,,,
T3,1.8,4.328761281083057,0.002154434690031882,10.0,-2.134029024253312,,,
T3,1.8,4.328761281083057,0.01,1e-10,-3625792.7300930033,,,
T3,1.8,4.328761281083057,0.01,1e-09,-520820.2214767045,,,
T3,1.8,4.328761281083057,0.01,1e-08,-81517.50037550606,,,
T3,1.8,4.328761281083057,0.01,1e-07,-24246.88659815458,,,
T3,1.8,4.328761281083057,0.01,1e-06,-10527.450900142729,,,
T3,1.8,4.328761281083057,0.01,1e-05,-2182.113619125944,,,
T3,1.8,4.328761281083057,0.01,0.0001,-317.1319381338533,,,
T3,1.8,4.328761281083057,0.01,0.001,-52.03436133543374,,,
T3,1.8,4.328761281083057,0.01,0.01,-9.58107109821464,,,
T3,1.8,4.328761281083057,0.01,0.1,-1.5610996824849304,,,
T3,1.8,4.328761281083057,0.01,1.0,-1.2699034149242878,,,
T3,1.8,4.328761281083057,0.01,10.0,-2.134401029016635,,,
T3,1.8,4.328761281083057,0.046415888336127774,1e-10,-3168530.1537176557,,,
T3,1.8,4.328761281083057,0.046415888336127774,1e-09,-479744.62333412113,,,
T3,1.8,4.328761281083057,0.046415888336127774,1e-08,-68555.05922789745,,,
T3,1.8,4.328761281083057,0.046415888336127774,1e-07,-12336.538010853918,,,
T3,1.8,4.328761281083057,0.046415888336127774,1e-06,-4760.791532448784,,,
T3,1.8,4.328761281083057,0.046415888336127774,1e-05,-1702.3934748011757,,,
T3,1.8,4.328761281083057,0.046415888336127774,0.0001,-289.02971640343094,,,
T3,1.8,4.328761281083057,0.046415888336127774,0.001,-40.88902809846467,,,
T3,1.8,4.328761281083057,0.046415888336127774,0.01,-7.085242510255763,,,
T3,1.8,4.328761281083057,0.046415888336127774,0.1,-1.4945764013966008,,,
T3,1.8,4.328761281083057,0.046415888336127774,1.0,-1.277380300601521,,,
T3,1.8,4.328761281083057,0.046415888336127774,10.0,-2.1359908104477423,,,
T3,1.8,4.328761281083057,0.21544346900318823,1e-10,-2475930.2556258026,,,
T3,1.8,4.328761281083057,0.21544346900318823,1e-09,-430190.03515462653,,,
T3,1.8,4.328761281083057,0.21544346900318823,1e-08,-63027.40481772575,,,
T3,1.8,4.328761281083057,0.21544346900318823,1e-07,-9202.355107164149,,,
T3,1.8,4.328761281083057,0.21544346900318823,1e-06,-2066.474039353815,,,
T3,1.8,4.328761281083057,0.21544346900318823,1e-05,-922.2366228135995,,,
T3,1.8,4.328761281083057,0.21544346900318823,0.0001,-248.13128276009985,,,
T3,1.8,4.328761281083057,0.21544346900318823,0.001,-36.56884997068656,,,
T3,1.8,4.328761281083057,0.21544346900318823,0.01,-4.997061231961093,,,
T3,1.8,4.328761281083057,0.21544346900318823,0.1,-1.267516203318575,,,
T3,1.8,4.328761281083057,0.21544346900318823,1.0,-1.2864352827844274,,,
T3,1.8,4.328761281083057,0.21544346900318823,10.0,-2.141432067520852,,,
T3,1.8,4.328761281083057,1.0,1e-10,-1639916.9067846737,,,
T3,1.8,4.328761281083057,1.0,1e-09,-359582.7099437884,,,
T3,1.8,4.328761281083057,1.0,1e-08,-57458.721869177105,,,
T3,1.8,4.328761281083057,1.0,1e-07,-8248.967305453258,,,
T3,1.8,4.328761281083057,1.0,1e-06,-1287.3142257452691,,,
T3,1.8,4.328761281083057,1.0,1e-05,-380.55042372127826,,,
T3,1.8,4.328761281083057,1.0,0.0001,-164.08393177207387,,,
T3,1.8,4.328761281083057,1.0,0.001,-32.77638409476562,,,
T3,1.8,4.328761281083057,1.0,0.01,-4.175678058794714,,,
T3,1.8,4.328761281083057,1.0,0.1,-0.9536231218563349,,,
T3,1.8,4.328761281083057,1.0,1.0,-1.2822653013636531,,,
T3,1.8,4.328761281083057,1.0,10.0,-2.1529937772943932,,,
T3,1.8,4.328761281083057,4.641588833612772,1e-10,-918190.708232807,,,
T3,1.8,4.328761281083057,4.641588833612772,1e-09,-258825.7178410837,,,
T3,1.8,4.328761281083057,4.641588833612772,1e-08,-50211.8411230264,,,
T3,1.8,4.328761281083057,4.641588833612772,1e-07,-7598.136729034106,,,
T3,1.8,4.328761281083057,4.641588833612772,1e-06,-1081.99390225469,,,
T3,1.8,4.328761281083057,4.641588833612772,1e-05,-191.8438702913624,,,
T3,1.8,4.328761281083057,4.641588833612772,0.0001,-72.7187315399792,,,
T3,1.8,4.328761281083057,4.641588833612772,0.001,-25.21741714977792,,,
T3,1.8,4.328761281083057,4.641588833612772,0.01,-3.7703431686593327,,,
T3,1.8,4.328761281083057,4.641588833612772,0.1,-0.8005827929239064,,,
T3,1.8,4.328761281083057,4.641588833612772,1.0,-1.2541456647853004,,,
T3,1.8,4.328761281083057,4.641588833612772,10.0,-2.166912711578818,,,
T3,1.8,4.328761281083057,21.54434690031882,1e-10,-393677.0235151128,,,
T3,1.8,4.328761281083057,21.54434690031882,1e-09,-158304.23644146865,,,
T3,1.8,4.328761281083057,21.54434690031882,1e-08,-39235.15562576125,,,
T3,1.8,4.328761281083057,21.54434690031882,1e-07,-6812.9657252080415,,,
T3,1.8,4.328761281083057,21.54434690031882,1e-06,-994.5420350743495,,,
T3,1.8,4.328761281083057,21.54434690031882,1e-05,-142.2719008941431,,,
T3,1.8,4.328761281083057,21.54434690031882,0.0001,-30.059147842339836,,,
T3,1.8,4.328761281083057,21.54434690031882,0.001,-12.88682748292221,,,
T3,1.8,4.328761281083057,21.54434690031882,0.01,-3.167291785092238,,,
T3,1.8,4.328761281083057,21.54434690031882,0.1,-0.7678450655228571,,,
T3,1.8,4.328761281083057,21.54434690031882,1.0,-1.2378484927258797,,,
T3,1.8,4.328761281083057,21.54434690031882,10.0,-2.176183867640878,,,
T3,1.8,4.328761281083057,100.0,1e-10,-124147.13635661258,,,
T3,1.8,4.328761281083057,100.0,1e-09,-78879.4331970358,,,
T3,1.8,4.328761281083057,100.0,1e-08,-25985.62000114018,,,
T3,1.8,4.328761281083057,100.0,1e-07,-5694.183949538889,,,
T3,1.8,4.328761281083057,100.0,1e-06,-906.4781497929519,,,
T3,1.8,4.328761281083057,100.0,1e-05,-127.299878978441,,,
T3,1.8,4.328761281083057,100.0,0.0001,-17.790949630663487,,,
T3,1.8,4.328761281083057,100.0,0.001,-4.333968822654855,,,
T3,1.8,4.328761281083057,100.0,0.01,-1.8751166013551548,,,
T3,1.8,4.328761281083057,100.0,0.1,-0.7511669944659474,,,
T3,1.8,4.328761281083057,100.0,1.0,-1.25513801822828,,,
T3,1.8,4.328761281083057,100.0,10.0,-2.1835303999945674,,,
T3,1.8,4.328761281083057,464.1588833612773,1e-10,-33241.66341089666,,,
T3,1.8,4.328761281083057,464.1588833612773,1e-09,-28712.045755579533,,,
T3,1.8,4.328761281083057,464.1588833612773,1e-08,-14547.498428207753,,,
T3,1.8,4.328761281083057,464.1588833612773,1e-07,-4097.624001695798,,,
T3,1.8,4.328761281083057,464.1588833612773,1e-06,-791.8639741853319,,,
T3,1.8,4.328761281083057,464.1588833612773,1e-05,-117.15871297544561,,,
T3,1.8,4.328761281083057,464.1588833612773,0.0001,-14.657366126795765,,,
T3,1.8,4.328761281083057,464.1588833612773,0.001,-1.4029220183236044,,,
T3,1.8,4.328761281083057,464.1588833612773,0.01,-0.45726728146495643,,,
T3,1.8,4.328761281083057,464.1588833612773,0.1,-0.6754504072405663,,,
T3,1.8,4.328761281083057,464.1588833612773,1.0,-1.2887692021485027,,,
T3,1.8,4.328761281083057,464.1588833612773,10.0,-2.204706173057001,,,
T3,1.8,4.328761281083057,2154.4346900318824,1e-10,-8471.669803124842,,,
T3,1.8,4.328761281083057,2154.4346900318824,1e-09,-8172.518306105524,,,
T3,1.8,4.328761281083057,2154.4346900318824,1e-08,-6235.201198432509,,,
T3,1.8,4.328761281083057,2154.4346900318824,1e-07,-2504.894039210584,,,
T3,1.8,4.328761281083057,2154.4346900318824,1e-06,-618.1944358886925,,,
T3,1.8,4.328761281083057,2154.4346900318824,1e-05,-104.9307872186142,,,
T3,1.8,4.328761281083057,2154.4346900318824,0.0001,-13.426900712486088,,,
T3,1.8,4.328761281083057,2154.4346900318824,0.001,-0.7187412938450368,,,
T3,1.8,4.328761281083057,2154.4346900318824,0.01,0.17637072366501233,,,
T3,1.8,4.328761281083057,2154.4346900318824,0.1,-0.5140869016725649,,,
T3,1.8,4.328761281083057,2154.4346900318824,1.0,-1.3243565888803603,,,
T3,1.8,4.328761281083057,2154.4346900318824,10.0,-2.239919796692168,,,
T3,1.8,4.328761281083057,10000.0,1e-10,-2132.230602167349,,,
T3,1.8,4.328761281083057,10000.0,1e-09,-2115.229042558878,,,
T3,1.8,4.328761281083057,10000.0,1e-08,-1963.9609283078912,,,
T3,1.8,4.328761281083057,10000.0,1e-07,-1246.5983813763928,,,
T3,1.8,4.328761281083057,10000.0,1e-06,-408.5741198935653,,,
T3,1.8,4.328761281083057,10000.0,1e-05,-87.4679741579968,,,
T3,1.8,4.328761281083057,10000.0,0.0001,-12.22498218491546,,,
T3,1.8,4.328761281083057,10000.0,0.001,-0.6196073652868648,,,
T3,1.8,4.328761281083057,10000.0,0.01,0.2901559279985726,,,
T3,1.8,4.328761281083057,10000.0,0.1,-0.4108222608621112,,,
T3,1.8,4.328761281083057,10000.0,1.0,-1.3437625528875405,,,
T3,1.8,4.328761281083057,10000.0,10.0,-2.283083929516513,,,
T3,1.8,12.32846739442066,0.0001,1e-10,-48157609.236259624,,,
T3,1.8,12.32846739442066,0.0001,1e-09,-8886565.363170672,,,
T3,1.8,12.32846739442066,0.0001,1e-08,-1224557.6698446805,,,
T3,1.8,12.32846739442066,0.0001,1e-07,-163801.68036667447,,,
T3,1.8,12.32846739442066,0.0001,1e-06,-26068.213550783417,,,
T3,1.8,12.32846739442066,0.0001,1e-05,-5127.014636203765,,,
T3,1.8,12.32846739442066,0.0001,0.0001,-747.6873015805364,,,
T3,1.8,12.32846739442066,0.0001,0.001,-94.29675352046128,,,
T3,1.8,12.32846739442066,0.0001,0.01,-11.154950116548092,,,
T3,1.8,12.32846739442066,0.0001,0.1,-1.5677462217935298,,,
T3,1.8,12.32846739442066,0.0001,1.0,-1.2661720736814384,,,
T3,1.8,12.32846739442066,0.0001,10.0,-2.1339297950122047,,,
T3,1.8,12.32846739442066,0.00046415888336127773,1e-10,-23604954.90402805,,,
T3,1.8,12.32846739442066,0.00046415888336127773,1e-09,-7414490.523982903,,,
T3,1.8,12.32846739442066,0.00046415888336127773,1e-08,-1163577.9279940466,,,
T3,1.8,12.32846739442066,0.00046415888336127773,1e-07,-157051.40138369214,,,
T3,1.8,12.32846739442066,0.00046415888336127773,1e-06,-21493.86587730141,,,
T3,1.8,12.32846739442066,0.00046415888336127773,1e-05,-3836.8219296345605,,,
T3,1.8,12.32846739442066,0.00046415888336127773,0.0001,-698.1604045365619,,,
T3,1.8,12.32846739442066,0.00046415888336127773,0.001,-93.56859099294005,,,
T3,1.8,12.32846739442066,0.00046415888336127773,0.01,-11.153486510227554,,,
T3,1.8,12.32846739442066,0.00046415888336127773,0.1,-1.569225818431669,,,
T3,1.8,12.32846739442066,0.00046415888336127773,1.0,-1.2663495235096254,,,
T3,1.8,12.32846739442066,0.00046415888336127773,10.0,-2.133947898274857,,,
T3,1.8,12.32846739442066,0.002154434690031882,1e-10,-9935653.724547016,,,
T3,1.8,12.32846739442066,0.002154434690031882,1e-09,-4451151.009707916,,,
T3,1.8,12.32846739442066,0.002154434690031882,1e-08,-1048596.2500449866,,,
T3,1.8,12.32846739442066,0.002154434690031882,1e-07,-150698.31276185613,,,
T3,1.8,12.32846739442066,0.002154434690031882,1e-06,-20124.235784188608,,,
T3,1.8,12.32846739442066,0.002154434690031882,1e-05,-2910.5898314079864,,,
T3,1.8,12.32846739442066,0.002154434690031882,0.0001,-565.2778314344256,,,
T3,1.8,12.32846739442066,0.002154434690031882,0.001,-90.38273360239816,,,
T3,1.8,12.32846739442066,0.002154434690031882,0.01,-11.1241207802296,,,
T3,1.8,12.32846739442066,0.002154434690031882,0.1,-1.5742030935123321,,,
T3,1.8,12.32846739442066,0.002154434690031882,1.0,-1.267141096178946,,,
T3,1.8,12.32846739442066,0.002154434690031882,10.0,-2.1340315828938765,,,
T3,1.8,12.32846739442066,0.01,1e-10,-5643532.091278531,,,
T3,1.8,12.32846739442066,0.01,1e-09,-1901647.0594219156,,,
T3,1.8,12.32846739442066,0.01,1e-08,-763239.9270582359,,,
T3,1.8,12.32846739442066,0.01,1e-07,-140836.7776203793,,,
T3,1.8,12.32846739442066,0.01,1e-06,-19403.08922625042,,,
T3,1.8,12.32846739442066,0.01,1e-05,-2592.2018230689205,,,
T3,1.8,12.32846739442066,0.01,0.0001,-410.2513680809995,,,
T3,1.8,12.32846739442066,0.01,0.001,-79.35616601414404,,,
T3,1.8,12.32846739442066,0.01,0.01,-10.944882355111487,,,
T3,1.8,12.32846739442066,0.01,0.1,-1.5838161798445045,,,
T3,1.8,12.32846739442066,0.01,1.0,-1.2702635001240856,,,
T3,1.8,12.32846739442066,0.01,10.0,-2.134412805695659,,,
T3,1.8,12.32846739442066,0.046415888336127774,1e-10,-4503033.05168823,,,
T3,1.8,12.32846739442066,0.046415888336127774,1e-09,-894791.1096645535,,,
T3,1.8,12.32846739442066,0.046415888336127774,1e-08,-374106.6115932461,,,
T3,1.8,12.32846739442066,0.046415888336127774,1e-07,-117506.01160864874,,,
T3,1.8,12.32846739442066,0.046415888336127774,1e-06,-18436.67070070556,,,
T3,1.8,12.32846739442066,0.046415888336127774,1e-05,-2485.254409259427,,,
T3,1.8,12.32846739442066,0.046415888336127774,0.0001,-337.77811245933907,,,
T3,1.8,12.32846739442066,0.046415888336127774,0.001,-58.91961080470696,,,
T3,1.8,12.32846739442066,0.046415888336127774,0.01,-10.176398030991068,,,
T3,1.8,12.32846739442066,0.046415888336127774,0.1,-1.5888033815932492,,,
T3,1.8,12.32846739442066,0.046415888336127774,1.0,-1.2789799457349553,,,
T3,1.8,12.32846739442066,0.046415888336127774,10.0,-2.1360436419291586,,,
T3,1.8,12.32846739442066,0.21544346900318823,1e-10,-4101693.492538405,,,
T3,1.8,12.32846739442066,0.21544346900318823,1e-09,-616458.387560625,,,
T3,1.8,12.32846739442066,0.21544346900318823,1e-08,-157462.82414153856,,,
T3,1.8,12.32846739442066,0.21544346900318823,1e-07,-70540.28281079521,,,
T3,1.8,12.32846739442066,0.21544346900318823,1e-06,-16614.38308726909,,,
T3,1.8,12.32846739442066,0.21544346900318823,1e-05,-2384.6069577129106,,,
T3,1.8,12.32846739442066,0.21544346900318823,0.0001,-316.1056148452492,,,
T3,1.8,12.32846739442066,0.21544346900318823,0.001,-44.258517902577026,,,
T3,1.8,12.32846739442066,0.21544346900318823,0.01,-8.083087749895087,,,
T3,1.8,12.32846739442066,0.21544346900318823,0.1,-1.5555856204479728,,,
T3,1.8,12.32846739442066,0.21544346900318823,1.0,-1.2933245123104573,,,
T3,1.8,12.32846739442066,0.21544346900318823,10.0,-2.1416547977458475,,,
T3,1.8,12.32846739442066,1.0,1e-10,-3776062.098140741,,,
T3,1.8,12.32846739442066,1.0,1e-09,-537638.0486343072,,,
T3,1.8,12.32846739442066,1.0,1e-08,-89437.34957218984,,,
T3,1.8,12.32846739442066,1.0,1e-07,-30133.398250970138,,,
T3,1.8,12.32846739442066,1.0,1e-06,-12091.833913317965,,,
T3,1.8,12.32846739442066,1.0,1e-05,-2228.3601180346004,,,
T3,1.8,12.32846739442066,1.0,0.0001,-304.71580182981336,,,
T3,1.8,12.32846739442066,1.0,0.001,-39.24325445019686,,,
T3,1.8,12.32846739442066,1.0,0.01,-5.6395545438516645,,,
T3,1.8,12.32846739442066,1.0,0.1,-1.3956529621660405,,,
T3,1.8,12.32846739442066,1.0,1.0,-1.3077843275784982,,,
T3,1.8,12.32846739442066,1.0,10.0,-2.153897568146435,,,
T3,1.8,12.32846739442066,4.641588833612772,1e-10,-3373791.8808228364,,,
T3,1.8,12.32846739442066,4.641588833612772,1e-09,-496655.9734131419,,,
T3,1.8,12.32846739442066,4.641588833612772,1e-08,-71361.7678273356,,,
T3,1.8,12.32846739442066,4.641588833612772,1e-07,-14175.856512291899,,,
T3,1.8,12.32846739442066,4.641588833612772,1e-06,-5924.518016433436,,,
T3,1.8,12.32846739442066,4.641588833612772,1e-05,-1858.6403081538315,,,
T3,1.8,12.32846739442066,4.641588833612772,0.0001,-289.44435232344733,,,
T3,1.8,12.32846739442066,4.641588833612772,0.001,-37.585550433515046,,,
T3,1.8,12.32846739442066,4.641588833612772,0.01,-4.516200104010315,,,
T3,1.8,12.32846739442066,4.641588833612772,0.1,-1.0833765564863689,,,
T3,1.8,12.32846739442066,4.641588833612772,1.0,-1.3120687674071276,,,
T3,1.8,12.32846739442066,4.641588833612772,10.0,-2.1705044100449262,,,
T3,1.8,12.32846739442066,21.54434690031882,1e-10,-2790758.9147328236,,,
T3,1.8,12.32846739442066,21.54434690031882,1e-09,-451629.36023461353,,,
T3,1.8,12.32846739442066,21.54434690031882,1e-08,-65001.09386910129,,,
T3,1.8,12.32846739442066,21.54434690031882,1e-07,-9764.66880228666,,,
T3,1.8,12.32846739442066,21.54434690031882,1e-06,-2490.981280744224,,,
T3,1.8,12.32846739442066,21.54434690031882,1e-05,-1114.321103361549,,,
T3,1.8,12.32846739442066,21.54434690031882,0.0001,-260.61221227424244,,,
T3,1.8,12.32846739442066,21.54434690031882,0.001,-36.03261335447841,,,
T3,1.8,12.32846739442066,21.54434690031882,0.01,-4.20739065804994,,,
T3,1.8,12.32846739442066,21.54434690031882,0.1,-0.8697104621923473,,,
T3,1.8,12.32846739442066,21.54434690031882,1.0,-1.2916286092322946,,,
T3,1.8,12.32846739442066,21.54434690031882,10.0,-2.187252619768582,,,
T3,1.8,12.32846739442066,100.0,1e-10,-1977982.3424720604,,,
T3,1.8,12.32846739442066,100.0,1e-09,-392232.9731932577,,,
T3,1.8,12.32846739442066,100.0,1e-08,-59840.41168511814,,,
T3,1.8,12.32846739442066,100.0,1e-07,-8515.577613657291,,,
T3,1.8,12.32846739442066,100.0,1e-06,-1412.9188000034296,,,
T3,1.8,12.32846739442066,100.0,1e-05,-473.94512946342485,,,
T3,1.8,12.32846739442066,100.0,0.0001,-188.9784000138696,,,
T3,1.8,12.32846739442066,100.0,0.001,-33.60422725182195,,,
T3,1.8,12.32846739442066,100.0,0.01,-4.066463975755001,,,
T3,1.8,12.32846739442066,100.0,0.1,-0.8210703105405202,,,
T3,1.8,12.32846739442066,100.0,1.0,-1.2663718759519162,,,
T3,1.8,12.32846739442066,100.0,10.0,-2.1995445187415834,,,
T3,1.8,12.32846739442066,464.1588833612773,1e-10,-1192508.9856400527,,,
T3,1.8,12.32846739442066,464.1588833612773,1e-09,-302156.27552100236,,,
T3,1.8,12.32846739442066,464.1588833612773,1e-08,-53464.49999929016,,,
T3,1.8,12.32846739442066,464.1588833612773,1e-07,-7866.208690942816,,,
T3,1.8,12.32846739442066,464.1588833612773,1e-06,-1126.5483223899196,,,
T3,1.8,12.32846739442066,464.1588833612773,1e-05,-221.08478198707206,,,
T3,1.8,12.32846739442066,464.1588833612773,0.0001,-91.26456033764366,,,
T3,1.8,12.32846739442066,464.1588833612773,0.001,-27.79247561195411,,,
T3,1.8,12.32846739442066,464.1588833612773,0.01,-3.869679730907478,,,
T3,1.8,12.32846739442066,464.1588833612773,0.1,-0.832095736784223,,,
T3,1.8,12.32846739442066,464.1588833612773,1.0,-1.2738371627696818,,,
T3,1.8,12.32846739442066,464.1588833612773,10.0,-2.2062164378545703,,,
T3,1.8,12.32846739442066,2154.4346900318824,1e-10,-580033.8412101163,,,
T3,1.8,12.32846739442066,2154.4346900318824,1e-09,-197238.95689883642,,,
T3,1.8,12.32846739442066,2154.4346900318824,1e-08,-44224.11527458111,,,
T3,1.8,12.32846739442066,2154.4346900318824,1e-07,-7152.786265211076,,,
T3,1.8,12.32846739442066,2154.4346900318824,1e-06,-1025.881211945201,,,
T3,1.8,12.32846739442066,2154.4346900318824,1e-05,-151.26120358892703,,,
T3,1.8,12.32846739442066,2154.4346900318824,0.0001,-36.88257693400531,,,
T3,1.8,12.32846739442066,2154.4346900318824,0.001,-16.03324484769287,,,
T3,1.8,12.32846739442066,2154.4346900318824,0.01,-3.4618933831594276,,,
T3,1.8,12.32846739442066,2154.4346900318824,0.1,-0.8497008716496952,,,
T3,1.8,12.32846739442066,2154.4346900318824,1.0,-1.3036193562425349,,,
T3,1.8,12.32846739442066,2154.4346900318824,10.0,-2.221526627522155,,,
T3,1.8,12.32846739442066,10000.0,1e-10,-205663.9814222905,,,
T3,1.8,12.32846739442066,10000.0,1e-09,-108468.2538320729,,,
T3,1.8,12.32846739442066,10000.0,1e-08,-31345.00923879291,,,
T3,1.8,12.32846739442066,10000.0,1e-07,-6211.681278148951,,,
T3,1.8,12.32846739442066,10000.0,1e-06,-944.2667748691954,,,
T3,1.8,12.32846739442066,10000.0,1e-05,-131.59019796783653,,,
T3,1.8,12.32846739442066,10000.0,0.0001,-19.865064942758046,,,
T3,1.8,12.32846739442066,10000.0,0.001,-5.913958044156969,,,
T3,1.8,12.32846739442066,10000.0,0.01,-2.3703356929615214,,,
T3,1.8,12.32846739442066,10000.0,0.1,-0.8591729685262657,,,
T3,1.8,12.32846739442066,10000.0,1.0,-1.340975507669763,,,
T3,1.8,12.32846739442066,10000.0,10.0,-2.2516021504603083,,,
T3,1.8,35.11191734215127,0.0001,1e-10,-76596002.09153165,,,
T3,1.8,35.11191734215127,0.0001,1e-09,-9982995.744307762,,,
T3,1.8,35.11191734215127,0.0001,1e-08,-1298860.94973069,,,
T3,1.8,35.11191734215127,0.0001,1e-07,-199750.72400256287,,,
T3,1.8,35.11191734215127,0.0001,1e-06,-39520.053145147685,,,
T3,1.8,35.11191734215127,0.0001,1e-05,-5930.446232033203,,,
T3,1.8,35.11191734215127,0.0001,0.0001,-761.5923713442189,,,
T3,1.8,35.11191734215127,0.0001,0.001,-94.47831068681471,,,
T3,1.8,35.11191734215127,0.0001,0.01,-11.157248087294722,,,
T3,1.8,35.11191734215127,0.0001,0.1,-1.5677760453103313,,,
T3,1.8,35.11191734215127,0.0001,1.0,-1.2661725405156623,,,
T3,1.8,35.11191734215127,0.0001,10.0,-2.1339298100279374,,,
T3,1.8,35.11191734215127,0.00046415888336127773,1e-10,-73712290.89373744,,,
T3,1.8,35.11191734215127,0.00046415888336127773,1e-09,-9794304.162843082,,,
T3,1.8,35.11191734215127,0.00046415888336127773,1e-08,-1265375.2181550013,,,
T3,1.8,35.11191734215127,0.00046415888336127773,1e-07,-168990.96273319155,,,
T3,1.8,35.11191734215127,0.00046415888336127773,1e-06,-29161.97336264319,,,
T3,1.8,35.11191734215127,0.00046415888336127773,1e-05,-5464.2784589955645,,,
T3,1.8,35.11191734215127,0.00046415888336127773,0.0001,-754.3540446966152,,,
T3,1.8,35.11191734215127,0.00046415888336127773,0.001,-94.39917814380507,,,
T3,1.8,35.11191734215127,0.00046415888336127773,0.01,-11.164145001646743,,,
T3,1.8,35.11191734215127,0.00046415888336127773,0.1,-1.5693640657180024,,,
T3,1.8,35.11191734215127,0.00046415888336127773,1.0,-1.266351687694637,,,
T3,1.8,35.11191734215127,0.00046415888336127773,10.0,-2.133947967943809,,,
T3,1.8,35.11191734215127,0.002154434690031882,1e-10,-69068802.8622416,,,
T3,1.8,35.11191734215127,0.002154434690031882,1e-09,-9466989.138418196,,,
T3,1.8,35.11191734215127,0.002154434690031882,1e-08,-1247007.8240673528,,,
T3,1.8,35.11191734215127,0.002154434690031882,1e-07,-160779.59422284167,,,
T3,1.8,35.11191734215127,0.002154434690031882,1e-06,-22634.433086887388,,,
T3,1.8,35.11191734215127,0.002154434690031882,1e-05,-4323.035803708254,,,
T3,1.8,35.11191734215127,0.002154434690031882,0.0001,-723.5853371766058,,,
T3,1.8,35.11191734215127,0.002154434690031882,0.001,-93.98725531398375,,,
T3,1.8,35.11191734215127,0.002154434690031882,0.01,-11.17327165763065,,,
T3,1.8,35.11191734215127,0.002154434690031882,0.1,-1.574842374887956,,,
T3,1.8,35.11191734215127,0.002154434690031882,1.0,-1.267151088248914,,,
T3,1.8,35.11191734215127,0.002154434690031882,10.0,-2.1340319056722032,,,
T3,1.8,35.11191734215127,0.01,1e-10,-55847445.86096595,,,
T3,1.8,35.11191734215127,0.01,1e-09,-9051719.289745463,,,
T3,1.8,35.11191734215127,0.01,1e-08,-1213958.0307796097,,,
T3,1.8,35.11191734215127,0.01,1e-07,-158213.9864241557,,,
T3,1.8,35.11191734215127,0.01,1e-06,-20580.6894473252,,,
T3,1.8,35.11191734215127,0.01,1e-05,-3161.9423412425476,,,
T3,1.8,35.11191734215127,0.01,0.0001,-623.4567599795066,,,
T3,1.8,35.11191734215127,0.01,0.001,-92.09424132273003,,,
T3,1.8,35.11191734215127,0.01,0.01,-11.165872128489784,,,
T3,1.8,35.11191734215127,0.01,0.1,-1.5867636615476186,,,
T3,1.8,35.11191734215127,0.01,1.0,-1.2703090408446516,,,
T3,1.8,35.11191734215127,0.01,10.0,-2.1344142915221633,,,
T3,1.8,35.11191734215127,0.046415888336127774,1e-10,-31427102.37571893,,,
T3,1.8,35.11191734215127,0.046415888336127774,1e-09,-8070450.650088416,,,
T3,1.8,35.11191734215127,0.046415888336127774,1e-08,-1168254.3361120045,,,
T3,1.8,35.11191734215127,0.046415888336127774,1e-07,-155223.46623065454,,,
T3,1.8,35.11191734215127,0.046415888336127774,1e-06,-20050.012883545973,,,
T3,1.8,35.11191734215127,0.046415888336127774,1e-05,-2674.4598327239214,,,
T3,1.8,35.11191734215127,0.046415888336127774,0.0001,-459.30405976996053,,,
T3,1.8,35.11191734215127,0.046415888336127774,0.001,-84.72224200184499,,,
T3,1.8,35.11191734215127,0.046415888336127774,0.01,-11.069486712553346,,,
T3,1.8,35.11191734215127,0.046415888336127774,0.1,-1.602260325813082,,,
T3,1.8,35.11191734215127,0.046415888336127774,1.0,-1.2791842611681299,,,
T3,1.8,35.11191734215127,0.046415888336127774,10.0,-2.136050311511734,,,
T3,1.8,35.11191734215127,0.21544346900318823,1e-10,-13208924.352585617,,,
T3,1.8,35.11191734215127,0.21544346900318823,1e-09,-5568274.277554854,,,
T3,1.8,35.11191734215127,0.21544346900318823,1e-08,-1094660.0600031922,,,
T3,1.8,35.11191734215127,0.21544346900318823,1e-07,-150035.91739760782,,,
T3,1.8,35.11191734215127,0.21544346900318823,1e-06,-19758.94784687084,,,
T3,1.8,35.11191734215127,0.21544346900318823,1e-05,-2544.353207113239,,,
T3,1.8,35.11191734215127,0.21544346900318823,0.0001,-355.8699890719258,,,
T3,1.8,35.11191734215127,0.21544346900318823,0.001,-66.64705272128371,,,
T3,1.8,35.11191734215127,0.21544346900318823,0.01,-10.599326490238901,,,
T3,1.8,35.11191734215127,0.21544346900318823,0.1,-1.6139655597277063,,,
T3,1.8,35.11191734215127,0.21544346900318823,1.0,-1.2942453062700943,,,
T3,1.8,35.11191734215127,0.21544346900318823,10.0,-2.1416830145375316,,,
T3,1.8,35.11191734215127,1.0,1e-10,-6586406.93753041,,,
T3,1.8,35.11191734215127,1.0,1e-09,-2590804.3415487944,,,
T3,1.8,35.11191734215127,1.0,1e-08,-885115.7320749484,,,
T3,1.8,35.11191734215127,1.0,1e-07,-143454.3843047339,,,
T3,1.8,35.11191734215127,1.0,1e-06,-19235.18579555724,,,
T3,1.8,35.11191734215127,1.0,1e-05,-2503.728650725681,,,
T3,1.8,35.11191734215127,1.0,0.0001,-323.3521039768058,,,
T3,1.8,35.11191734215127,1.0,0.001,-48.259605970423266,,,
T3,1.8,35.11191734215127,1.0,0.01,-9.026734192635544,,,
T3,1.8,35.11191734215127,1.0,0.1,-1.6020804907855244,,,
T3,1.8,35.11191734215127,1.0,1.0,-1.3118960487395186,,,
T3,1.8,35.11191734215127,1.0,10.0,-2.15401427711645,,,
T3,1.8,35.11191734215127,4.641588833612772,1e-10,-4777420.717923949,,,
T3,1.8,35.11191734215127,4.641588833612772,1e-09,-1120263.522848933,,,
T3,1.8,35.11191734215127,4.641588833612772,1e-08,-498079.39689227584,,,
T3,1.8,35.11191734215127,4.641588833612772,1e-07,-127902.37475401993,,,
T3,1.8,35.11191734215127,4.641588833612772,1e-06,-18510.87904463638,,,
T3,1.8,35.11191734215127,4.641588833612772,1e-05,-2456.3719375606843,,,
T3,1.8,35.11191734215127,4.641588833612772,0.0001,-314.97796374375923,,,
T3,1.8,35.11191734215127,4.641588833612772,0.001,-40.560382736686414,,,
T3,1.8,35.11191734215127,4.641588833612772,0.01,-6.436890354841954,,,
T3,1.8,35.11191734215127,4.641588833612772,0.1,-1.5015041548370853,,,
T3,1.8,35.11191734215127,4.641588833612772,1.0,-1.328702773193357,,,
T3,1.8,35.11191734215127,4.641588833612772,10.0,-2.1710107132460967,,,
T3,1.8,35.11191734215127,21.54434690031882,1e-10,-4234553.6698223185,,,
T3,1.8,35.11191734215127,21.54434690031882,1e-09,-678970.2023315015,,,
T3,1.8,35.11191734215127,21.54434690031882,1e-08,-209340.7401579471,,,
T3,1.8,35.11191734215127,21.54434690031882,1e-07,-88245.59040324784,,,
T3,1.8,35.11191734215127,21.54434690031882,1e-06,-17344.540017049192,,,
T3,1.8,35.11191734215127,21.54434690031882,1e-05,-2374.199580369749,,,
T3,1.8,35.11191734215127,21.54434690031882,0.0001,-310.40343549810973,,,
T3,1.8,35.11191734215127,21.54434690031882,0.001,-38.53312660586764,,,
T3,1.8,35.11191734215127,21.54434690031882,0.01,-4.818041577174999,,,
T3,1.8,35.11191734215127,21.54434690031882,0.1,-1.2273195829540018,,,
T3,1.8,35.11191734215127,21.54434690031882,1.0,-1.3387421644145665,,,
T3,1.8,35.11191734215127,21.54434690031882,10.0,-2.189429999503978,,,
T3,1.8,35.11191734215127,100.0,1e-10,-3915727.087295088,,,
T3,1.8,35.11191734215127,100.0,1e-09,-559296.1939460356,,,
T3,1.8,35.11191734215127,100.0,1e-08,-104381.01404982063,,,
T3,1.8,35.11191734215127,100.0,1e-07,-41055.90765702681,,,
T3,1.8,35.11191734215127,100.0,1e-06,-14023.534657717562,,,
T3,1.8,35.11191734215127,100.0,1e-05,-2269.9399593390713,,,
T3,1.8,35.11191734215127,100.0,0.0001,-302.1442366337289,,,
T3,1.8,35.11191734215127,100.0,0.001,-37.92685775310362,,,
T3,1.8,35.11191734215127,100.0,0.01,-4.334425868310151,,,
T3,1.8,35.11191734215127,100.0,0.1,-0.9505426850030965,,,
T3,1.8,35.11191734215127,100.0,1.0,-1.3281569622465523,,,
T3,1.8,35.11191734215127,100.0,10.0,-2.207358814793184,,,
T3,1.8,35.11191734215127,464.1588833612773,1e-10,-3552187.8777692034,,,
T3,1.8,35.11191734215127,464.1588833612773,1e-09,-512689.5761365832,,,
T3,1.8,35.11191734215127,464.1588833612773,1e-08,-75710.1538888324,,,
T3,1.8,35.11191734215127,464.1588833612773,1e-07,-17749.433797140468,,,
T3,1.8,35.11191734215127,464.1588833612773,1e-06,-7889.457215630653,,,
T3,1.8,35.11191734215127,464.1588833612773,1e-05,-2023.508312925044,,,
T3,1.8,35.11191734215127,464.1588833612773,0.0001,-290.71274674225253,,,
T3,1.8,35.11191734215127,464.1588833612773,0.001,-37.216142276166856,,,
T3,1.8,35.11191734215127,464.1588833612773,0.01,-4.238221191710677,,,
T3,1.8,35.11191734215127,464.1588833612773,0.1,-0.8553720783572846,,,
T3,1.8,35.11191734215127,464.1588833612773,1.0,-1.2989118366354366,,,
T3,1.8,35.11191734215127,464.1588833612773,10.0,-2.2220267667280913,,,
T3,1.8,35.11191734215127,2154.4346900318824,1e-10,-3071094.7420310937,,,
T3,1.8,35.11191734215127,2154.4346900318824,1e-09,-471175.23725320306,,,
T3,1.8,35.11191734215127,2154.4346900318824,1e-08,-67100.16921368628,,,
T3,1.8,35.11191734215127,2154.4346900318824,1e-07,-10755.44654081919,,,
T3,1.8,35.11191734215127,2154.4346900318824,1e-06,-3313.2889414940464,,,
T3,1.8,35.11191734215127,2154.4346900318824,1e-05,-1395.0330665301592,,,
T3,1.8,35.11191734215127,2154.4346900318824,0.0001,-272.27936371475664,,,
T3,1.8,35.11191734215127,2154.4346900318824,0.001,-35.95855140098488,,,
T3,1.8,35.11191734215127,2154.4346900318824,0.01,-4.204261538228322,,,
T3,1.8,35.11191734215127,2154.4346900318824,0.1,-0.8580371557675541,,,
T3,1.8,35.11191734215127,2154.4346900318824,1.0,-1.2937255800664258,,,
T3,1.8,35.11191734215127,2154.4346900318824,10.0,-2.2299691066581278,,,
T3,1.8,35.11191734215127,10000.0,1e-10,-2358284.961419403,,,
T3,1.8,35.11191734215127,10000.0,1e-09,-419683.28233523684,,,
T3,1.8,35.11191734215127,10000.0,1e-08,-62038.8404905208,,,
T3,1.8,35.11191734215127,10000.0,1e-07,-8858.794652362876,,,
T3,1.8,35.11191734215127,10000.0,1e-06,-1649.8433476842588,,,
T3,1.8,35.11191734215127,10000.0,1e-05,-647.157356409979,,,
T3,1.8,35.11191734215127,10000.0,0.0001,-219.69295024321067,,,
T3,1.8,35.11191734215127,10000.0,0.001,-34.35679296732799,,,
T3,1.8,35.11191734215127,10000.0,0.01,-4.115232326050011,,,
T3,1.8,35.11191734215127,10000.0,0.1,-0.8860154177545768,,,
T3,1.8,35.11191734215127,10000.0,1.0,-1.3178188259701904,,,
T3,1.8,35.11191734215127,10000.0,10.0,-2.2402269823194887,,,
T3,1.8,100.0,0.0001,1e-10,-79680417.77105576,,,
T3,1.8,100.0,0.0001,1e-09,-10267522.247831492,,,
T3,1.8,100.0,0.0001,1e-08,-1534864.5160295998,,,
T3,1.8,100.0,0.0001,1e-07,-303466.6527275862,,,
T3,1.8,100.0,0.0001,1e-06,-46861.92047192881,,,
T3,1.8,100.0,0.0001,1e-05,-6065.762467903673,,,
T3,1.8,100.0,0.0001,0.0001,-763.3748203240632,,,
T3,1.8,100.0,0.0001,0.001,-94.50084756097361,,,
T3,1.8,100.0,0.0001,0.01,-11.157532400825795,,,
T3,1.8,100.0,0.0001,0.1,-1.5677797339547737,,,
T3,1.8,100.0,0.0001,1.0,-1.2661725982529177,,,
T3,1.8,100.0,0.0001,10.0,-2.1339298118850514,,,
T3,1.8,100.0,0.00046415888336127773,1e-10,-79248388.30510232,,,
T3,1.8,100.0,0.00046415888336127773,1e-09,-10066062.371978542,,,
T3,1.8,100.0,0.00046415888336127773,1e-08,-1328044.8022817809,,,
T3,1.8,100.0,0.00046415888336127773,1e-07,-221785.72695230343,,,
T3,1.8,100.0,0.00046415888336127773,1e-06,-42518.77365135472,,,
T3,1.8,100.0,0.00046415888336127773,1e-05,-5995.1328819454775,,,
T3,1.8,100.0,0.00046415888336127773,0.0001,-762.4760108824464,,,
T3,1.8,100.0,0.00046415888336127773,0.001,-94.50364354842044,,,
T3,1.8,100.0,0.00046415888336127773,0.01,-11.165465469099722,,,
T3,1.8,100.0,0.00046415888336127773,0.1,-1.5693811667466862,,,
T3,1.8,100.0,0.00046415888336127773,1.0,-1.2663519553603726,,,
T3,1.8,100.0,0.00046415888336127773,10.0,-2.1339479765603255,,,
T3,1.8,100.0,0.002154434690031882,1e-10,-78216583.28064531,,,
T3,1.8,100.0,0.002154434690031882,1e-09,-10006197.321725283,,,
T3,1.8,100.0,0.002154434690031882,1e-08,-1275521.7824032474,,,
T3,1.8,100.0,0.002154434690031882,1e-07,-176191.0824391158,,,
T3,1.8,100.0,0.002154434690031882,1e-06,-32887.91033868544,,,
T3,1.8,100.0,0.002154434690031882,1e-05,-5701.182004291119,,,
T3,1.8,100.0,0.002154434690031882,0.0001,-758.2961896644526,,,
T3,1.8,100.0,0.002154434690031882,0.001,-94.46802514204543,,,
T3,1.8,100.0,0.002154434690031882,0.01,-11.179398372439085,,,
T3,1.8,100.0,0.002154434690031882,0.1,-1.5749215019429923,,,
T3,1.8,100.0,0.002154434690031882,1.0,-1.2671523241312286,,,
T3,1.8,100.0,0.002154434690031882,10.0,-2.1340319455929024,,,
T3,1.8,100.0,0.01,1e-10,-76047374.1886954,,,
T3,1.8,100.0,0.01,1e-09,-9928709.481296586,,,
T3,1.8,100.0,0.01,1e-08,-1262842.6942154285,,,
T3,1.8,100.0,0.01,1e-07,-162723.40258665144,,,
T3,1.8,100.0,0.01,1e-06,-24321.078871941216,,,
T3,1.8,100.0,0.01,1e-05,-4805.736063746251,,,
T3,1.8,100.0,0.01,0.0001,-739.822761050368,,,
T3,1.8,100.0,0.01,0.001,-94.23959555612596,,,
T3,1.8,100.0,0.01,0.01,-11.194199656098345,,,
T3,1.8,100.0,0.01,0.1,-1.5871295262357858,,,
T3,1.8,100.0,0.01,1.0,-1.2703146750647416,,,
T3,1.8,100.0,0.01,10.0,-2.1344144752894487,,,
T3,1.8,100.0,0.046415888336127774,1e-10,-73852596.2445813,,,
T3,1.8,100.0,0.046415888336127774,1e-09,-9723697.442531956,,,
T3,1.8,100.0,0.046415888336127774,1e-08,-1255995.5247744625,,,
T3,1.8,100.0,0.046415888336127774,1e-07,-159530.51528647877,,,
T3,1.8,100.0,0.046415888336127774,1e-06,-21043.235669904887,,,
T3,1.8,100.0,0.046415888336127774,1e-05,-3511.192844687344,,,
T3,1.8,100.0,0.046415888336127774,0.0001,-671.0043398695316,,,
T3,1.8,100.0,0.046415888336127774,0.001,-93.13866934482878,,,
T3,1.8,100.0,0.046415888336127774,0.01,-11.198561505616848,,,
T3,1.8,100.0,0.046415888336127774,0.1,-1.603952725815138,,,
T3,1.8,100.0,0.046415888336127774,1.0,-1.2792095707153157,,,
T3,1.8,100.0,0.046415888336127774,10.0,-2.1360511364694856,,,
T3,1.8,100.0,0.21544346900318823,1e-10,-71063029.2727936,,,
T3,1.8,100.0,0.21544346900318823,1e-09,-9427671.169431997,,,
T3,1.8,100.0,0.21544346900318823,1e-08,-1239642.5545729976,,,
T3,1.8,100.0,0.21544346900318823,1e-07,-158581.75576023792,,,
T3,1.8,100.0,0.21544346900318823,1e-06,-20210.8371437381,,,
T3,1.8,100.0,0.21544346900318823,1e-05,-2788.588693769457,,,
T3,1.8,100.0,0.21544346900318823,0.0001,-518.3773557672624,,,
T3,1.8,100.0,0.21544346900318823,0.001,-88.49712266372316,,,
T3,1.8,100.0,0.21544346900318823,0.01,-11.15096787601937,,,
T3,1.8,100.0,0.21544346900318823,0.1,-1.621750242375775,,,
T3,1.8,100.0,0.21544346900318823,1.0,-1.2943600527434171,,,
T3,1.8,100.0,0.21544346900318823,10.0,-2.1416865062190764,,,
T3,1.8,100.0,1.0,1e-10,-62465091.05308664,,,
T3,1.8,100.0,1.0,1e-09,-9157514.425049093,,,
T3,1.8,100.0,1.0,1e-08,-1205262.9262230594,,,
T3,1.8,100.0,1.0,1e-07,-157353.69435015105,,,
T3,1.8,100.0,1.0,1e-06,-20009.924407105173,,,
T3,1.8,100.0,1.0,1e-05,-2575.1730542391733,,,
T3,1.8,100.0,1.0,0.0001,-382.61824963144454,,,
T3,1.8,100.0,1.0,0.001,-74.31900941944988,,,
T3,1.8,100.0,1.0,0.01,-10.876256631130662,,,
T3,1.8,100.0,1.0,0.1,-1.6368184867753512,,,
T3,1.8,100.0,1.0,1.0,-1.312422624864098,,,
T3,1.8,100.0,1.0,10.0,-2.1540287549848154,,,
T3,1.8,100.0,4.641588833612772,1e-10,-41261347.28828256,,,
T3,1.8,100.0,4.641588833612772,1e-09,-8562703.787011292,,,
T3,1.8,100.0,4.641588833612772,1e-08,-1170478.1730590856,,,
T3,1.8,100.0,4.641588833612772,1e-07,-154104.51411344117,,,
T3,1.8,100.0,4.641588833612772,1e-06,-19901.44214833955,,,
T3,1.8,100.0,4.641588833612772,1e-05,-2524.6057823846972,,,
T3,1.8,100.0,4.641588833612772,0.0001,-330.69629799488814,,,
T3,1.8,100.0,4.641588833612772,0.001,-53.81409516577308,,,
T3,1.8,100.0,4.641588833612772,0.01,-9.801375275845558,,,
T3,1.8,100.0,4.641588833612772,0.1,-1.6378472706182556,,,
T3,1.8,100.0,4.641588833612772,1.0,-1.3310987746921001,,,
T3,1.8,100.0,4.641588833612772,10.0,-2.1710742708943487,,,
T3,1.8,100.0,21.54434690031882,1e-10,-18580247.647331964,,,
T3,1.8,100.0,21.54434690031882,1e-09,-6723253.323521575,,,
T3,1.8,100.0,21.54434690031882,1e-08,-1126267.402665646,,,
T3,1.8,100.0,21.54434690031882,1e-07,-149412.8673529372,,,
T3,1.8,100.0,21.54434690031882,1e-06,-19642.304523961902,,,
T3,1.8,100.0,21.54434690031882,1e-05,-2509.6066404939556,,,
T3,1.8,100.0,21.54434690031882,0.0001,-317.5389119932048,,,
T3,1.8,100.0,21.54434690031882,0.001,-42.383857279828426,,,
T3,1.8,100.0,21.54434690031882,0.01,-7.394313510705558,,,
T3,1.8,100.0,21.54434690031882,0.1,-1.5815444812679567,,,
T3,1.8,100.0,21.54434690031882,1.0,-1.3489965388399585,,,
T3,1.8,100.0,21.54434690031882,10.0,-2.189718372781031,,,
T3,1.8,100.0,100.0,1e-10,-8245066.618599037,,,
T3,1.8,100.0,100.0,1e-09,-3608933.0565922903,,,
T3,1.8,100.0,100.0,1e-08,-989996.2580196807,,,
T3,1.8,100.0,100.0,1e-07,-145131.2084143066,,,
T3,1.8,100.0,100.0,1e-06,-19097.46686505519,,,
T3,1.8,100.0,100.0,1e-05,-2490.1817058086867,,,
T3,1.8,100.0,100.0,0.0001,-314.3919339399699,,,
T3,1.8,100.0,100.0,0.001,-39.034149045635566,,,
T3,1.8,100.0,100.0,0.01,-5.258699270461591,,,
T3,1.8,100.0,100.0,0.1,-1.3705850392373715,,,
T3,1.8,100.0,100.0,1.0,-1.362715526651399,,,
T3,1.8,100.0,100.0,10.0,-2.208645797717381,,,
T3,1.8,100.0,464.1588833612773,1e-10,-5224728.11145657,,,
T3,1.8,100.0,464.1588833612773,1e-09,-1510787.1833841568,,,
T3,1.8,100.0,464.1588833612773,1e-08,-653943.6870868902,,,
T3,1.8,100.0,464.1588833612773,1e-07,-135704.20038173697,,,
T3,1.8,100.0,464.1588833612773,1e-06,-18546.21669833876,,,
T3,1.8,100.0,464.1588833612773,1e-05,-2438.7267441013846,,,
T3,1.8,100.0,464.1588833612773,0.0001,-312.7106408101836,,,
T3,1.8,100.0,464.1588833612773,0.001,-38.26929296598083,,,
T3,1.8,100.0,464.1588833612773,0.01,-4.464153921496443,,,
T3,1.8,100.0,464.1588833612773,0.1,-1.0578171476884477,,,
T3,1.8,100.0,464.1588833612773,1.0,-1.3614969223910318,,,
T3,1.8,100.0,464.1588833612773,10.0,-2.2271393912622255,,,
T3,1.8,100.0,2154.4346900318824,1e-10,-4375878.840574871,,,
T3,1.8,100.0,2154.4346900318824,1e-09,-787281.7218001528,,,
T3,1.8,100.0,2154.4346900318824,1e-08,-294467.51427396864,,,
T3,1.8,100.0,2154.4346900318824,1e-07,-106550.77482718781,,,
T3,1.8,100.0,2154.4346900318824,1e-06,-17845.565319990696,,,
T3,1.8,100.0,2154.4346900318824,1e-05,-2364.4158770568492,,,
T3,1.8,100.0,2154.4346900318824,0.0001,-308.6430181752028,,,
T3,1.8,100.0,2154.4346900318824,0.001,-38.06925378321112,,,
T3,1.8,100.0,2154.4346900318824,0.01,-4.290864962491009,,,
T3,1.8,100.0,2154.4346900318824,0.1,-0.8989261958158217,,,
T3,1.8,100.0,2154.4346900318824,1.0,-1.3352604800598171,,,
T3,1.8,100.0,2154.4346900318824,10.0,-2.2435078202086,,,
T3,1.8,100.0,10000.0,1e-10,-3958782.133317648,,,
T3,1.8,100.0,10000.0,1e-09,-588127.566488085,,,
T3,1.8,100.0,10000.0,1e-08,-130675.57829888554,,,
T3,1.8,100.0,10000.0,1e-07,-57192.62132769466,,,
T3,1.8,100.0,10000.0,1e-06,-15685.900534047003,,,
T3,1.8,100.0,10000.0,1e-05,-2296.6087731638067,,,
T3,1.8,100.0,10000.0,0.0001,-300.0515305407679,,,
T3,1.8,100.0,10000.0,0.001,-37.79992555972507,,,
T3,1.8,100.0,10000.0,0.01,-4.278263055717785,,,
T3,1.8,100.0,10000.0,0.1,-0.8785386076459432,,,
T3,1.8,100.0,10000.0,1.0,-1.3174358664456107,,,
T3,1.8,100.0,10000.0,10.0,-2.2539128479721784,,,
T3,2.0,0.001,0.0001,1e-10,-2606.378957828746,,,
T3,2.0,0.001,0.0001,1e-09,-2606.3554719769227,,,
T3,2.0,0.001,0.0001,1e-08,-2606.120636709598,,,
T3,2.0,0.001,0.0001,1e-07,-2603.774606805393,,,
T3,2.0,0.001,0.0001,1e-06,-2580.544287123255,,,
T3,2.0,0.001,0.0001,1e-05,-2369.1503316614076,,,
T3,2.0,0.001,0.0001,0.0001,-1301.6942414608543,,,
T3,2.0,0.001,0.0001,0.001,-234.79160680604463,,,
T3,2.0,0.001,0.0001,0.01,-24.46358404174334,,,
T3,2.0,0.001,0.0001,0.1,-2.375606075582201,,,
T3,2.0,0.001,0.0001,1.0,-1.1799692125413273,,,
T3,2.0,0.001,0.0001,10.0,-2.096336496662993,,,
T3,2.0,0.001,0.00046415888336127773,1e-10,-559.4032366308218,,,
T3,2.0,0.001,0.00046415888336127773,1e-09,-559.4021472653608,,,
T3,2.0,0.001,0.00046415888336127773,1e-08,-559.3912538431971,,,
T3,2.0,0.001,0.00046415888336127773,1e-07,-559.2823428613673,,,
T3,2.0,0.001,0.00046415888336127773,1e-06,-558.1955520318659,,,
T3,2.0,0.001,0.00046415888336127773,1e-05,-547.5546560474727,,,
T3,2.0,0.001,0.00046415888336127773,0.0001,-459.8264981848062,,,
T3,2.0,0.001,0.00046415888336127773,0.001,-175.9196745350825,,,
T3,2.0,0.001,0.00046415888336127773,0.01,-23.581968631402724,,,
T3,2.0,0.001,0.00046415888336127773,0.1,-2.367970321547488,,,
T3,2.0,0.001,0.00046415888336127773,1.0,-1.180056246297426,,,
T3,2.0,0.001,0.00046415888336127773,10.0,-2.096353753667813,,,
T3,2.0,0.001,0.002154434690031882,1e-10,-118.99743498614221,,,
T3,2.0,0.001,0.002154434690031882,1e-09,-118.99738458605407,,,
T3,2.0,0.001,0.002154434690031882,1e-08,-118.99688058749277,,,
T3,2.0,0.001,0.002154434690031882,1e-07,-118.99184083394532,,,
T3,2.0,0.001,0.002154434690031882,1e-06,-118.9414664942249,,,
T3,2.0,0.001,0.002154434690031882,1e-05,-118.44003195904334,,,
T3,2.0,0.001,0.002154434690031882,0.0001,-113.64633471674456,,,
T3,2.0,0.001,0.002154434690031882,0.001,-80.78227227571882,,,
T3,2.0,0.001,0.002154434690031882,0.01,-20.188109463602725,,,
T3,2.0,0.001,0.002154434690031882,0.1,-2.333325289519696,,,
T3,2.0,0.001,0.002154434690031882,1.0,-1.1804602585418684,,,
T3,2.0,0.001,0.002154434690031882,10.0,-2.096433845814974,,,
T3,2.0,0.001,0.01,1e-10,-24.71703117467103,,,
T3,2.0,0.001,0.01,1e-09,-24.717028870610264,,,
T3,2.0,0.001,0.01,1e-08,-24.717005830025677,,,
T3,2.0,0.001,0.01,1e-07,-24.716775426482947,,,
T3,2.0,0.001,0.01,1e-06,-24.714471621359607,,,
T3,2.0,0.001,0.01,1e-05,-24.691456577457263,,,
T3,2.0,0.001,0.01,0.0001,-24.46358404174333,,,
T3,2.0,0.001,0.01,0.001,-22.391897612355685,,,
T3,2.0,0.001,0.01,0.01,-12.013266025724189,,,
T3,2.0,0.001,0.01,0.1,-2.188089984834101,,,
T3,2.0,0.001,0.01,1.0,-1.1823362529923176,,,
T3,2.0,0.001,0.01,10.0,-2.096805433255317,,,
T3,2.0,0.001,0.046415888336127774,1e-10,-5.007102403105749,,,
T3,2.0,0.001,0.046415888336127774,1e-09,-5.0071023037669535,,,
T3,2.0,0.001,0.046415888336127774,1e-08,-5.0071013103792215,,,
T3,2.0,0.001,0.046415888336127774,1e-07,-5.0070913765241265,,,
T3,2.0,0.001,0.046415888336127774,1e-06,-5.006992040195305,,,
T3,2.0,0.001,0.046415888336127774,1e-05,-5.005998899071046,,,
T3,2.0,0.001,0.046415888336127774,0.0001,-4.996089655770824,,,
T3,2.0,0.001,0.046415888336127774,0.001,-4.899166594083537,,,
T3,2.0,0.001,0.046415888336127774,0.01,-4.1079127768794335,,,
T3,2.0,0.001,0.046415888336127774,0.1,-1.7409261867069667,,,
T3,2.0,0.001,0.046415888336127774,1.0,-1.1910532733960215,,,
T3,2.0,0.001,0.046415888336127774,10.0,-2.098526593739647,,,
T3,2.0,0.001,0.21544346900318823,1e-10,-1.3628963236458342,,,
T3,2.0,0.001,0.21544346900318823,1e-09,-1.3628963206736509,,,
T3,2.0,0.001,0.21544346900318823,1e-08,-1.3628962909518176,,,
T3,2.0,0.001,0.21544346900318823,1e-07,-1.3628959937336649,,,
T3,2.0,0.001,0.21544346900318823,1e-06,-1.362893021570599,,,
T3,2.0,0.001,0.21544346900318823,1e-05,-1.362863301785504,,,
T3,2.0,0.001,0.21544346900318823,0.0001,-1.3625662883982785,,,
T3,2.0,0.001,0.21544346900318823,0.001,-1.3596145083945175,,,
T3,2.0,0.001,0.21544346900318823,0.01,-1.3318438535614046,,,
T3,2.0,0.001,0.21544346900318823,0.1,-1.169478704457347,,,
T3,2.0,0.001,0.21544346900318823,1.0,-1.2312350510434666,,,
T3,2.0,0.001,0.21544346900318823,10.0,-2.1064390689121293,,,
T3,2.0,0.001,1.0,1e-10,-1.1799453131332436,,,
T3,2.0,0.001,1.0,1e-09,-1.1799453133483375,,,
T3,2.0,0.001,1.0,1e-08,-1.1799453154992765,,,
T3,2.0,0.001,1.0,1e-07,-1.1799453370086666,,,
T3,2.0,0.001,1.0,1e-06,-1.1799455521025757,,,
T3,2.0,0.001,1.0,1e-05,-1.179947703042646,,,
T3,2.0,0.001,1.0,0.0001,-1.1799692125413273,,,
T3,2.0,0.001,1.0,0.001,-1.1801843172420152,,,
T3,2.0,0.001,1.0,0.01,-1.1823362529923176,,,
T3,2.0,0.001,1.0,0.1,-1.2038725139292639,,,
T3,2.0,0.001,1.0,1.0,-1.3960155134369812,,,
T3,2.0,0.001,1.0,10.0,-2.141614058686101,,,
T3,2.0,0.001,4.641588833612772,1e-10,-1.7426991036415955,,,
T3,2.0,0.001,4.641588833612772,1e-09,-1.7426991037276416,,,
T3,2.0,0.001,4.641588833612772,1e-08,-1.7426991045881035,,,
T3,2.0,0.001,4.641588833612772,1e-07,-1.742699113192722,,,
T3,2.0,0.001,4.641588833612772,1e-06,-1.7426991992388987,,,
T3,2.0,0.001,4.641588833612772,1e-05,-1.742700059699865,,,
T3,2.0,0.001,4.641588833612772,0.0001,-1.7427086642293919,,,
T3,2.0,0.001,4.641588833612772,0.001,-1.7427947015121852,,,
T3,2.0,0.001,4.641588833612772,0.01,-1.7436542740739767,,,
T3,2.0,0.001,4.641588833612772,0.1,-1.7521709416137496,,,
T3,2.0,0.001,4.641588833612772,1.0,-1.8302861648642683,,,
T3,2.0,0.001,4.641588833612772,10.0,-2.278697945287316,,,
T3,2.0,0.001,21.54434690031882,1e-10,-2.466110123410698,,,
T3,2.0,0.001,21.54434690031882,1e-09,-2.466110123431079,,,
T3,2.0,0.001,21.54434690031882,1e-08,-2.4661101236348903,,,
T3,2.0,0.001,21.54434690031882,1e-07,-2.466110125672996,,,
T3,2.0,0.001,21.54434690031882,1e-06,-2.4661101460540555,,,
T3,2.0,0.001,21.54434690031882,1e-05,-2.4661103498646035,,,
T3,2.0,0.001,21.54434690031882,0.0001,-2.466112387965519,,,
T3,2.0,0.001,21.54434690031882,0.001,-2.4661327685180487,,,
T3,2.0,0.001,21.54434690031882,0.01,-2.4663365283941596,,,
T3,2.0,0.001,21.54434690031882,0.1,-2.4683695759422166,,,
T3,2.0,0.001,21.54434690031882,1.0,-2.4882581869841465,,,
T3,2.0,0.001,21.54434690031882,10.0,-2.652910010801979,,,
T3,2.0,0.001,100.0,1e-10,-3.224133693998263,,,
T3,2.0,0.001,100.0,1e-09,-3.2241336940027394,,,
T3,2.0,0.001,100.0,1e-08,-3.2241336940475036,,,
T3,2.0,0.001,100.0,1e-07,-3.224133694495155,,,
T3,2.0,0.001,100.0,1e-06,-3.2241336989716642,,,
T3,2.0,0.001,100.0,1e-05,-3.2241337437367563,,,
T3,2.0,0.001,100.0,0.0001,-3.2241341913874506,,,
T3,2.0,0.001,100.0,0.001,-3.224138667872348,,,
T3,2.0,0.001,100.0,0.01,-3.2241834305172494,,,
T3,2.0,0.001,100.0,0.1,-3.224630836703968,,,
T3,2.0,0.001,100.0,1.0,-3.229083017168913,,,
T3,2.0,0.001,100.0,10.0,-3.271551505009105,,,
T3,2.0,0.001,464.1588833612773,1e-10,-3.989614312591134,,,
T3,2.0,0.001,464.1588833612773,1e-09,-3.989614312592103,,,
T3,2.0,0.001,464.1588833612773,1e-08,-3.9896143126017862,,,
T3,2.0,0.001,464.1588833612773,1e-07,-3.9896143126986274,,,
T3,2.0,0.001,464.1588833612773,1e-06,-3.989614313667032,,,
T3,2.0,0.001,464.1588833612773,1e-05,-3.989614323351085,,,
T3,2.0,0.001,464.1588833612773,0.0001,-3.9896144201916,,,
T3,2.0,0.001,464.1588833612773,0.001,-3.9896153885957277,,,
T3,2.0,0.001,464.1588833612773,0.01,-3.989625072533838,,,
T3,2.0,0.001,464.1588833612773,0.1,-3.9897219016007015,,,
T3,2.0,0.001,464.1588833612773,1.0,-3.9906891623211136,,,
T3,2.0,0.001,464.1588833612773,10.0,-4.0002602271531575,,,
T3,2.0,0.001,2154.4346900318824,1e-10,-4.756701503476949,,,
T3,2.0,0.001,2154.4346900318824,1e-09,-4.756701503477157,,,
T3,2.0,0.001,2154.4346900318824,1e-08,-4.7567015034792455,,,
T3,2.0,0.001,2154.4346900318824,1e-07,-4.756701503500128,,,
T3,2.0,0.001,2154.4346900318824,1e-06,-4.756701503708948,,,
T3,2.0,0.001,2154.4346900318824,1e-05,-4.756701505797158,,,
T3,2.0,0.001,2154.4346900318824,0.0001,-4.756701526679246,,,
T3,2.0,0.001,2154.4346900318824,0.001,-4.756701735500082,,,
T3,2.0,0.001,2154.4346900318824,0.01,-4.756703823703637,,,
T3,2.0,0.001,2154.4346900318824,0.1,-4.756724705259542,,,
T3,2.0,0.001,2154.4346900318824,1.0,-4.7569334728682815,,,
T3,2.0,0.001,2154.4346900318824,10.0,-4.759016368691816,,,
T3,2.0,0.001,10000.0,1e-10,-5.524134819870759,,,
T3,2.0,0.001,10000.0,1e-09,-5.524134819870804,,,
T3,2.0,0.001,10000.0,1e-08,-5.5241348198712545,,,
T3,2.0,0.001,10000.0,1e-07,-5.524134819875754,,,
T3,2.0,0.001,10000.0,1e-06,-5.524134819920752,,,
T3,2.0,0.001,10000.0,1e-05,-5.524134820370728,,,
T3,2.0,0.001,10000.0,0.0001,-5.524134824870493,,,
T3,2.0,0.001,10000.0,0.001,-5.524134869868142,,,
T3,2.0,0.001,10000.0,0.01,-5.524135319844403,,,
T3,2.0,0.001,10000.0,0.1,-5.52413981958475,,,
T3,2.0,0.001,10000.0,1.0,-5.524184814761115,,,
T3,2.0,0.001,10000.0,10.0,-5.5246345439626925,,,
T3,2.0,0.002848035868435802,0.0001,1e-10,-2606.3775264210717,,,
T3,2.0,0.002848035868435802,0.0001,1e-09,-2606.3540405950143,,,
T3,2.0,0.002848035868435802,0.0001,1e-08,-2606.1192055853016,,,
T3,2.0,0.002848035868435802,0.0001,1e-07,-2603.773178253389,,,
T3,2.0,0.002848035868435802,0.0001,1e-06,-2580.5428839171536,,,
T3,2.0,0.002848035868435802,0.0001,1e-05,-2369.149148677433,,,
T3,2.0,0.002848035868435802,0.0001,0.0001,-1301.6938836081201,,,
T3,2.0,0.002848035868435802,0.0001,0.001,-234.79159497619952,,,
T3,2.0,0.002848035868435802,0.0001,0.01,-24.463583901422652,,,
T3,2.0,0.002848035868435802,0.0001,0.1,-2.3756060741536476,,,
T3,2.0,0.002848035868435802,0.0001,1.0,-1.179969212527016,,,
T3,2.0,0.002848035868435802,0.0001,10.0,-2.0963364966628495,,,
T3,2.0,0.002848035868435802,0.00046415888336127773,1e-10,-559.4029282429033,,,
T3,2.0,0.002848035868435802,0.00046415888336127773,1e-09,-559.401838878638,,,
T3,2.0,0.002848035868435802,0.00046415888336127773,1e-08,-559.3909454684333,,,
T3,2.0,0.002848035868435802,0.00046415888336127773,1e-07,-559.2820346061533,,,
T3,2.0,0.002848035868435802,0.00046415888336127773,1e-06,-558.1952449683357,,,
T3,2.0,0.002848035868435802,0.00046415888336127773,1e-05,-547.5543605300446,,,
T3,2.0,0.002848035868435802,0.00046415888336127773,0.0001,-459.82628943405007,,,
T3,2.0,0.002848035868435802,0.00046415888336127773,0.001,-175.91964354272392,,,
T3,2.0,0.002848035868435802,0.00046415888336127773,0.01,-23.581968024635014,,,
T3,2.0,0.002848035868435802,0.00046415888336127773,0.1,-2.3679703149647158,,,
T3,2.0,0.002848035868435802,0.00046415888336127773,1.0,-1.180056246231047,,,
T3,2.0,0.002848035868435802,0.00046415888336127773,10.0,-2.096353753667149,,,
T3,2.0,0.002848035868435802,0.002154434690031882,1e-10,-118.99736854595676,,,
T3,2.0,0.002848035868435802,0.002154434690031882,1e-09,-118.99731814592405,,,
T3,2.0,0.002848035868435802,0.002154434690031882,1e-08,-118.99681414791789,,,
T3,2.0,0.002848035868435802,0.002154434690031882,1e-07,-118.99177439992097,,,
T3,2.0,0.002848035868435802,0.002154434690031882,1e-06,-118.9414001156679,,,
T3,2.0,0.002848035868435802,0.002154434690031882,1e-05,-118.43996613135982,,,
T3,2.0,0.002848035868435802,0.002154434690031882,0.0001,-113.6462740400049,,,
T3,2.0,0.002848035868435802,0.002154434690031882,0.001,-80.7822412833665,,,
T3,2.0,0.002848035868435802,0.002154434690031882,0.01,-20.18810737609442,,,
T3,2.0,0.002848035868435802,0.002154434690031882,0.1,-2.333325259967937,,,
T3,2.0,0.002848035868435802,0.002154434690031882,1.0,-1.1804602582348047,,,
T3,2.0,0.002848035868435802,0.002154434690031882,10.0,-2.096433845811892,,,
T3,2.0,0.002848035868435802,0.01,1e-10,-24.717016860565927,,,
T3,2.0,0.002848035868435802,0.01,1e-09,-24.717014556507728,,,
T3,2.0,0.002848035868435802,0.01,1e-08,-24.716991515948898,,,
T3,2.0,0.002848035868435802,0.01,1e-07,-24.716761112663818,,,
T3,2.0,0.002848035868435802,0.01,1e-06,-24.714457310116597,,,
T3,2.0,0.002848035868435802,0.01,1e-05,-24.691442291937186,,,
T3,2.0,0.002848035868435802,0.01,0.0001,-24.46357000968228,,,
T3,2.0,0.002848035868435802,0.01,0.001,-22.391885782515907,,,
T3,2.0,0.002848035868435802,0.01,0.01,-12.013262447196842,,,
T3,2.0,0.002848035868435802,0.01,0.1,-2.1880898665356496,,,
T3,2.0,0.002848035868435802,0.01,1.0,-1.182336251589111,,,
T3,2.0,0.002848035868435802,0.01,10.0,-2.0968054332410317,,,
T3,2.0,0.002848035868435802,0.046415888336127774,1e-10,-5.007099319225209,,,
T3,2.0,0.002848035868435802,0.046415888336127774,1e-09,-5.007099219886532,,,
T3,2.0,0.002848035868435802,0.046415888336127774,1e-08,-5.007098226499997,,,
T3,2.0,0.002848035868435802,0.046415888336127774,1e-07,-5.007088292656861,,,
T3,2.0,0.002848035868435802,0.046415888336127774,1e-06,-5.0069889564476275,,,
T3,2.0,0.002848035868435802,0.046415888336127774,1e-05,-5.005995816518866,,,
T3,2.0,0.002848035868435802,0.046415888336127774,0.0001,-4.996086585135484,,,
T3,2.0,0.002848035868435802,0.046415888336127774,0.001,-4.899163638909219,,,
T3,2.0,0.002848035868435802,0.046415888336127774,0.01,-4.107910689371846,,,
T3,2.0,0.002848035868435802,0.046415888336127774,0.1,-1.7409258767833766,,,
T3,2.0,0.002848035868435802,0.046415888336127774,1.0,-1.1910532673283443,,,
T3,2.0,0.002848035868435802,0.046415888336127774,10.0,-2.0985265936738196,,,
T3,2.0,0.002848035868435802,0.21544346900318823,1e-10,-1.3628956592438803,,,
T3,2.0,0.002848035868435802,0.21544346900318823,1e-09,-1.3628956562717025,,,
T3,2.0,0.002848035868435802,0.21544346900318823,1e-08,-1.3628956265499241,,,
T3,2.0,0.002848035868435802,0.21544346900318823,1e-07,-1.3628953293323267,,,
T3,2.0,0.002848035868435802,0.21544346900318823,1e-06,-1.3628923571748117,,,
T3,2.0,0.002848035868435802,0.21544346900318823,1e-05,-1.362862637445222,,,
T3,2.0,0.002848035868435802,0.21544346900318823,0.0001,-1.3625656246126705,,,
T3,2.0,0.002848035868435802,0.21544346900318823,0.001,-1.3596138501176445,,,
T3,2.0,0.002848035868435802,0.21544346900318823,0.01,-1.331843246793973,,,
T3,2.0,0.002848035868435802,0.21544346900318823,0.1,-1.1694783945338063,,,
T3,2.0,0.002848035868435802,0.21544346900318823,1.0,-1.231235030168382,,,
T3,2.0,0.002848035868435802,0.21544346900318823,10.0,-2.106439068616612,,,
T3,2.0,0.002848035868435802,1.0,1e-10,-1.1799451699921513,,,
T3,2.0,0.002848035868435802,1.0,1e-09,-1.1799451702072452,,,
T3,2.0,0.002848035868435802,1.0,1e-08,-1.1799451723581869,,,
T3,2.0,0.002848035868435802,1.0,1e-07,-1.1799451938676024,,,
T3,2.0,0.002848035868435802,1.0,1e-06,-1.1799454089617691,,,
T3,2.0,0.002848035868435802,1.0,1e-05,-1.179947559904416,,,
T3,2.0,0.002848035868435802,1.0,0.0001,-1.1799690694288587,,,
T3,2.0,0.002848035868435802,1.0,0.001,-1.180184174386776,,,
T3,2.0,0.002848035868435802,1.0,0.01,-1.1823361126716696,,,
T3,2.0,0.002848035868435802,1.0,0.1,-1.2038723956308344,,,
T3,2.0,0.002848035868435802,1.0,1.0,-1.396015477651698,,,
T3,2.0,0.002848035868435802,1.0,10.0,-2.141614057503116,,,
T3,2.0,0.002848035868435802,4.641588833612772,1e-10,-1.7426990728027512,,,
T3,2.0,0.002848035868435802,4.641588833612772,1e-09,-1.7426990728887977,,,
T3,2.0,0.002848035868435802,4.641588833612772,1e-08,-1.7426990737492596,,,
T3,2.0,0.002848035868435802,4.641588833612772,1e-07,-1.742699082353879,,,
T3,2.0,0.002848035868435802,4.641588833612772,1e-06,-1.7426991684000679,,,
T3,2.0,0.002848035868435802,4.641588833612772,1e-05,-1.7427000288611534,,,
T3,2.0,0.002848035868435802,4.641588833612772,0.0001,-1.7427086333918766,,,
T3,2.0,0.002848035868435802,4.641588833612772,0.001,-1.742794670686625,,,
T3,2.0,0.002848035868435802,4.641588833612772,0.01,-1.7436542433675855,,,
T3,2.0,0.002848035868435802,4.641588833612772,0.1,-1.7521709120619697,,,
T3,2.0,0.002848035868435802,4.641588833612772,1.0,-1.8302861439891664,,,
T3,2.0,0.002848035868435802,4.641588833612772,10.0,-2.2786979421880766,,,
T3,2.0,0.002848035868435802,21.54434690031882,1e-10,-2.4661101167666404,,,
T3,2.0,0.002848035868435802,21.54434690031882,1e-09,-2.4661101167870214,,,
T3,2.0,0.002848035868435802,21.54434690031882,1e-08,-2.466110116990832,,,
T3,2.0,0.002848035868435802,21.54434690031882,1e-07,-2.466110119028938,,,
T3,2.0,0.002848035868435802,21.54434690031882,1e-06,-2.466110139409998,,,
T3,2.0,0.002848035868435802,21.54434690031882,1e-05,-2.466110343220552,,,
T3,2.0,0.002848035868435802,21.54434690031882,0.0001,-2.466112381321523,,,
T3,2.0,0.002848035868435802,21.54434690031882,0.001,-2.466132761874607,,,
T3,2.0,0.002848035868435802,21.54434690031882,0.01,-2.466336521756266,,,
T3,2.0,0.002848035868435802,21.54434690031882,0.1,-2.4683695693594094,,,
T3,2.0,0.002848035868435802,21.54434690031882,1.0,-2.488258180916437,,,
T3,2.0,0.002848035868435802,21.54434690031882,10.0,-2.6529100077027263,,,
T3,2.0,0.002848035868435802,100.0,1e-10,-3.224133692566813,,,
T3,2.0,0.002848035868435802,100.0,1e-09,-3.2241336925712902,,,
T3,2.0,0.002848035868435802,100.0,1e-08,-3.2241336926160544,,,
T3,2.0,0.002848035868435802,100.0,1e-07,-3.224133693063706,,,
T3,2.0,0.002848035868435802,100.0,1e-06,-3.224133697540215,,,
T3,2.0,0.002848035868435802,100.0,1e-05,-3.2241337423053067,,,
T3,2.0,0.002848035868435802,100.0,0.0001,-3.224134189956003,,,
T3,2.0,0.002848035868435802,100.0,0.001,-3.2241386664409277,,,
T3,2.0,0.002848035868435802,100.0,0.01,-3.2241834290860867,,,
T3,2.0,0.002848035868435802,100.0,0.1,-3.224630835275377,,,
T3,2.0,0.002848035868435802,100.0,1.0,-3.2290830157656685,,,
T3,2.0,0.002848035868435802,100.0,10.0,-3.271551503826089,,,
T3,2.0,0.002848035868435802,464.1588833612773,1e-10,-3.989614312282707,,,
T3,2.0,0.002848035868435802,464.1588833612773,1e-09,-3.9896143122836762,,,
T3,2.0,0.002848035868435802,464.1588833612773,1e-08,-3.9896143122933596,,,
T3,2.0,0.002848035868435802,464.1588833612773,1e-07,-3.9896143123902,,,
T3,2.0,0.002848035868435802,464.1588833612773,1e-06,-3.9896143133586053,,,
T3,2.0,0.002848035868435802,464.1588833612773,1e-05,-3.9896143230426575,,,
T3,2.0,0.002848035868435802,464.1588833612773,0.0001,-3.989614419883174,,,
T3,2.0,0.002848035868435802,464.1588833612773,0.001,-3.9896153882873016,,,
T3,2.0,0.002848035868435802,464.1588833612773,0.01,-3.9896250722254245,,,
T3,2.0,0.002848035868435802,464.1588833612773,0.1,-3.989721901292408,,,
T3,2.0,0.002848035868435802,464.1588833612773,1.0,-3.990689162014011,,,
T3,2.0,0.002848035868435802,464.1588833612773,10.0,-4.000260226857603,,,
T3,2.0,0.002848035868435802,2154.4346900318824,1e-10,-4.75670150341047,,,
T3,2.0,0.002848035868435802,2154.4346900318824,1e-09,-4.756701503410679,,,
T3,2.0,0.002848035868435802,2154.4346900318824,1e-08,-4.756701503412767,,,
T3,2.0,0.002848035868435802,2154.4346900318824,1e-07,-4.756701503433648,,,
T3,2.0,0.002848035868435802,2154.4346900318824,1e-06,-4.75670150364247,,,
T3,2.0,0.002848035868435802,2154.4346900318824,1e-05,-4.756701505730678,,,
T3,2.0,0.002848035868435802,2154.4346900318824,0.0001,-4.756701526612767,,,
T3,2.0,0.002848035868435802,2154.4346900318824,0.001,-4.756701735433602,,,
T3,2.0,0.002848035868435802,2154.4346900318824,0.01,-4.756703823637158,,,
T3,2.0,0.002848035868435802,2154.4346900318824,0.1,-4.756724705193069,,,
T3,2.0,0.002848035868435802,2154.4346900318824,1.0,-4.756933472801865,,,
T3,2.0,0.002848035868435802,2154.4346900318824,10.0,-4.75901636862595,,,
T3,2.0,0.002848035868435802,10000.0,1e-10,-5.524134819856406,,,
T3,2.0,0.002848035868435802,10000.0,1e-09,-5.524134819856451,,,
T3,2.0,0.002848035868435802,10000.0,1e-08,-5.524134819856902,,,
T3,2.0,0.002848035868435802,10000.0,1e-07,-5.524134819861401,,,
T3,2.0,0.002848035868435802,10000.0,1e-06,-5.5241348199064,,,
T3,2.0,0.002848035868435802,10000.0,1e-05,-5.524134820356375,,,
T3,2.0,0.002848035868435802,10000.0,0.0001,-5.52413482485614,,,
T3,2.0,0.002848035868435802,10000.0,0.001,-5.524134869853788,,,
T3,2.0,0.002848035868435802,10000.0,0.01,-5.524135319830051,,,
T3,2.0,0.002848035868435802,10000.0,0.1,-5.524139819570398,,,
T3,2.0,0.002848035868435802,10000.0,1.0,-5.524184814746764,,,
T3,2.0,0.002848035868435802,10000.0,10.0,-5.52463454394837,,,
T3,2.0,0.008111308307896872,0.0001,1e-10,-2503.6603300199868,,,
T3,2.0,0.008111308307896872,0.0001,1e-09,-2503.6386559495722,,,
T3,2.0,0.008111308307896872,0.0001,1e-08,-2503.421935859837,,,
T3,2.0,0.008111308307896872,0.0001,1e-07,-2501.256794426891,,,
T3,2.0,0.008111308307896872,0.0001,1e-06,-2479.809368632122,,,
T3,2.0,0.008111308307896872,0.0001,1e-05,-2283.947667212688,,,
T3,2.0,0.008111308307896872,0.0001,0.0001,-1275.488389014042,,,
T3,2.0,0.008111308307896872,0.0001,0.001,-233.91053214867216,,,
T3,2.0,0.008111308307896872,0.0001,0.01,-24.453097715641203,,,
T3,2.0,0.008111308307896872,0.0001,0.1,-2.375499278454645,,,
T3,2.0,0.008111308307896872,0.0001,1.0,-1.1799681426068123,,,
T3,2.0,0.008111308307896872,0.0001,10.0,-2.0963364859616815,,,
T3,2.0,0.008111308307896872,0.00046415888336127773,1e-10,-537.2729755092001,,,
T3,2.0,0.008111308307896872,0.00046415888336127773,1e-09,-537.2719702409074,,,
T3,2.0,0.008111308307896872,0.00046415888336127773,1e-08,-537.2619177640603,,,
T3,2.0,0.008111308307896872,0.00046415888336127773,1e-07,-537.1614135993321,,,
T3,2.0,0.008111308307896872,0.00046415888336127773,1e-06,-536.1584280739833,,,
T3,2.0,0.008111308307896872,0.00046415888336127773,1e-05,-526.3300189481348,,,
T3,2.0,0.008111308307896872,0.00046415888336127773,0.0001,-444.738913739497,,,
T3,2.0,0.008111308307896872,0.00046415888336127773,0.001,-173.63291883876462,,,
T3,2.0,0.008111308307896872,0.00046415888336127773,0.01,-23.53668905941277,,,
T3,2.0,0.008111308307896872,0.00046415888336127773,0.1,-2.367478271213414,,,
T3,2.0,0.008111308307896872,0.00046415888336127773,1.0,-1.1800512837549988,,,
T3,2.0,0.008111308307896872,0.00046415888336127773,10.0,-2.096353704000054,,,
T3,2.0,0.008111308307896872,0.002154434690031882,1e-10,-114.22944359269056,,,
T3,2.0,0.008111308307896872,0.002154434690031882,1e-09,-114.22939709619956,,,
T3,2.0,0.008111308307896872,0.002154434690031882,1e-08,-114.2289321333468,,,
T3,2.0,0.008111308307896872,0.002154434690031882,1e-07,-114.22428271051658,,,
T3,2.0,0.008111308307896872,0.002154434690031882,1e-06,-114.17780904275722,,,
T3,2.0,0.008111308307896872,0.002154434690031882,1e-05,-113.71511929406157,,,
T3,2.0,0.008111308307896872,0.002154434690031882,0.0001,-109.28417894716628,,,
T3,2.0,0.008111308307896872,0.002154434690031882,0.001,-78.52946994676624,,,
T3,2.0,0.008111308307896872,0.002154434690031882,0.01,-20.033184774352463,,,
T3,2.0,0.008111308307896872,0.002154434690031882,0.1,-2.3311177933408755,,,
T3,2.0,0.008111308307896872,0.002154434690031882,1.0,-1.1804373029300732,,,
T3,2.0,0.008111308307896872,0.002154434690031882,10.0,-2.096433615349332,,,
T3,2.0,0.008111308307896872,0.01,1e-10,-23.689628907320614,,,
T3,2.0,0.008111308307896872,0.01,1e-09,-23.689626784479437,,,
T3,2.0,0.008111308307896872,0.01,1e-08,-23.689605556088033,,,
T3,2.0,0.008111308307896872,0.01,1e-07,-23.68939327421355,,,
T3,2.0,0.008111308307896872,0.01,1e-06,-23.687270659402046,,,
T3,2.0,0.008111308307896872,0.01,1e-05,-23.66606488499967,,,
T3,2.0,0.008111308307896872,0.01,0.0001,-23.456025079589306,,,
T3,2.0,0.008111308307896872,0.01,0.001,-21.539694129655263,,,
T3,2.0,0.008111308307896872,0.01,0.01,-11.7511540253236,,,
T3,2.0,0.008111308307896872,0.01,0.1,-2.179277470656647,,,
T3,2.0,0.008111308307896872,0.01,1.0,-1.182231368764635,,,
T3,2.0,0.008111308307896872,0.01,10.0,-2.096804365070587,,,
T3,2.0,0.008111308307896872,0.046415888336127774,1e-10,-4.785585703104977,,,
T3,2.0,0.008111308307896872,0.046415888336127774,1e-09,-4.7855856121842315,,,
T3,2.0,0.008111308307896872,0.046415888336127774,1e-08,-4.785584702976967,,,
T3,2.0,0.008111308307896872,0.046415888336127774,1e-07,-4.785575610923924,,,
T3,2.0,0.008111308307896872,0.046415888336127774,1e-06,-4.785484692351659,,,
T3,2.0,0.008111308307896872,0.046415888336127774,1e-05,-4.784575702405746,,,
T3,2.0,0.008111308307896872,0.046415888336127774,0.0001,-4.775505339570041,,,
T3,2.0,0.008111308307896872,0.046415888336127774,0.001,-4.6867151630801,,,
T3,2.0,0.008111308307896872,0.046415888336127774,0.01,-3.956892103994656,,,
T3,2.0,0.008111308307896872,0.046415888336127774,0.1,-1.7180371345171188,,,
T3,2.0,0.008111308307896872,0.046415888336127774,1.0,-1.1906000568569564,,,
T3,2.0,0.008111308307896872,0.046415888336127774,10.0,-2.09852166867086,,,
T3,2.0,0.008111308307896872,0.21544346900318823,1e-10,-1.3150024091392571,,,
T3,2.0,0.008111308307896872,0.21544346900318823,1e-09,-1.315002406559223,,,
T3,2.0,0.008111308307896872,0.21544346900318823,1e-08,-1.3150023807588789,,,
T3,2.0,0.008111308307896872,0.21544346900318823,1e-07,-1.3150021227555957,,,
T3,2.0,0.008111308307896872,0.21544346900318823,1e-06,-1.3149995427385766,,,
T3,2.0,0.008111308307896872,0.21544346900318823,1e-05,-1.314973744149033,,,
T3,2.0,0.008111308307896872,0.21544346900318823,0.0001,-1.3147159162418856,,,
T3,2.0,0.008111308307896872,0.21544346900318823,0.001,-1.312153359450995,,,
T3,2.0,0.008111308307896872,0.21544346900318823,0.01,-1.2880268730994087,,,
T3,2.0,0.008111308307896872,0.21544346900318823,0.1,-1.1468508895167449,,,
T3,2.0,0.008111308307896872,0.21544346900318823,1.0,-1.2296790841450345,,,
T3,2.0,0.008111308307896872,0.21544346900318823,10.0,-2.106416898818965,,,
T3,2.0,0.008111308307896872,1.0,1e-10,-1.1694572939821417,,,
T3,2.0,0.008111308307896872,1.0,1e-09,-1.1694572942157433,,,
T3,2.0,0.008111308307896872,1.0,1e-08,-1.1694572965517558,,,
T3,2.0,0.008111308307896872,1.0,1e-07,-1.169457319911884,,,
T3,2.0,0.008111308307896872,1.0,1e-06,-1.1694575535131473,,,
T3,2.0,0.008111308307896872,1.0,1e-05,-1.1694598895240664,,,
T3,2.0,0.008111308307896872,1.0,0.0001,-1.1694832494618008,,,
T3,2.0,0.008111308307896872,1.0,0.001,-1.1697168316448652,,,
T3,2.0,0.008111308307896872,1.0,0.01,-1.172050886128083,,,
T3,2.0,0.008111308307896872,1.0,0.1,-1.1951736408890343,,,
T3,2.0,0.008111308307896872,1.0,1.0,-1.3933409175005091,,,
T3,2.0,0.008111308307896872,1.0,10.0,-2.1415241659405972,,,
T3,2.0,0.008111308307896872,4.641588833612772,1e-10,-1.7402699403540383,,,
T3,2.0,0.008111308307896872,4.641588833612772,1e-09,-1.7402699404410094,,,
T3,2.0,0.008111308307896872,4.641588833612772,1e-08,-1.7402699413107192,,,
T3,2.0,0.008111308307896872,4.641588833612772,1e-07,-1.740269950007822,,,
T3,2.0,0.008111308307896872,4.641588833612772,1e-06,-1.7402700369788402,,,
T3,2.0,0.008111308307896872,4.641588833612772,1e-05,-1.7402709066881925,,,
T3,2.0,0.008111308307896872,4.641588833612772,0.0001,-1.7402796036986765,,,
T3,2.0,0.008111308307896872,4.641588833612772,0.001,-1.7403665655005849,,,
T3,2.0,0.008111308307896872,4.641588833612772,0.01,-1.7412353542900099,,,
T3,2.0,0.008111308307896872,4.641588833612772,0.1,-1.7498413672936561,,,
T3,2.0,0.008111308307896872,4.641588833612772,1.0,-1.8286311297037359,,,
T3,2.0,0.008111308307896872,4.641588833612772,10.0,-2.278447559538749,,,
T3,2.0,0.008111308307896872,21.54434690031882,1e-10,-2.4654171879868945,,,
T3,2.0,0.008111308307896872,21.54434690031882,1e-09,-2.465417188007333,,,
T3,2.0,0.008111308307896872,21.54434690031882,1e-08,-2.465417188211714,,,
T3,2.0,0.008111308307896872,21.54434690031882,1e-07,-2.465417190255531,,,
T3,2.0,0.008111308307896872,21.54434690031882,1e-06,-2.465417210693695,,,
T3,2.0,0.008111308307896872,21.54434690031882,1e-05,-2.465417415075289,,,
T3,2.0,0.008111308307896872,21.54434690031882,0.0001,-2.4654194588866267,,,
T3,2.0,0.008111308307896872,21.54434690031882,0.001,-2.4654398965394906,,,
T3,2.0,0.008111308307896872,21.54434690031882,0.01,-2.465644227030869,,,
T3,2.0,0.008111308307896872,21.54434690031882,0.1,-2.4676829421590676,,,
T3,2.0,0.008111308307896872,21.54434690031882,1.0,-2.4876245944133064,,,
T3,2.0,0.008111308307896872,21.54434690031882,10.0,-2.652583941001496,,,
T3,2.0,0.008111308307896872,100.0,1e-10,-3.2238148175284325,,,
T3,2.0,0.008111308307896872,100.0,1e-09,-3.223814817532914,,,
T3,2.0,0.008111308307896872,100.0,1e-08,-3.223814817577737,,,
T3,2.0,0.008111308307896872,100.0,1e-07,-3.2238148180259585,,,
T3,2.0,0.008111308307896872,100.0,1e-06,-3.223814822508173,,,
T3,2.0,0.008111308307896872,100.0,1e-05,-3.2238148673303137,,,
T3,2.0,0.008111308307896872,100.0,0.0001,-3.2238153155515037,,,
T3,2.0,0.008111308307896872,100.0,0.001,-3.223819797741277,,,
T3,2.0,0.008111308307896872,100.0,0.01,-3.2238646174265044,,,
T3,2.0,0.008111308307896872,100.0,0.1,-3.224312593175423,,,
T3,2.0,0.008111308307896872,100.0,1.0,-3.228770386257576,,,
T3,2.0,0.008111308307896872,100.0,10.0,-3.271287678065478,,,
T3,2.0,0.008111308307896872,464.1588833612773,1e-10,-3.9893760246799586,,,
T3,2.0,0.008111308307896872,464.1588833612773,1e-09,-3.989376024680928,,,
T3,2.0,0.008111308307896872,464.1588833612773,1e-08,-3.989376024690621,,,
T3,2.0,0.008111308307896872,464.1588833612773,1e-07,-3.9893760247875543,,,
T3,2.0,0.008111308307896872,464.1588833612773,1e-06,-3.989376025756882,,,
T3,2.0,0.008111308307896872,464.1588833612773,1e-05,-3.989376035450163,,,
T3,2.0,0.008111308307896872,464.1588833612773,0.0001,-3.9893761323829637,,,
T3,2.0,0.008111308307896872,464.1588833612773,0.001,-3.98937710170994,,,
T3,2.0,0.008111308307896872,464.1588833612773,0.01,-3.989386794876252,,,
T3,2.0,0.008111308307896872,464.1588833612773,0.1,-3.9894837161956387,,,
T3,2.0,0.008111308307896872,464.1588833612773,1.0,-3.990451896501315,,,
T3,2.0,0.008111308307896872,464.1588833612773,10.0,-4.000031871399896,,,
T3,2.0,0.008111308307896872,2154.4346900318824,1e-10,-4.756480577844412,,,
T3,2.0,0.008111308307896872,2154.4346900318824,1e-09,-4.756480577844621,,,
T3,2.0,0.008111308307896872,2154.4346900318824,1e-08,-4.756480577846711,,,
T3,2.0,0.008111308307896872,2154.4346900318824,1e-07,-4.756480577867611,,,
T3,2.0,0.008111308307896872,2154.4346900318824,1e-06,-4.7564805780766175,,,
T3,2.0,0.008111308307896872,2154.4346900318824,1e-05,-4.756480580166672,,,
T3,2.0,0.008111308307896872,2154.4346900318824,0.0001,-4.756480601067221,,,
T3,2.0,0.008111308307896872,2154.4346900318824,0.001,-4.756480810072665,,,
T3,2.0,0.008111308307896872,2154.4346900318824,0.01,-4.756482900122284,,,
T3,2.0,0.008111308307896872,2154.4346900318824,0.1,-4.756503800137573,,,
T3,2.0,0.008111308307896872,2154.4346900318824,1.0,-4.756712752212932,,,
T3,2.0,0.008111308307896872,2154.4346900318824,10.0,-4.75879748006028,,,
T3,2.0,0.008111308307896872,10000.0,1e-10,-5.523917634827763,,,
T3,2.0,0.008111308307896872,10000.0,1e-09,-5.523917634827806,,,
T3,2.0,0.008111308307896872,10000.0,1e-08,-5.523917634828257,,,
T3,2.0,0.008111308307896872,10000.0,1e-07,-5.523917634832761,,,
T3,2.0,0.008111308307896872,10000.0,1e-06,-5.523917634877799,,,
T3,2.0,0.008111308307896872,10000.0,1e-05,-5.523917635328166,,,
T3,2.0,0.008111308307896872,10000.0,0.0001,-5.523917639831843,,,
T3,2.0,0.008111308307896872,10000.0,0.001,-5.5239176848686045,,,
T3,2.0,0.008111308307896872,10000.0,0.01,-5.523918135235992,,,
T3,2.0,0.008111308307896872,10000.0,0.1,-5.523922638887555,,,
T3,2.0,0.008111308307896872,10000.0,1.0,-5.523967673170256,,,
T3,2.0,0.008111308307896872,10000.0,10.0,-5.524417792854833,,,
T3,2.0,0.02310129700083159,0.0001,1e-10,-1258.1374411453623,,,
T3,2.0,0.02310129700083159,0.0001,1e-09,-1258.131379033108,,,
T3,2.0,0.02310129700083159,0.0001,1e-08,-1258.0707626729472,,,
T3,2.0,0.02310129700083159,0.0001,1e-07,-1257.4650745038907,,,
T3,2.0,0.02310129700083159,0.0001,1e-06,-1251.4549522190862,,,
T3,2.0,0.02310129700083159,0.0001,1e-05,-1195.411055918749,,,
T3,2.0,0.02310129700083159,0.0001,0.0001,-838.9183732980442,,,
T3,2.0,0.02310129700083159,0.0001,0.001,-213.0073057229698,,,
T3,2.0,0.02310129700083159,0.0001,0.01,-24.181626025946464,,,
T3,2.0,0.02310129700083159,0.0001,0.1,-2.3727065277490014,,,
T3,2.0,0.02310129700083159,0.0001,1.0,-1.1799401351487693,,,
T3,2.0,0.02310129700083159,0.0001,10.0,-2.0963362058069537,,,
T3,2.0,0.02310129700083159,0.00046415888336127773,1e-10,-268.83226219993924,,,
T3,2.0,0.02310129700083159,0.00046415888336127773,1e-09,-268.8319821090299,,,
T3,2.0,0.02310129700083159,0.00046415888336127773,1e-08,-268.8291812472168,,,
T3,2.0,0.02310129700083159,0.00046415888336127773,1e-07,-268.8011773553156,,,
T3,2.0,0.02310129700083159,0.00046415888336127773,1e-06,-268.52160934531224,,,
T3,2.0,0.02310129700083159,0.00046415888336127773,1e-05,-265.7714027241014,,,
T3,2.0,0.02310129700083159,0.00046415888336127773,0.0001,-241.77319364789497,,,
T3,2.0,0.02310129700083159,0.00046415888336127773,0.001,-129.6551896253672,,,
T3,2.0,0.02310129700083159,0.00046415888336127773,0.01,-22.40808122285828,,,
T3,2.0,0.02310129700083159,0.00046415888336127773,0.1,-2.354662131422635,,,
T3,2.0,0.02310129700083159,0.00046415888336127773,1.0,-1.179921416614466,,,
T3,2.0,0.02310129700083159,0.00046415888336127773,10.0,-2.0963524036034746,,,
T3,2.0,0.02310129700083159,0.002154434690031882,1e-10,-56.29498323157618,,,
T3,2.0,0.02310129700083159,0.002154434690031882,1e-09,-56.29497050866998,,,
T3,2.0,0.02310129700083159,0.002154434690031882,1e-08,-56.294843280064434,,,
T3,2.0,0.02310129700083159,0.002154434690031882,1e-07,-56.29357103965581,,,
T3,2.0,0.02310129700083159,0.002154434690031882,1e-06,-56.28085319668536,,,
T3,2.0,0.02310129700083159,0.002154434690031882,1e-05,-56.154127369299374,,,
T3,2.0,0.02310129700083159,0.002154434690031882,0.0001,-54.929016938945395,,,
T3,2.0,0.02310129700083159,0.002154434690031882,0.001,-45.405411715662424,,,
T3,2.0,0.02310129700083159,0.002154434690031882,0.01,-16.655572968580792,,,
T3,2.0,0.02310129700083159,0.002154434690031882,0.1,-2.2746366373425504,,,
T3,2.0,0.02310129700083159,0.002154434690031882,1.0,-1.1798373415161416,,,
T3,2.0,0.02310129700083159,0.002154434690031882,10.0,-2.0964275787209745,,,
T3,2.0,0.02310129700083159,0.01,1e-10,-11.107378903475029,,,
T3,2.0,0.02310129700083159,0.01,1e-09,-11.107378372776045,,,
T3,2.0,0.02310129700083159,0.01,1e-08,-11.107373065790037,,,
T3,2.0,0.02310129700083159,0.01,1e-07,-11.107319996310745,,,
T3,2.0,0.02310129700083159,0.01,1e-06,-11.106789339592227,,,
T3,2.0,0.02310129700083159,0.01,1e-05,-11.10148657377131,,,
T3,2.0,0.02310129700083159,0.01,0.0001,-11.04883314281428,,,
T3,2.0,0.02310129700083159,0.01,0.001,-10.555080879282666,,,
T3,2.0,0.02310129700083159,0.01,0.01,-7.3589523412808955,,,
T3,2.0,0.02310129700083159,0.01,0.1,-1.9693674937180585,,,
T3,2.0,0.02310129700083159,0.01,1.0,-1.1795061026382452,,,
T3,2.0,0.02310129700083159,0.01,10.0,-2.0967763299803495,,,
T3,2.0,0.02310129700083159,0.046415888336127774,1e-10,-1.9741738278499246,,,
T3,2.0,0.02310129700083159,0.046415888336127774,1e-09,-1.974173816110532,,,
T3,2.0,0.02310129700083159,0.046415888336127774,1e-08,-1.974173698716609,,,
T3,2.0,0.02310129700083159,0.046415888336127774,1e-07,-1.9741725247776736,,,
T3,2.0,0.02310129700083159,0.046415888336127774,1e-06,-1.974160785417783,,,
T3,2.0,0.02310129700083159,0.046415888336127774,1e-05,-1.9740433947686067,,,
T3,2.0,0.02310129700083159,0.046415888336127774,0.0001,-1.9728697858297188,,,
T3,2.0,0.02310129700083159,0.046415888336127774,0.001,-1.9611659755399558,,,
T3,2.0,0.02310129700083159,0.046415888336127774,0.01,-1.8492042731502376,,,
T3,2.0,0.02310129700083159,0.046415888336127774,0.1,-1.267737516911745,,,
T3,2.0,0.02310129700083159,0.046415888336127774,1.0,-1.1791035447214697,,,
T3,2.0,0.02310129700083159,0.046415888336127774,10.0,-2.098391207865506,,,
T3,2.0,0.02310129700083159,0.21544346900318823,1e-10,-0.6086538233307234,,,
T3,2.0,0.02310129700083159,0.21544346900318823,1e-09,-0.6086538255636438,,,
T3,2.0,0.02310129700083159,0.21544346900318823,1e-08,-0.6086538478928463,,,
T3,2.0,0.02310129700083159,0.21544346900318823,1e-07,-0.6086540711847114,,,
T3,2.0,0.02310129700083159,0.21544346900318823,1e-06,-0.6086563040873492,,,
T3,2.0,0.02310129700083159,0.21544346900318823,1e-05,-0.6086786315125838,,,
T3,2.0,0.02310129700083159,0.21544346900318823,0.0001,-0.6089017458132691,,,
T3,2.0,0.02310129700083159,0.21544346900318823,0.001,-0.6111170543878359,,,
T3,2.0,0.02310129700083159,0.21544346900318823,0.01,-0.6318309028658422,,,
T3,2.0,0.02310129700083159,0.21544346900318823,0.1,-0.7643401246596675,,,
T3,2.0,0.02310129700083159,0.21544346900318823,1.0,-1.192596917520424,,,
T3,2.0,0.02310129700083159,0.21544346900318823,10.0,-2.1058043223960716,,,
T3,2.0,0.02310129700083159,1.0,1e-10,-0.9166308470207547,,,
T3,2.0,0.02310129700083159,1.0,1e-09,-0.9166308477228599,,,
T3,2.0,0.02310129700083159,1.0,1e-08,-0.9166308547439102,,,
T3,2.0,0.02310129700083159,1.0,1e-07,-0.9166309249544036,,,
T3,2.0,0.02310129700083159,1.0,1e-06,-0.9166316270584195,,,
T3,2.0,0.02310129700083159,1.0,1e-05,-0.9166386480068756,,,
T3,2.0,0.02310129700083159,1.0,0.0001,-0.9167088483227832,,,
T3,2.0,0.02310129700083159,1.0,0.001,-0.9174099365342231,,,
T3,2.0,0.02310129700083159,1.0,0.01,-0.9243311941156644,,,
T3,2.0,0.02310129700083159,1.0,0.1,-0.9860803709521067,,,
T3,2.0,0.02310129700083159,1.0,1.0,-1.3229173737773632,,,
T3,2.0,0.02310129700083159,1.0,10.0,-2.138547353489646,,,
T3,2.0,0.02310129700083159,4.641588833612772,1e-10,-1.5851518763158519,,,
T3,2.0,0.02310129700083159,4.641588833612772,1e-09,-1.5851518764773753,,,
T3,2.0,0.02310129700083159,4.641588833612772,1e-08,-1.585151878092611,,,
T3,2.0,0.02310129700083159,4.641588833612772,1e-07,-1.5851518942449674,,,
T3,2.0,0.02310129700083159,4.641588833612772,1e-06,-1.5851520557684873,,,
T3,2.0,0.02310129700083159,4.641588833612772,1e-05,-1.5851536709992542,,,
T3,2.0,0.02310129700083159,4.641588833612772,0.0001,-1.5851698228638962,,,
T3,2.0,0.02310129700083159,4.641588833612772,0.001,-1.5853312972272413,,,
T3,2.0,0.02310129700083159,4.641588833612772,0.01,-1.5869416322989973,,,
T3,2.0,0.02310129700083159,4.641588833612772,0.1,-1.6026228501184456,,,
T3,2.0,0.02310129700083159,4.641588833612772,1.0,-1.7295236214668943,,,
T3,2.0,0.02310129700083159,4.641588833612772,10.0,-2.2634222378912954,,,
T3,2.0,0.02310129700083159,21.54434690031882,1e-10,-2.3313497569190518,,,
T3,2.0,0.02310129700083159,21.54434690031882,1e-09,-2.331349756954327,,,
T3,2.0,0.02310129700083159,21.54434690031882,1e-08,-2.3313497573070814,,,
T3,2.0,0.02310129700083159,21.54434690031882,1e-07,-2.3313497608346223,,,
T3,2.0,0.02310129700083159,21.54434690031882,1e-06,-2.3313497961100276,,,
T3,2.0,0.02310129700083159,21.54434690031882,1e-05,-2.3313501488638737,,,
T3,2.0,0.02310129700083159,21.54434690031882,0.0001,-2.3313536763815925,,,
T3,2.0,0.02310129700083159,21.54434690031882,0.001,-2.3313889494851674,,,
T3,2.0,0.02310129700083159,21.54434690031882,0.01,-2.33174147335857,,,
T3,2.0,0.02310129700083159,21.54434690031882,0.1,-2.3352461932928135,,,
T3,2.0,0.02310129700083159,21.54434690031882,1.0,-2.3684182845597754,,,
T3,2.0,0.02310129700083159,21.54434690031882,10.0,-2.597488650807585,,,
T3,2.0,0.02310129700083159,100.0,1e-10,-3.094282607852707,,,
T3,2.0,0.02310129700083159,100.0,1e-09,-3.094282607860329,,,
T3,2.0,0.02310129700083159,100.0,1e-08,-3.094282607936548,,,
T3,2.0,0.02310129700083159,100.0,1e-07,-3.0942826086987445,,,
T3,2.0,0.02310129700083159,100.0,1e-06,-3.0942826163207044,,,
T3,2.0,0.02310129700083159,100.0,1e-05,-3.094282692540292,,,
T3,2.0,0.02310129700083159,100.0,0.0001,-3.094283454735209,,,
T3,2.0,0.02310129700083159,100.0,0.001,-3.0942910765879423,,,
T3,2.0,0.02310129700083159,100.0,0.01,-3.094367285474194,,,
T3,2.0,0.02310129700083159,100.0,0.1,-3.0951284122259572,,,
T3,2.0,0.02310129700083159,100.0,1.0,-3.1026454166927833,,,
T3,2.0,0.02310129700083159,100.0,10.0,-3.1699496079329057,,,
T3,2.0,0.02310129700083159,464.1588833612773,1e-10,-3.860820898833629,,,
T3,2.0,0.02310129700083159,464.1588833612773,1e-09,-3.8608208988352715,,,
T3,2.0,0.02310129700083159,464.1588833612773,1e-08,-3.860820898851702,,,
T3,2.0,0.02310129700083159,464.1588833612773,1e-07,-3.8608208990160158,,,
T3,2.0,0.02310129700083159,464.1588833612773,1e-06,-3.8608209006591423,,,
T3,2.0,0.02310129700083159,464.1588833612773,1e-05,-3.8608209170904173,,,
T3,2.0,0.02310129700083159,464.1588833612773,0.0001,-3.860821081403111,,,
T3,2.0,0.02310129700083159,464.1588833612773,0.001,-3.8608227245255753,,,
T3,2.0,0.02310129700083159,464.1588833612773,0.01,-3.8608391553024632,,,
T3,2.0,0.02310129700083159,464.1588833612773,0.1,-3.8610034183159327,,,
T3,2.0,0.02310129700083159,464.1588833612773,1.0,-3.862641592827795,,,
T3,2.0,0.02310129700083159,464.1588833612773,10.0,-3.878596660928335,,,
T3,2.0,0.02310129700083159,2154.4346900318824,1e-10,-4.6281359583277935,,,
T3,2.0,0.02310129700083159,2154.4346900318824,1e-09,-4.628135958328148,,,
T3,2.0,0.02310129700083159,2154.4346900318824,1e-08,-4.628135958331688,,,
T3,2.0,0.02310129700083159,2154.4346900318824,1e-07,-4.628135958367094,,,
T3,2.0,0.02310129700083159,2154.4346900318824,1e-06,-4.628135958721143,,,
T3,2.0,0.02310129700083159,2154.4346900318824,1e-05,-4.62813596226163,,,
T3,2.0,0.02310129700083159,2154.4346900318824,0.0001,-4.628135997666496,,,
T3,2.0,0.02310129700083159,2154.4346900318824,0.001,-4.6281363517149625,,,
T3,2.0,0.02310129700083159,2154.4346900318824,0.01,-4.628139892178832,,,
T3,2.0,0.02310129700083159,2154.4346900318824,0.1,-4.628175294739189,,,
T3,2.0,0.02310129700083159,2154.4346900318824,1.0,-4.628529112708312,,,
T3,2.0,0.02310129700083159,2154.4346900318824,10.0,-4.632046726756081,,,
T3,2.0,0.02310129700083159,10000.0,1e-10,-5.395618367525065,,,
T3,2.0,0.02310129700083159,10000.0,1e-09,-5.395618367525141,,,
T3,2.0,0.02310129700083159,10000.0,1e-08,-5.395618367525904,,,
T3,2.0,0.02310129700083159,10000.0,1e-07,-5.395618367533532,,,
T3,2.0,0.02310129700083159,10000.0,1e-06,-5.395618367609812,,,
T3,2.0,0.02310129700083159,10000.0,1e-05,-5.395618368372608,,,
T3,2.0,0.02310129700083159,10000.0,0.0001,-5.395618376000577,,,
T3,2.0,0.02310129700083159,10000.0,0.001,-5.395618452280257,,,
T3,2.0,0.02310129700083159,10000.0,0.01,-5.395619215076081,,,
T3,2.0,0.02310129700083159,10000.0,0.1,-5.395626842937858,,,
T3,2.0,0.02310129700083159,10000.0,1.0,-5.395703111909813,,,
T3,2.0,0.02310129700083159,10000.0,10.0,-5.39646483904698,,,
T3,2.0,0.0657933224657568,0.0001,1e-10,-1506.9006239805858,,,
T3,2.0,0.0657933224657568,0.0001,1e-09,-1505.9507017055716,,,
T3,2.0,0.0657933224657568,0.0001,1e-08,-1496.5792707106807,,,
T3,2.0,0.0657933224657568,0.0001,1e-07,-1413.9580957816393,,,
T3,2.0,0.0657933224657568,0.0001,1e-06,-1040.6591550013377,,,
T3,2.0,0.0657933224657568,0.0001,1e-05,-627.7384231166808,,,
T3,2.0,0.0657933224657568,0.0001,0.0001,-419.0531978832331,,,
T3,2.0,0.0657933224657568,0.0001,0.001,-166.15335280135272,,,
T3,2.0,0.0657933224657568,0.0001,0.01,-23.357075511056756,,,
T3,2.0,0.0657933224657568,0.0001,0.1,-2.3638788060764795,,,
T3,2.0,0.0657933224657568,0.0001,1.0,-1.179851239761741,,,
T3,2.0,0.0657933224657568,0.0001,10.0,-2.0963353162311082,,,
T3,2.0,0.0657933224657568,0.00046415888336127773,1e-10,-321.7132603560538,,,
T3,2.0,0.0657933224657568,0.00046415888336127773,1e-09,-321.6691542907635,,,
T3,2.0,0.0657933224657568,0.00046415888336127773,1e-08,-321.22938801371436,,,
T3,2.0,0.0657933224657568,0.00046415888336127773,1e-07,-316.9570291382618,,,
T3,2.0,0.0657933224657568,0.00046415888336127773,1e-06,-283.693729147581,,,
T3,2.0,0.0657933224657568,0.00046415888336127773,1e-05,-186.11574687669184,,,
T3,2.0,0.0657933224657568,0.00046415888336127773,0.0001,-115.40114947847708,,,
T3,2.0,0.0657933224657568,0.00046415888336127773,0.001,-72.64914421266265,,,
T3,2.0,0.0657933224657568,0.00046415888336127773,0.01,-19.429886666432147,,,
T3,2.0,0.0657933224657568,0.00046415888336127773,0.1,-2.3148063964931187,,,
T3,2.0,0.0657933224657568,0.00046415888336127773,1.0,-1.1795098624123725,,,
T3,2.0,0.0657933224657568,0.00046415888336127773,10.0,-2.0963482746927964,,,
T3,2.0,0.0657933224657568,0.002154434690031882,1e-10,-66.95751356964345,,,
T3,2.0,0.0657933224657568,0.002154434690031882,1e-09,-66.95547399086371,,,
T3,2.0,0.0657933224657568,0.002154434690031882,1e-08,-66.93509115686285,,,
T3,2.0,0.0657933224657568,0.002154434690031882,1e-07,-66.73254903571672,,,
T3,2.0,0.0657933224657568,0.002154434690031882,1e-06,-64.82722990938223,,,
T3,2.0,0.0657933224657568,0.002154434690031882,1e-05,-52.88487660835941,,,
T3,2.0,0.0657933224657568,0.002154434690031882,0.0001,-31.561901065561187,,,
T3,2.0,0.0657933224657568,0.002154434690031882,0.001,-20.33664649569679,,,
T3,2.0,0.0657933224657568,0.002154434690031882,0.01,-10.726134344632175,,,
T3,2.0,0.0657933224657568,0.002154434690031882,0.1,-2.1110027356829484,,,
T3,2.0,0.0657933224657568,0.002154434690031882,1.0,-1.1779496515161072,,,
T3,2.0,0.0657933224657568,0.002154434690031882,10.0,-2.096408416903685,,,
T3,2.0,0.0657933224657568,0.01,1e-10,-12.6734301296193,,,
T3,2.0,0.0657933224657568,0.01,1e-09,-12.673337215492563,,,
T3,2.0,0.0657933224657568,0.01,1e-08,-12.672408202580415,,,
T3,2.0,0.0657933224657568,0.01,1e-07,-12.663130889134186,,,
T3,2.0,0.0657933224657568,0.01,1e-06,-12.57161991636475,,,
T3,2.0,0.0657933224657568,0.01,1e-05,-11.766026350730915,,,
T3,2.0,0.0657933224657568,0.01,0.0001,-8.168050701810463,,,
T3,2.0,0.0657933224657568,0.01,0.001,-4.448828497168671,,,
T3,2.0,0.0657933224657568,0.01,0.01,-3.0674217969425337,,,
T3,2.0,0.0657933224657568,0.01,0.1,-1.4966347066946248,,,
T3,2.0,0.0657933224657568,0.01,1.0,-1.1712025628425984,,,
T3,2.0,0.0657933224657568,0.01,10.0,-2.0966874497233494,,,
T3,2.0,0.0657933224657568,0.046415888336127774,1e-10,-1.5804115567953319,,,
T3,2.0,0.0657933224657568,0.046415888336127774,1e-09,-1.5804076232301192,,,
T3,2.0,0.0657933224657568,0.046415888336127774,1e-08,-1.5803682888028168,,,
T3,2.0,0.0657933224657568,0.046415888336127774,1e-07,-1.5799750669899577,,,
T3,2.0,0.0657933224657568,0.046415888336127774,1e-06,-1.5760550539203872,,,
T3,2.0,0.0657933224657568,0.046415888336127774,1e-05,-1.5380358865680883,,,
T3,2.0,0.0657933224657568,0.046415888336127774,0.0001,-1.246626128931318,,,
T3,2.0,0.0657933224657568,0.046415888336127774,0.001,-0.48444037856470673,,,
T3,2.0,0.0657933224657568,0.046415888336127774,0.01,-0.28947147473563284,,,
T3,2.0,0.0657933224657568,0.046415888336127774,0.1,-0.6576787042522743,,,
T3,2.0,0.0657933224657568,0.046415888336127774,1.0,-1.1482377033391429,,,
T3,2.0,0.0657933224657568,0.046415888336127774,10.0,-2.097979860599898,,,
T3,2.0,0.0657933224657568,0.21544346900318823,1e-10,0.20733915949682355,,,
T3,2.0,0.0657933224657568,0.21544346900318823,1e-09,0.20733926038561137,,,
T3,2.0,0.0657933224657568,0.21544346900318823,1e-08,0.2073402692640048,,,
T3,2.0,0.0657933224657568,0.21544346900318823,1e-07,0.20735035709538713,,,
T3,2.0,0.0657933224657568,0.21544346900318823,1e-06,0.20745114023329717,,,
T3,2.0,0.0657933224657568,0.21544346900318823,1e-05,0.20844952722649168,,,
T3,2.0,0.0657933224657568,0.21544346900318823,0.0001,0.21755686344094513,,,
T3,2.0,0.0657933224657568,0.21544346900318823,0.001,0.2592795845324048,,,
T3,2.0,0.0657933224657568,0.21544346900318823,0.01,0.16444274006538,,,
T3,2.0,0.0657933224657568,0.21544346900318823,0.1,-0.3342619013680014,,,
T3,2.0,0.0657933224657568,0.21544346900318823,1.0,-1.1191406826621517,,,
T3,2.0,0.0657933224657568,0.21544346900318823,10.0,-2.1039110560171523,,,
T3,2.0,0.0657933224657568,1.0,1e-10,-0.009670936331298919,,,
T3,2.0,0.0657933224657568,1.0,1e-09,-0.009670949248383387,,,
T3,2.0,0.0657933224657568,1.0,1e-08,-0.009671078419215462,,,
T3,2.0,0.0657933224657568,1.0,1e-07,-0.009672370124409645,,,
T3,2.0,0.0657933224657568,1.0,1e-06,-0.009685286864185372,,,
T3,2.0,0.0657933224657568,1.0,1e-05,-0.009814423033879471,,,
T3,2.0,0.0657933224657568,1.0,0.0001,-0.01110265048563086,,,
T3,2.0,0.0657933224657568,1.0,0.001,-0.023664898486078556,,,
T3,2.0,0.0657933224657568,1.0,0.01,-0.1226989008793268,,,
T3,2.0,0.0657933224657568,1.0,0.1,-0.4954917930376556,,,
T3,2.0,0.0657933224657568,1.0,1.0,-1.1871232781437304,,,
T3,2.0,0.0657933224657568,1.0,10.0,-2.129626767812149,,,
T3,2.0,0.0657933224657568,4.641588833612772,1e-10,-0.6585937314750676,,,
T3,2.0,0.0657933224657568,4.641588833612772,1e-09,-0.6585937358664167,,,
T3,2.0,0.0657933224657568,4.641588833612772,1e-08,-0.6585937797799016,,,
T3,2.0,0.0657933224657568,4.641588833612772,1e-07,-0.6585942189141161,,,
T3,2.0,0.0657933224657568,4.641588833612772,1e-06,-0.6585986101943926,,,
T3,2.0,0.0657933224657568,4.641588833612772,1e-05,-0.6586425168163192,,,
T3,2.0,0.0657933224657568,4.641588833612772,0.0001,-0.6590809663865622,,,
T3,2.0,0.0657933224657568,4.641588833612772,0.001,-0.6634051961152345,,,
T3,2.0,0.0657933224657568,4.641588833612772,0.01,-0.701714340808919,,,
T3,2.0,0.0657933224657568,4.641588833612772,0.1,-0.9076865556475436,,,
T3,2.0,0.0657933224657568,4.641588833612772,1.0,-1.4179139367623228,,,
T3,2.0,0.0657933224657568,4.641588833612772,10.0,-2.2173232912322756,,,
T3,2.0,0.0657933224657568,21.54434690031882,1e-10,-1.4005693003570585,,,
T3,2.0,0.0657933224657568,21.54434690031882,1e-09,-1.4005693013778082,,,
T3,2.0,0.0657933224657568,21.54434690031882,1e-08,-1.4005693115852575,,,
T3,2.0,0.0657933224657568,21.54434690031882,1e-07,-1.4005694136597182,,,
T3,2.0,0.0657933224657568,21.54434690031882,1e-06,-1.4005704344009566,,,
T3,2.0,0.0657933224657568,21.54434690031882,1e-05,-1.400580641479069,,,
T3,2.0,0.0657933224657568,21.54434690031882,0.0001,-1.400682678849779,,,
T3,2.0,0.0657933224657568,21.54434690031882,0.001,-1.401699729198136,,,
T3,2.0,0.0657933224657568,21.54434690031882,0.01,-1.4115545108850704,,,
T3,2.0,0.0657933224657568,21.54434690031882,0.1,-1.4888380955941372,,,
T3,2.0,0.0657933224657568,21.54434690031882,1.0,-1.7978530639364485,,,
T3,2.0,0.0657933224657568,21.54434690031882,10.0,-2.413797297485388,,,
T3,2.0,0.0657933224657568,100.0,1e-10,-2.162592481798396,,,
T3,2.0,0.0657933224657568,100.0,1e-09,-2.1625924820217723,,,
T3,2.0,0.0657933224657568,100.0,1e-08,-2.1625924842555557,,,
T3,2.0,0.0657933224657568,100.0,1e-07,-2.162592506593368,,,
T3,2.0,0.0657933224657568,100.0,1e-06,-2.1625927299713177,,,
T3,2.0,0.0657933224657568,100.0,1e-05,-2.16259496373483,,,
T3,2.0,0.0657933224657568,100.0,0.0001,-2.1626172997711297,,,
T3,2.0,0.0657933224657568,100.0,0.001,-2.1628405004369773,,,
T3,2.0,0.0657933224657568,100.0,0.01,-2.165056719890944,,,
T3,2.0,0.0657933224657568,100.0,0.1,-2.185800526027735,,,
T3,2.0,0.0657933224657568,100.0,1.0,-2.3218046249341167,,,
T3,2.0,0.0657933224657568,100.0,10.0,-2.7355176680604503,,,
T3,2.0,0.0657933224657568,464.1588833612773,1e-10,-2.928934790427892,,,
T3,2.0,0.0657933224657568,464.1588833612773,1e-09,-2.928934790476177,,,
T3,2.0,0.0657933224657568,464.1588833612773,1e-08,-2.9289347909590395,,,
T3,2.0,0.0657933224657568,464.1588833612773,1e-07,-2.9289347957876593,,,
T3,2.0,0.0657933224657568,464.1588833612773,1e-06,-2.9289348440738534,,,
T3,2.0,0.0657933224657568,464.1588833612773,1e-05,-2.928935326935058,,,
T3,2.0,0.0657933224657568,464.1588833612773,0.0001,-2.9289401554724135,,,
T3,2.0,0.0657933224657568,464.1588833612773,0.001,-2.928988433378688,,,
T3,2.0,0.0657933224657568,464.1588833612773,0.01,-2.9294704675753356,,,
T3,2.0,0.0657933224657568,464.1588833612773,0.1,-2.9342181312748163,,,
T3,2.0,0.0657933224657568,464.1588833612773,1.0,-2.975824464991804,,,
T3,2.0,0.0657933224657568,464.1588833612773,10.0,-3.1914782594824764,,,
T3,2.0,0.0657933224657568,2154.4346900318824,1e-10,-3.6962076268043824,,,
T3,2.0,0.0657933224657568,2154.4346900318824,1e-09,-3.696207626814791,,,
T3,2.0,0.0657933224657568,2154.4346900318824,1e-08,-3.696207626918894,,,
T3,2.0,0.0657933224657568,2154.4346900318824,1e-07,-3.6962076279599345,,,
T3,2.0,0.0657933224657568,2154.4346900318824,1e-06,-3.6962076383703475,,,
T3,2.0,0.0657933224657568,2154.4346900318824,1e-05,-3.696207742474445,,,
T3,2.0,0.0657933224657568,2154.4346900318824,0.0001,-3.6962087835118806,,,
T3,2.0,0.0657933224657568,2154.4346900318824,0.001,-3.6962191935390853,,,
T3,2.0,0.0657933224657568,2154.4346900318824,0.01,-3.696323259114884,,,
T3,2.0,0.0657933224657568,2154.4346900318824,0.1,-3.6973604638366355,,,
T3,2.0,0.0657933224657568,2154.4346900318824,1.0,-3.707404866702389,,,
T3,2.0,0.0657933224657568,2154.4346900318824,10.0,-3.785878514468243,,,
T3,2.0,0.0657933224657568,10000.0,1e-10,-4.463680939306709,,,
T3,2.0,0.0657933224657568,10000.0,1e-09,-4.463680939308953,,,
T3,2.0,0.0657933224657568,10000.0,1e-08,-4.463680939331388,,,
T3,2.0,0.0657933224657568,10000.0,1e-07,-4.463680939555706,,,
T3,2.0,0.0657933224657568,10000.0,1e-06,-4.463680941798911,,,
T3,2.0,0.0657933224657568,10000.0,1e-05,-4.46368096423093,,,
T3,2.0,0.0657933224657568,10000.0,0.0001,-4.463681188550944,,,
T3,2.0,0.0657933224657568,10000.0,0.001,-4.46368343173504,,,
T3,2.0,0.0657933224657568,10000.0,0.01,-4.463705861964309,,,
T3,2.0,0.0657933224657568,10000.0,0.1,-4.463930003275118,,,
T3,2.0,0.0657933224657568,10000.0,1.0,-4.466155502649103,,,
T3,2.0,0.0657933224657568,10000.0,10.0,-4.486981124367256,,,
T3,2.0,0.1873817422860383,0.0001,1e-10,-130898.9019557449,,,
T3,2.0,0.1873817422860383,0.0001,1e-09,-115688.51985390697,,,
T3,2.0,0.1873817422860383,0.0001,1e-08,-60773.910613645436,,,
T3,2.0,0.1873817422860383,0.0001,1e-07,-16238.564138880745,,,
T3,2.0,0.1873817422860383,0.0001,1e-06,-3003.41487324236,,,
T3,2.0,0.1873817422860383,0.0001,1e-05,-630.8639497538354,,,
T3,2.0,0.1873817422860383,0.0001,0.0001,-289.42963206407126,,,
T3,2.0,0.1873817422860383,0.0001,0.001,-131.03135521939538,,,
T3,2.0,0.1873817422860383,0.0001,0.01,-22.3587695587,,,
T3,2.0,0.1873817422860383,0.0001,0.1,-2.352350994747872,,,
T3,2.0,0.1873817422860383,0.0001,1.0,-1.1797342178020054,,,
T3,2.0,0.1873817422860383,0.0001,10.0,-2.096334144245406,,,
T3,2.0,0.1873817422860383,0.00046415888336127773,1e-10,-28539.219893410995,,,
T3,2.0,0.1873817422860383,0.00046415888336127773,1e-09,-27712.65153085668,,,
T3,2.0,0.1873817422860383,0.00046415888336127773,1e-08,-21902.867086708222,,,
T3,2.0,0.1873817422860383,0.00046415888336127773,1e-07,-8911.380854560422,,,
T3,2.0,0.1873817422860383,0.00046415888336127773,1e-06,-2052.791065356015,,,
T3,2.0,0.1873817422860383,0.00046415888336127773,1e-05,-358.8296637654754,,,
T3,2.0,0.1873817422860383,0.00046415888336127773,0.0001,-94.29117285946272,,,
T3,2.0,0.1873817422860383,0.00046415888336127773,0.001,-49.58423098640306,,,
T3,2.0,0.1873817422860383,0.00046415888336127773,0.01,-16.593650567506483,,,
T3,2.0,0.1873817422860383,0.00046415888336127773,0.1,-2.264366438098823,,,
T3,2.0,0.1873817422860383,0.00046415888336127773,1.0,-1.17896972124146,,,
T3,2.0,0.1873817422860383,0.00046415888336127773,10.0,-2.0963428354135756,,,
T3,2.0,0.1873817422860383,0.002154434690031882,1e-10,-6161.027922906894,,,
T3,2.0,0.1873817422860383,0.002154434690031882,1e-09,-6121.193924399508,,,
T3,2.0,0.1873817422860383,0.002154434690031882,1e-08,-5757.26496825828,,,
T3,2.0,0.1873817422860383,0.002154434690031882,1e-07,-3815.8780607095823,,,
T3,2.0,0.1873817422860383,0.002154434690031882,1e-06,-1226.8365515047349,,,
T3,2.0,0.1873817422860383,0.002154434690031882,1e-05,-247.4584981583899,,,
T3,2.0,0.1873817422860383,0.002154434690031882,0.0001,-42.75213433552415,,,
T3,2.0,0.1873817422860383,0.002154434690031882,0.001,-14.157299046449504,,,
T3,2.0,0.1873817422860383,0.002154434690031882,0.01,-7.438087769360902,,,
T3,2.0,0.1873817422860383,0.002154434690031882,0.1,-1.9289498788902626,,,
T3,2.0,0.1873817422860383,0.002154434690031882,1.0,-1.175506047606611,,,
T3,2.0,0.1873817422860383,0.002154434690031882,10.0,-2.096383182809259,,,
T3,2.0,0.1873817422860383,0.01,1e-10,-1324.9487062320209,,,
T3,2.0,0.1873817422860383,0.01,1e-09,-1323.0846207316742,,,
T3,2.0,0.1873817422860383,0.01,1e-08,-1304.819616314346,,,
T3,2.0,0.1873817422860383,0.01,1e-07,-1152.7432646395282,,,
T3,2.0,0.1873817422860383,0.01,1e-06,-603.7549222905291,,,
T3,2.0,0.1873817422860383,0.01,1e-05,-158.81112952559675,,,
T3,2.0,0.1873817422860383,0.01,0.0001,-27.09608706374369,,,
T3,2.0,0.1873817422860383,0.01,0.001,-4.173837799934267,,,
T3,2.0,0.1873817422860383,0.01,0.01,-1.6887709381219913,,,
T3,2.0,0.1873817422860383,0.01,0.1,-1.1382622170910093,,,
T3,2.0,0.1873817422860383,0.01,1.0,-1.161076665947004,,,
T3,2.0,0.1873817422860383,0.01,10.0,-2.0965705944751085,,,
T3,2.0,0.1873817422860383,0.046415888336127774,1e-10,-282.92906418081054,,,
T3,2.0,0.1873817422860383,0.046415888336127774,1e-09,-282.84243784268364,,,
T3,2.0,0.1873817422860383,0.046415888336127774,1e-08,-281.980007711213,,,
T3,2.0,0.1873817422860383,0.046415888336127774,1e-07,-273.72077012989394,,,
T3,2.0,0.1873817422860383,0.046415888336127774,1e-06,-215.67616264677181,,,
T3,2.0,0.1873817422860383,0.046415888336127774,1e-05,-85.99699047979085,,,
T3,2.0,0.1873817422860383,0.046415888336127774,0.0001,-17.903453464741215,,,
T3,2.0,0.1873817422860383,0.046415888336127774,0.001,-1.66176582417284,,,
T3,2.0,0.1873817422860383,0.046415888336127774,0.01,0.13487848211151404,,,
T3,2.0,0.1873817422860383,0.046415888336127774,0.1,-0.38384663934320357,,,
T3,2.0,0.1873817422860383,0.046415888336127774,1.0,-1.1176622414507333,,,
T3,2.0,0.1873817422860383,0.046415888336127774,10.0,-2.0974428538509224,,,
T3,2.0,0.1873817422860383,0.21544346900318823,1e-10,-59.0014496966151,,,
T3,2.0,0.1873817422860383,0.21544346900318823,1e-09,-58.99743859507491,,,
T3,2.0,0.1873817422860383,0.21544346900318823,1e-08,-58.9573660220741,,,
T3,2.0,0.1873817422860383,0.21544346900318823,1e-07,-58.56044333359686,,,
T3,2.0,0.1873817422860383,0.21544346900318823,1e-06,-54.93465007634303,,,
T3,2.0,0.1873817422860383,0.21544346900318823,1e-05,-35.6166931989416,,,
T3,2.0,0.1873817422860383,0.21544346900318823,0.0001,-10.048602038121468,,,
T3,2.0,0.1873817422860383,0.21544346900318823,0.001,-0.8229036585318411,,,
T3,2.0,0.1873817422860383,0.21544346900318823,0.01,0.4709015400428676,,,
T3,2.0,0.1873817422860383,0.21544346900318823,0.1,-0.1336411579979931,,,
T3,2.0,0.1873817422860383,0.21544346900318823,1.0,-1.0669843333573887,,,
T3,2.0,0.1873817422860383,0.21544346900318823,10.0,-2.101499686146064,,,
T3,2.0,0.1873817422860383,1.0,1e-10,-11.35832374107662,,,
T3,2.0,0.1873817422860383,1.0,1e-09,-11.358139980358404,,,
T3,2.0,0.1873817422860383,1.0,1e-08,-11.356302755231837,,,
T3,2.0,0.1873817422860383,1.0,1e-07,-11.337968620938893,,,
T3,2.0,0.1873817422860383,1.0,1e-06,-11.15835216330446,,,
T3,2.0,0.1873817422860383,1.0,1e-05,-9.665057985986573,,,
T3,2.0,0.1873817422860383,1.0,0.0001,-4.332924618768886,,,
T3,2.0,0.1873817422860383,1.0,0.001,-0.2931586741117975,,,
T3,2.0,0.1873817422860383,1.0,0.01,0.38754155597823753,,,
T3,2.0,0.1873817422860383,1.0,0.1,-0.1864959224593587,,,
T3,2.0,0.1873817422860383,1.0,1.0,-1.0909215689266016,,,
T3,2.0,0.1873817422860383,1.0,10.0,-2.118890529132071,,,
T3,2.0,0.1873817422860383,4.641588833612772,1e-10,-1.696020702126204,,,
T3,2.0,0.1873817422860383,4.641588833612772,1e-09,-1.6960126968778841,,,
T3,2.0,0.1873817422860383,4.641588833612772,1e-08,-1.6959326481278474,,,
T3,2.0,0.1873817422860383,4.641588833612772,1e-07,-1.6951325299888336,,,
T3,2.0,0.1873817422860383,4.641588833612772,1e-06,-1.6871680963664129,,,
T3,2.0,0.1873817422860383,4.641588833612772,1e-05,-1.6110217643896676,,,
T3,2.0,0.1873817422860383,4.641588833612772,0.0001,-1.083812648055876,,,
T3,2.0,0.1873817422860383,4.641588833612772,0.001,-0.022711081066215756,,,
T3,2.0,0.1873817422860383,4.641588833612772,0.01,0.1658634121073817,,,
T3,2.0,0.1873817422860383,4.641588833612772,0.1,-0.36964608682392636,,,
T3,2.0,0.1873817422860383,4.641588833612772,1.0,-1.2004202465368479,,,
T3,2.0,0.1873817422860383,4.641588833612772,10.0,-2.17140203793671,,,
T3,2.0,0.1873817422860383,21.54434690031882,1e-10,-0.21650666119824952,,,
T3,2.0,0.1873817422860383,21.54434690031882,1e-09,-0.2165064025895262,,,
T3,2.0,0.1873817422860383,21.54434690031882,1e-08,-0.2165038165312753,,,
T3,2.0,0.1873817422860383,21.54434690031882,1e-07,-0.21647795906458267,,,
T3,2.0,0.1873817422860383,21.54434690031882,1e-06,-0.21621969502345362,,,
T3,2.0,0.1873817422860383,21.54434690031882,1e-05,-0.2136677650811416,,,
T3,2.0,0.1873817422860383,21.54434690031882,0.0001,-0.19090613659199623,,,
T3,2.0,0.1873817422860383,21.54434690031882,0.001,-0.0936387659127977,,,
T3,2.0,0.1873817422860383,21.54434690031882,0.01,-0.1602817855119989,,,
T3,2.0,0.1873817422860383,21.54434690031882,0.1,-0.6361069555932254,,,
T3,2.0,0.1873817422860383,21.54434690031882,1.0,-1.3764273432628085,,,
T3,2.0,0.1873817422860383,21.54434690031882,10.0,-2.2729638211758942,,,
T3,2.0,0.1873817422860383,100.0,1e-10,-0.49992425940404983,,,
T3,2.0,0.1873817422860383,100.0,1e-09,-0.49992427173784015,,,
T3,2.0,0.1873817422860383,100.0,1e-08,-0.4999243950733658,,,
T3,2.0,0.1873817422860383,100.0,1e-07,-0.499925628439553,,,
T3,2.0,0.1873817422860383,100.0,1e-06,-0.4999379624894891,,,
T3,2.0,0.1873817422860383,100.0,1e-05,-0.500061341939843,,,
T3,2.0,0.1873817422860383,100.0,0.0001,-0.5012987638221984,,,
T3,2.0,0.1873817422860383,100.0,0.001,-0.5138351615501447,,,
T3,2.0,0.1873817422860383,100.0,0.01,-0.6182638841196947,,,
T3,2.0,0.1873817422860383,100.0,0.1,-0.987538207660922,,,
T3,2.0,0.1873817422860383,100.0,1.0,-1.6171813998886457,,,
T3,2.0,0.1873817422860383,100.0,10.0,-2.426181745748715,,,
T3,2.0,0.1873817422860383,464.1588833612773,1e-10,-1.16315411368981,,,
T3,2.0,0.1873817422860383,464.1588833612773,1e-09,-1.1631541195053188,,,
T3,2.0,0.1873817422860383,464.1588833612773,1e-08,-1.1631541776633447,,,
T3,2.0,0.1873817422860383,464.1588833612773,1e-07,-1.1631547592384393,,,
T3,2.0,0.1873817422860383,464.1588833612773,1e-06,-1.1631605748669938,,,
T3,2.0,0.1873817422860383,464.1588833612773,1e-05,-1.16321871893582,,,
T3,2.0,0.1873817422860383,464.1588833612773,0.0001,-1.1637989422865067,,,
T3,2.0,0.1873817422860383,464.1588833612773,0.001,-1.169483522791382,,,
T3,2.0,0.1873817422860383,464.1588833612773,0.01,-1.21744839012876,,,
T3,2.0,0.1873817422860383,464.1588833612773,0.1,-1.4425275291429287,,,
T3,2.0,0.1873817422860383,464.1588833612773,1.0,-1.9330026611882332,,,
T3,2.0,0.1873817422860383,464.1588833612773,10.0,-2.636284131514544,,,
T3,2.0,0.1873817422860383,2154.4346900318824,1e-10,-1.9082120448707727,,,
T3,2.0,0.1873817422860383,2154.4346900318824,1e-09,-1.908212046269925,,,
T3,2.0,0.1873817422860383,2154.4346900318824,1e-08,-1.908212060265749,,,
T3,2.0,0.1873817422860383,2154.4346900318824,1e-07,-1.9082122002234925,,,
T3,2.0,0.1873817422860383,2154.4346900318824,1e-06,-1.9082135997915504,,,
T3,2.0,0.1873817422860383,2154.4346900318824,1e-05,-1.908227594767466,,,
T3,2.0,0.1873817422860383,2154.4346900318824,0.0001,-1.9083674738192897,,,
T3,2.0,0.1873817422860383,2154.4346900318824,0.001,-1.9097592514574793,,,
T3,2.0,0.1873817422860383,2154.4346900318824,0.01,-1.9230279392573713,,,
T3,2.0,0.1873817422860383,2154.4346900318824,0.1,-2.017967463650764,,,
T3,2.0,0.1873817422860383,2154.4346900318824,1.0,-2.3409578250552174,,,
T3,2.0,0.1873817422860383,2154.4346900318824,10.0,-2.9137982306320587,,,
T3,2.0,0.1873817422860383,10000.0,1e-10,-2.67089930111863,,,
T3,2.0,0.1873817422860383,10000.0,1e-09,-2.670899301426848,,,
T3,2.0,0.1873817422860383,10000.0,1e-08,-2.6708993045105207,,,
T3,2.0,0.1873817422860383,10000.0,1e-07,-2.6708993353438077,,,
T3,2.0,0.1873817422860383,10000.0,1e-06,-2.6708996436774144,,,
T3,2.0,0.1873817422860383,10000.0,1e-05,-2.670902726984264,,,
T3,2.0,0.1873817422860383,10000.0,0.0001,-2.6709335566261236,,,
T3,2.0,0.1873817422860383,10000.0,0.001,-2.6712415112138492,,,
T3,2.0,0.1873817422860383,10000.0,0.01,-2.6742874718915592,,,
T3,2.0,0.1873817422860383,10000.0,0.1,-2.7018821753696147,,,
T3,2.0,0.1873817422860383,10000.0,1.0,-2.8606765188373604,,,
T3,2.0,0.1873817422860383,10000.0,10.0,-3.2740412450605296,,,
T3,2.0,0.5336699231206307,0.0001,1e-10,-7937208.990763756,,,
T3,2.0,0.5336699231206307,0.0001,1e-09,-1841751.4071336493,,,
T3,2.0,0.5336699231206307,0.0001,1e-08,-284631.8005032424,,,
T3,2.0,0.5336699231206307,0.0001,1e-07,-35558.0713588758,,,
T3,2.0,0.5336699231206307,0.0001,1e-06,-5470.370649202376,,,
T3,2.0,0.5336699231206307,0.0001,1e-05,-1823.8246943169947,,,
T3,2.0,0.5336699231206307,0.0001,0.0001,-667.2048591899875,,,
T3,2.0,0.5336699231206307,0.0001,0.001,-167.30976221055727,,,
T3,2.0,0.5336699231206307,0.0001,0.01,-23.207163523500032,,,
T3,2.0,0.5336699231206307,0.0001,0.1,-2.3619788710381764,,,
T3,2.0,0.5336699231206307,0.0001,1.0,-1.1798317897500503,,,
T3,2.0,0.5336699231206307,0.0001,10.0,-2.096335121274836,,,
T3,2.0,0.5336699231206307,0.00046415888336127773,1e-10,-3303585.6107763504,,,
T3,2.0,0.5336699231206307,0.00046415888336127773,1e-09,-1101954.2836396357,,,
T3,2.0,0.5336699231206307,0.00046415888336127773,1e-08,-222367.7148563958,,,
T3,2.0,0.5336699231206307,0.00046415888336127773,1e-07,-30864.189116081317,,,
T3,2.0,0.5336699231206307,0.00046415888336127773,1e-06,-3877.043041707583,,,
T3,2.0,0.5336699231206307,0.00046415888336127773,1e-05,-746.0099713117507,,,
T3,2.0,0.5336699231206307,0.00046415888336127773,0.0001,-292.4389075893621,,,
T3,2.0,0.5336699231206307,0.00046415888336127773,0.001,-92.17855100195499,,,
T3,2.0,0.5336699231206307,0.00046415888336127773,0.01,-19.19417847261593,,,
T3,2.0,0.5336699231206307,0.00046415888336127773,0.1,-2.3067131062498603,,,
T3,2.0,0.5336699231206307,0.00046415888336127773,1.0,-1.179419610141276,,,
T3,2.0,0.5336699231206307,0.00046415888336127773,10.0,-2.0963473623160107,,,
T3,2.0,0.5336699231206307,0.002154434690031882,1e-10,-967688.5621689664,,,
T3,2.0,0.5336699231206307,0.002154434690031882,1e-09,-534778.4803665327,,,
T3,2.0,0.5336699231206307,0.002154434690031882,1e-08,-145620.6645946317,,,
T3,2.0,0.5336699231206307,0.002154434690031882,1e-07,-25630.190153717012,,,
T3,2.0,0.5336699231206307,0.002154434690031882,1e-06,-3307.521808971533,,,
T3,2.0,0.5336699231206307,0.002154434690031882,1e-05,-438.7551784540228,,,
T3,2.0,0.5336699231206307,0.002154434690031882,0.0001,-110.1248165620705,,,
T3,2.0,0.5336699231206307,0.002154434690031882,0.001,-43.41877078996423,,,
T3,2.0,0.5336699231206307,0.002154434690031882,0.01,-11.65729717842989,,,
T3,2.0,0.5336699231206307,0.002154434690031882,0.1,-2.0859537794834657,,,
T3,2.0,0.5336699231206307,0.002154434690031882,1.0,-1.1775316141318353,,,
T3,2.0,0.5336699231206307,0.002154434690031882,10.0,-2.0964040218399296,,,
T3,2.0,0.5336699231206307,0.01,1e-10,-228535.97668753896,,,
T3,2.0,0.5336699231206307,0.01,1e-09,-185945.21367242507,,,
T3,2.0,0.5336699231206307,0.01,1e-08,-79365.97441421854,,,
T3,2.0,0.5336699231206307,0.01,1e-07,-18411.86262296415,,,
T3,2.0,0.5336699231206307,0.01,1e-06,-2841.3320022277017,,,
T3,2.0,0.5336699231206307,0.01,1e-05,-351.40207439413626,,,
T3,2.0,0.5336699231206307,0.01,0.0001,-51.432241034505026,,,
T3,2.0,0.5336699231206307,0.01,0.001,-15.945808792920861,,,
T3,2.0,0.5336699231206307,0.01,0.01,-5.413115586786031,,,
T3,2.0,0.5336699231206307,0.01,0.1,-1.4931198097620986,,,
T3,2.0,0.5336699231206307,0.01,1.0,-1.169301922976678,,,
T3,2.0,0.5336699231206307,0.01,10.0,-2.09666367175749,,,
T3,2.0,0.5336699231206307,0.046415888336127774,1e-10,-50314.63408559405,,,
T3,2.0,0.5336699231206307,0.046415888336127774,1e-09,-47746.468538548834,,,
T3,2.0,0.5336699231206307,0.046415888336127774,1e-08,-33030.33157004121,,,
T3,2.0,0.5336699231206307,0.046415888336127774,1e-07,-11014.315285732688,,,
T3,2.0,0.5336699231206307,0.046415888336127774,1e-06,-2218.9882833356482,,,
T3,2.0,0.5336699231206307,0.046415888336127774,1e-05,-304.6715131967677,,,
T3,2.0,0.5336699231206307,0.046415888336127774,0.0001,-35.64457652373848,,,
T3,2.0,0.5336699231206307,0.046415888336127774,0.001,-5.267895943137867,,,
T3,2.0,0.5336699231206307,0.046415888336127774,0.01,-1.7308521171507387,,,
T3,2.0,0.5336699231206307,0.046415888336127774,0.1,-0.7775606751150136,,,
T3,2.0,0.5336699231206307,0.046415888336127774,1.0,-1.1406435531868602,,,
T3,2.0,0.5336699231206307,0.046415888336127774,10.0,-2.0978033410123773,,,
T3,2.0,0.5336699231206307,0.21544346900318823,1e-10,-10888.29716478804,,,
T3,2.0,0.5336699231206307,0.21544346900318823,1e-09,-10760.867512857254,,,
T3,2.0,0.5336699231206307,0.21544346900318823,1e-08,-9672.050857828528,,,
T3,2.0,0.5336699231206307,0.21544346900318823,1e-07,-5343.090112777655,,,
T3,2.0,0.5336699231206307,0.21544346900318823,1e-06,-1451.8944674559475,,,
T3,2.0,0.5336699231206307,0.21544346900318823,1e-05,-252.5954478002812,,,
T3,2.0,0.5336699231206307,0.21544346900318823,0.0001,-30.134327664154284,,,
T3,2.0,0.5336699231206307,0.21544346900318823,0.001,-2.3242823639964088,,,
T3,2.0,0.5336699231206307,0.21544346900318823,0.01,0.00454821713363458,,,
T3,2.0,0.5336699231206307,0.21544346900318823,0.1,-0.3451133253585711,,,
T3,2.0,0.5336699231206307,0.21544346900318823,1.0,-1.0919034815012345,,,
T3,2.0,0.5336699231206307,0.21544346900318823,10.0,-2.1021136222645525,,,
T3,2.0,0.5336699231206307,1.0,1e-10,-2345.1441322525793,,,
T3,2.0,0.5336699231206307,1.0,1e-09,-2339.1403339454137,,,
T3,2.0,0.5336699231206307,1.0,1e-08,-2281.2648347685126,,,
T3,2.0,0.5336699231206307,1.0,1e-07,-1855.4027360250366,,,
T3,2.0,0.5336699231206307,1.0,1e-06,-789.8238146090055,,,
T3,2.0,0.5336699231206307,1.0,1e-05,-180.7467370242244,,,
T3,2.0,0.5336699231206307,1.0,0.0001,-25.706876463829577,,,
T3,2.0,0.5336699231206307,1.0,0.001,-1.6149407914053655,,,
T3,2.0,0.5336699231206307,1.0,0.01,0.47758380510866905,,,
T3,2.0,0.5336699231206307,1.0,0.1,-0.14657917974422113,,,
T3,2.0,0.5336699231206307,1.0,1.0,-1.0747573928181153,,,
T3,2.0,0.5336699231206307,1.0,10.0,-2.114512627818252,,,
T3,2.0,0.5336699231206307,4.641588833612772,1e-10,-502.85854642818657,,,
T3,2.0,0.5336699231206307,4.641588833612772,1e-09,-502.5790570563025,,,
T3,2.0,0.5336699231206307,4.641588833612772,1e-08,-499.80658037355,,,
T3,2.0,0.5336699231206307,4.641588833612772,1e-07,-474.1362397543065,,,
T3,2.0,0.5336699231206307,4.641588833612772,1e-06,-327.05833745034835,,,
T3,2.0,0.5336699231206307,4.641588833612772,1e-05,-107.19516135357041,,,
T3,2.0,0.5336699231206307,4.641588833612772,0.0001,-19.78057684792504,,,
T3,2.0,0.5336699231206307,4.641588833612772,0.001,-1.355896409982866,,,
T3,2.0,0.5336699231206307,4.641588833612772,0.01,0.48984888603592014,,,
T3,2.0,0.5336699231206307,4.641588833612772,0.1,-0.1400344315158722,,,
T3,2.0,0.5336699231206307,4.641588833612772,1.0,-1.1033308044927281,,,
T3,2.0,0.5336699231206307,4.641588833612772,10.0,-2.143110013910719,,,
T3,2.0,0.5336699231206307,21.54434690031882,1e-10,-106.4443884091631,,,
T3,2.0,0.5336699231206307,21.54434690031882,1e-09,-106.43142669730807,,,
T3,2.0,0.5336699231206307,21.54434690031882,1e-08,-106.30203589082484,,,
T3,2.0,0.5336699231206307,21.54434690031882,1e-07,-105.0302673536914,,,
T3,2.0,0.5336699231206307,21.54434690031882,1e-06,-94.16530467278045,,,
T3,2.0,0.5336699231206307,21.54434690031882,1e-05,-51.01576965075607,,,
T3,2.0,0.5336699231206307,21.54434690031882,0.0001,-12.48632542413102,,,
T3,2.0,0.5336699231206307,21.54434690031882,0.001,-1.0990599841396786,,,
T3,2.0,0.5336699231206307,21.54434690031882,0.01,0.3599879068633586,,,
T3,2.0,0.5336699231206307,21.54434690031882,0.1,-0.23953264515860848,,,
T3,2.0,0.5336699231206307,21.54434690031882,1.0,-1.1737173771372222,,,
T3,2.0,0.5336699231206307,21.54434690031882,10.0,-2.193935992775792,,,
T3,2.0,0.5336699231206307,100.0,1e-10,-21.63670493019507,,,
T3,2.0,0.5336699231206307,100.0,1e-09,-21.63610756923579,,,
T3,2.0,0.5336699231206307,100.0,1e-08,-21.63013626703859,,,
T3,2.0,0.5336699231206307,100.0,1e-07,-21.57064738086016,,,
T3,2.0,0.5336699231206307,100.0,1e-06,-20.997274869600965,,,
T3,2.0,0.5336699231206307,100.0,1e-05,-16.78418643357755,,,
T3,2.0,0.5336699231206307,100.0,0.0001,-6.34186775309597,,,
T3,2.0,0.5336699231206307,100.0,0.001,-0.7151374072378293,,,
T3,2.0,0.5336699231206307,100.0,0.01,0.16981555175681856,,,
T3,2.0,0.5336699231206307,100.0,0.1,-0.39662869744154927,,,
T3,2.0,0.5336699231206307,100.0,1.0,-1.2828771885592933,,,
T3,2.0,0.5336699231206307,100.0,10.0,-2.26814612567656,,,
T3,2.0,0.5336699231206307,464.1588833612773,1e-10,-3.9673801617213313,,,
T3,2.0,0.5336699231206307,464.1588833612773,1e-09,-3.967353375014416,,,
T3,2.0,0.5336699231206307,464.1588833612773,1e-08,-3.9670855144036197,,,
T3,2.0,0.5336699231206307,464.1588833612773,1e-07,-3.9644091309231273,,,
T3,2.0,0.5336699231206307,464.1588833612773,1e-06,-3.9378642815300418,,,
T3,2.0,0.5336699231206307,464.1588833612773,1e-05,-3.692476007499412,,,
T3,2.0,0.5336699231206307,464.1588833612773,0.0001,-2.3051643319613913,,,
T3,2.0,0.5336699231206307,464.1588833612773,0.001,-0.40351934360131236,,,
T3,2.0,0.5336699231206307,464.1588833612773,0.01,-0.06805902503973371,,,
T3,2.0,0.5336699231206307,464.1588833612773,0.1,-0.6022994841826376,,,
T3,2.0,0.5336699231206307,464.1588833612773,1.0,-1.4283661019304645,,,
T3,2.0,0.5336699231206307,464.1588833612773,10.0,-2.3683150584637587,,,
T3,2.0,0.5336699231206307,2154.4346900318824,1e-10,-0.7627981329524612,,,
T3,2.0,0.5336699231206307,2154.4346900318824,1e-09,-0.762797091926703,,,
T3,2.0,0.5336699231206307,2154.4346900318824,1e-08,-0.7627866830825584,,,
T3,2.0,0.5336699231206307,2154.4346900318824,1e-07,-0.7626826083594356,,,
T3,2.0,0.5336699231206307,2154.4346900318824,1e-06,-0.7616438773614501,,,
T3,2.0,0.5336699231206307,2154.4346900318824,1e-05,-0.7514541461720222,,,
T3,2.0,0.5336699231206307,2154.4346900318824,0.0001,-0.6660084045795418,,,
T3,2.0,0.5336699231206307,2154.4346900318824,0.001,-0.3745854664666156,,,
T3,2.0,0.5336699231206307,2154.4346900318824,0.01,-0.371803245798191,,,
T3,2.0,0.5336699231206307,2154.4346900318824,0.1,-0.8636553480320062,,,
T3,2.0,0.5336699231206307,2154.4346900318824,1.0,-1.6146281794928332,,,
T3,2.0,0.5336699231206307,2154.4346900318824,10.0,-2.4982443900361004,,,
T3,2.0,0.5336699231206307,10000.0,1e-10,-0.6745607538823731,,,
T3,2.0,0.5336699231206307,10000.0,1e-09,-0.6745607491680201,,,
T3,2.0,0.5336699231206307,10000.0,1e-08,-0.6745607020648885,,,
T3,2.0,0.5336699231206307,10000.0,1e-07,-0.6745602317951981,,,
T3,2.0,0.5336699231206307,10000.0,1e-06,-0.6745555402274847,,,
T3,2.0,0.5336699231206307,10000.0,1e-05,-0.6745097480101796,,,
T3,2.0,0.5336699231206307,10000.0,0.0001,-0.6741585123273487,,,
T3,2.0,0.5336699231206307,10000.0,0.001,-0.6775601783584311,,,
T3,2.0,0.5336699231206307,10000.0,0.01,-0.7866075272263778,,,
T3,2.0,0.5336699231206307,10000.0,0.1,-1.194380653139203,,,
T3,2.0,0.5336699231206307,10000.0,1.0,-1.850976770151545,,,
T3,2.0,0.5336699231206307,10000.0,10.0,-2.6640048185660303,,,
T3,2.0,1.5199110829529332,0.0001,1e-10,-30043638.915868275,,,
T3,2.0,1.5199110829529332,0.0001,1e-09,-3553434.533609008,,,
T3,2.0,1.5199110829529332,0.0001,1e-08,-453642.1986964239,,,
T3,2.0,1.5199110829529332,0.0001,1e-07,-117427.09916940036,,,
T3,2.0,1.5199110829529332,0.0001,1e-06,-46233.07581345279,,,
T3,2.0,1.5199110829529332,0.0001,1e-05,-8649.810984146761,,,
T3,2.0,1.5199110829529332,0.0001,0.0001,-1434.3508380523174,,,
T3,2.0,1.5199110829529332,0.0001,0.001,-228.97172734089332,,,
T3,2.0,1.5199110829529332,0.0001,0.01,-24.3722895851684,,,
T3,2.0,1.5199110829529332,0.0001,0.1,-2.3746482388987893,,,
T3,2.0,1.5199110829529332,0.0001,1.0,-1.179959586848375,,,
T3,2.0,1.5199110829529332,0.0001,10.0,-2.0963364003584433,,,
T3,2.0,1.5199110829529332,0.00046415888336127773,1e-10,-24868872.41963111,,,
T3,2.0,1.5199110829529332,0.00046415888336127773,1e-09,-3203468.082261866,,,
T3,2.0,1.5199110829529332,0.00046415888336127773,1e-08,-374344.8518426681,,,
T3,2.0,1.5199110829529332,0.00046415888336127773,1e-07,-55609.30285897432,,,
T3,2.0,1.5199110829529332,0.00046415888336127773,1e-06,-19213.405973995872,,,
T3,2.0,1.5199110829529332,0.00046415888336127773,1e-05,-6155.871753700816,,,
T3,2.0,1.5199110829529332,0.00046415888336127773,0.0001,-992.404261154648,,,
T3,2.0,1.5199110829529332,0.00046415888336127773,0.001,-173.78475490032218,,,
T3,2.0,1.5199110829529332,0.00046415888336127773,0.01,-23.22275118018644,,,
T3,2.0,1.5199110829529332,0.00046415888336127773,0.1,-2.363479266109421,,,
T3,2.0,1.5199110829529332,0.00046415888336127773,1.0,-1.180010200457442,,,
T3,2.0,1.5199110829529332,0.00046415888336127773,10.0,-2.0963532920291694,,,
T3,2.0,1.5199110829529332,0.002154434690031882,1e-10,-17561781.042649865,,,
T3,2.0,1.5199110829529332,0.002154434690031882,1e-09,-2772546.8540060623,,,
T3,2.0,1.5199110829529332,0.002154434690031882,1e-08,-338317.12757392175,,,
T3,2.0,1.5199110829529332,0.002154434690031882,1e-07,-40233.47468036941,,,
T3,2.0,1.5199110829529332,0.002154434690031882,1e-06,-7637.440141701236,,,
T3,2.0,1.5199110829529332,0.002154434690031882,1e-05,-3100.7716703524356,,,
T3,2.0,1.5199110829529332,0.002154434690031882,0.0001,-744.6616170151635,,,
T3,2.0,1.5199110829529332,0.002154434690031882,0.001,-115.25802455106547,,,
T3,2.0,1.5199110829529332,0.002154434690031882,0.01,-19.432276911615542,,,
T3,2.0,1.5199110829529332,0.002154434690031882,0.1,-2.3122820445434966,,,
T3,2.0,1.5199110829529332,0.002154434690031882,1.0,-1.18021861966715,,,
T3,2.0,1.5199110829529332,0.002154434690031882,10.0,-2.0964313895015736,,,
T3,2.0,1.5199110829529332,0.01,1e-10,-10336602.787068712,,,
T3,2.0,1.5199110829529332,0.01,1e-09,-2140090.4691589996,,,
T3,2.0,1.5199110829529332,0.01,1e-08,-300429.2228798421,,,
T3,2.0,1.5199110829529332,0.01,1e-07,-35528.009337982585,,,
T3,2.0,1.5199110829529332,0.01,1e-06,-4531.003543863062,,,
T3,2.0,1.5199110829529332,0.01,1e-05,-1169.8309389834646,,,
T3,2.0,1.5199110829529332,0.01,0.0001,-458.9123134494365,,,
T3,2.0,1.5199110829529332,0.01,0.001,-84.13309680542307,,,
T3,2.0,1.5199110829529332,0.01,0.01,-13.057185066180532,,,
T3,2.0,1.5199110829529332,0.01,0.1,-2.1045357585746682,,,
T3,2.0,1.5199110829529332,0.01,1.0,-1.1807344207148986,,,
T3,2.0,1.5199110829529332,0.01,10.0,-2.096787438846744,,,
T3,2.0,1.5199110829529332,0.046415888336127774,1e-10,-4894299.388992868,,,
T3,2.0,1.5199110829529332,0.046415888336127774,1e-09,-1376942.8807754559,,,
T3,2.0,1.5199110829529332,0.046415888336127774,1e-08,-248681.83108735108,,,
T3,2.0,1.5199110829529332,0.046415888336127774,1e-07,-32028.53935751576,,,
T3,2.0,1.5199110829529332,0.046415888336127774,1e-06,-3738.1700504196074,,,
T3,2.0,1.5199110829529332,0.046415888336127774,1e-05,-551.7548317014762,,,
T3,2.0,1.5199110829529332,0.046415888336127774,0.0001,-188.7902649782411,,,
T3,2.0,1.5199110829529332,0.046415888336127774,0.001,-59.248158710601615,,,
T3,2.0,1.5199110829529332,0.046415888336127774,0.01,-8.675892541192221,,,
T3,2.0,1.5199110829529332,0.046415888336127774,0.1,-1.5759264316550576,,,
T3,2.0,1.5199110829529332,0.046415888336127774,1.0,-1.178741410415459,,,
T3,2.0,1.5199110829529332,0.046415888336127774,10.0,-2.098315426295124,,,
T3,2.0,1.5199110829529332,0.21544346900318823,1e-10,-1645274.4662968877,,,
T3,2.0,1.5199110829529332,0.21544346900318823,1e-09,-736979.7263829955,,,
T3,2.0,1.5199110829529332,0.21544346900318823,1e-08,-175611.26215250496,,,
T3,2.0,1.5199110829529332,0.21544346900318823,1e-07,-27719.570855608676,,,
T3,2.0,1.5199110829529332,0.21544346900318823,1e-06,-3378.0669011984114,,,
T3,2.0,1.5199110829529332,0.21544346900318823,1e-05,-398.12230487814446,,,
T3,2.0,1.5199110829529332,0.21544346900318823,0.0001,-73.12240174694806,,,
T3,2.0,1.5199110829529332,0.21544346900318823,0.001,-28.764446524419725,,,
T3,2.0,1.5199110829529332,0.21544346900318823,0.01,-6.247122379026209,,,
T3,2.0,1.5199110829529332,0.21544346900318823,0.1,-1.0238978679772779,,,
T3,2.0,1.5199110829529332,0.21544346900318823,1.0,-1.1593342849214434,,,
T3,2.0,1.5199110829529332,0.21544346900318823,10.0,-2.103621033685678,,,
T3,2.0,1.5199110829529332,1.0,1e-10,-414458.2401716965,,,
T3,2.0,1.5199110829529332,1.0,1e-09,-297108.5016182123,,,
T3,2.0,1.5199110829529332,1.0,1e-08,-103359.9142837125,,,
T3,2.0,1.5199110829529332,1.0,1e-07,-21395.313805762293,,,
T3,2.0,1.5199110829529332,1.0,1e-06,-2999.4054978291356,,,
T3,2.0,1.5199110829529332,1.0,1e-05,-351.22365438076224,,,
T3,2.0,1.5199110829529332,1.0,0.0001,-42.17115158504316,,,
T3,2.0,1.5199110829529332,1.0,0.001,-9.537815921417945,,,
T3,2.0,1.5199110829529332,1.0,0.01,-3.45023769146308,,,
T3,2.0,1.5199110829529332,1.0,0.1,-0.7558771740736242,,,
T3,2.0,1.5199110829529332,1.0,1.0,-1.12380777838325,,,
T3,2.0,1.5199110829529332,1.0,10.0,-2.115423084815587,,,
T3,2.0,1.5199110829529332,4.641588833612772,1e-10,-92896.42727550723,,,
T3,2.0,1.5199110829529332,4.641588833612772,1e-09,-84595.81750646338,,,
T3,2.0,1.5199110829529332,4.641588833612772,1e-08,-48937.42517922282,,,
T3,2.0,1.5199110829529332,4.641588833612772,1e-07,-13764.225157611634,,,
T3,2.0,1.5199110829529332,4.641588833612772,1e-06,-2482.2049395492168,,,
T3,2.0,1.5199110829529332,4.641588833612772,1e-05,-316.4234876314154,,,
T3,2.0,1.5199110829529332,4.641588833612772,0.0001,-34.382791738705315,,,
T3,2.0,1.5199110829529332,4.641588833612772,0.001,-3.4589106706783483,,,
T3,2.0,1.5199110829529332,4.641588833612772,0.01,-0.8236671301345908,,,
T3,2.0,1.5199110829529332,4.641588833612772,0.1,-0.5614820027642496,,,
T3,2.0,1.5199110829529332,4.641588833612772,1.0,-1.1181680971217618,,,
T3,2.0,1.5199110829529332,4.641588833612772,10.0,-2.133397389032493,,,
T3,2.0,1.5199110829529332,21.54434690031882,1e-10,-20188.79437684778,,,
T3,2.0,1.5199110829529332,21.54434690031882,1e-09,-19754.765290992276,,,
T3,2.0,1.5199110829529332,21.54434690031882,1e-08,-16447.831086377795,,,
T3,2.0,1.5199110829529332,21.54434690031882,1e-07,-7365.081533889711,,,
T3,2.0,1.5199110829529332,21.54434690031882,1e-06,-1751.8438643906356,,,
T3,2.0,1.5199110829529332,21.54434690031882,1e-05,-273.57758834289143,,,
T3,2.0,1.5199110829529332,21.54434690031882,0.0001,-30.9558536554267,,,
T3,2.0,1.5199110829529332,21.54434690031882,0.001,-2.048340366817443,,,
T3,2.0,1.5199110829529332,21.54434690031882,0.01,0.2412164105422029,,,
T3,2.0,1.5199110829529332,21.54434690031882,0.1,-0.32393352820603594,,,
T3,2.0,1.5199110829529332,21.54434690031882,1.0,-1.1425366747284809,,,
T3,2.0,1.5199110829529332,21.54434690031882,10.0,-2.161115843210046,,,
T3,2.0,1.5199110829529332,100.0,1e-10,-4354.775650093116,,,
T3,2.0,1.5199110829529332,100.0,1e-09,-4334.064118103916,,,
T3,2.0,1.5199110829529332,100.0,1e-08,-4140.394505595565,,,
T3,2.0,1.5199110829529332,100.0,1e-07,-2966.971738145901,,,
T3,2.0,1.5199110829529332,100.0,1e-06,-1029.7654030463996,,,
T3,2.0,1.5199110829529332,100.0,1e-05,-210.64182980487823,,,
T3,2.0,1.5199110829529332,100.0,0.0001,-27.386883229443026,,,
T3,2.0,1.5199110829529332,100.0,0.001,-1.735356789264236,,,
T3,2.0,1.5199110829529332,100.0,0.01,0.43761309568654844,,,
T3,2.0,1.5199110829529332,100.0,0.1,-0.21444393286056443,,,
T3,2.0,1.5199110829529332,100.0,1.0,-1.1751761759474888,,,
T3,2.0,1.5199110829529332,100.0,10.0,-2.2016642198242358,,,
T3,2.0,1.5199110829529332,464.1588833612773,1e-10,-936.0212332852528,,,
T3,2.0,1.5199110829529332,464.1588833612773,1e-09,-935.0541900166097,,,
T3,2.0,1.5199110829529332,464.1588833612773,1e-08,-925.5275183057331,,,
T3,2.0,1.5199110829529332,464.1588833612773,1e-07,-842.5416364497771,,,
T3,2.0,1.5199110829529332,464.1588833612773,1e-06,-486.08525598548124,,,
T3,2.0,1.5199110829529332,464.1588833612773,1e-05,-134.71817575966702,,,
T3,2.0,1.5199110829529332,464.1588833612773,0.0001,-22.488238540868686,,,
T3,2.0,1.5199110829529332,464.1588833612773,0.001,-1.5818881733897545,,,
T3,2.0,1.5199110829529332,464.1588833612773,0.01,0.37552160589806577,,,
T3,2.0,1.5199110829529332,464.1588833612773,0.1,-0.25551070244191887,,,
T3,2.0,1.5199110829529332,464.1588833612773,1.0,-1.2235603937175217,,,
T3,2.0,1.5199110829529332,464.1588833612773,10.0,-2.2541744777499773,,,
T3,2.0,1.5199110829529332,2154.4346900318824,1e-10,-199.70156287293293,,,
T3,2.0,1.5199110829529332,2154.4346900318824,1e-09,-199.6566674583094,,,
T3,2.0,1.5199110829529332,2154.4346900318824,1e-08,-199.20907150634437,,,
T3,2.0,1.5199110829529332,2154.4346900318824,1e-07,-194.8734549436819,,,
T3,2.0,1.5199110829529332,2154.4346900318824,1e-06,-161.84426342066254,,,
T3,2.0,1.5199110829529332,2154.4346900318824,1e-05,-71.21464235392692,,,
T3,2.0,1.5199110829529332,2154.4346900318824,0.0001,-15.529240928559412,,,
T3,2.0,1.5199110829529332,2154.4346900318824,0.001,-1.3972147746262862,,,
T3,2.0,1.5199110829529332,2154.4346900318824,0.01,0.2356975780786968,,,
T3,2.0,1.5199110829529332,2154.4346900318824,0.1,-0.3671599637531794,,,
T3,2.0,1.5199110829529332,2154.4346900318824,1.0,-1.3047066499408588,,,
T3,2.0,1.5199110829529332,2154.4346900318824,10.0,-2.3190876403052685,,,
T3,2.0,1.5199110829529332,10000.0,1e-10,-41.65114349019012,,,
T3,2.0,1.5199110829529332,10000.0,1e-09,-41.649065790977815,,,
T3,2.0,1.5199110829529332,10000.0,1e-08,-41.62831144612163,,,
T3,2.0,1.5199110829529332,10000.0,1e-07,-41.42221702240691,,,
T3,2.0,1.5199110829529332,10000.0,1e-06,-39.49534447334613,,,
T3,2.0,1.5199110829529332,10000.0,1e-05,-27.835818459068822,,,
T3,2.0,1.5199110829529332,10000.0,0.0001,-8.74347434693602,,,
T3,2.0,1.5199110829529332,10000.0,0.001,-1.074669333150584,,,
T3,2.0,1.5199110829529332,10000.0,0.01,0.05374367126652224,,,
T3,2.0,1.5199110829529332,10000.0,0.1,-0.5200330553946666,,,
T3,2.0,1.5199110829529332,10000.0,1.0,-1.415858499570579,,,
T3,2.0,1.5199110829529332,10000.0,10.0,-2.4007694550391414,,,
T3,2.0,4.328761281083057,0.0001,1e-10,-46605823.08079606,,,
T3,2.0,4.328761281083057,0.0001,1e-09,-12117458.96490695,,,
T3,2.0,4.328761281083057,0.0001,1e-08,-4796528.089794988,,,
T3,2.0,4.328761281083057,0.0001,1e-07,-835960.3050199153,,,
T3,2.0,4.328761281083057,0.0001,1e-06,-98874.05553740382,,,
T3,2.0,4.328761281083057,0.0001,1e-05,-13685.690678457628,,,
T3,2.0,4.328761281083057,0.0001,0.0001,-2224.076952047221,,,
T3,2.0,4.328761281083057,0.0001,0.001,-253.6295225906155,,,
T3,2.0,4.328761281083057,0.0001,0.01,-24.670293928357786,,,
T3,2.0,4.328761281083057,0.0001,0.1,-2.3776884104585476,,,
T3,2.0,4.328761281083057,0.0001,1.0,-1.179990048927087,,,
T3,2.0,4.328761281083057,0.0001,10.0,-2.096336705039576,,,
T3,2.0,4.328761281083057,0.00046415888336127773,1e-10,-38448445.7776429,,,
T3,2.0,4.328761281083057,0.00046415888336127773,1e-09,-5720744.599973228,,,
T3,2.0,4.328761281083057,0.00046415888336127773,1e-08,-1987273.90762138,,,
T3,2.0,4.328761281083057,0.00046415888336127773,1e-07,-634775.1833856044,,,
T3,2.0,4.328761281083057,0.00046415888336127773,1e-06,-89263.24553631352,,,
T3,2.0,4.328761281083057,0.00046415888336127773,1e-05,-10578.504899920465,,,
T3,2.0,4.328761281083057,0.00046415888336127773,0.0001,-1643.5512854109377,,,
T3,2.0,4.328761281083057,0.00046415888336127773,0.001,-238.23074962388537,,,
T3,2.0,4.328761281083057,0.00046415888336127773,0.01,-24.499605443735124,,,
T3,2.0,4.328761281083057,0.00046415888336127773,0.1,-2.3774646442563836,,,
T3,2.0,4.328761281083057,0.00046415888336127773,1.0,-1.180151333700597,,,
T3,2.0,4.328761281083057,0.00046415888336127773,10.0,-2.0963547046376227,,,
T3,2.0,4.328761281083057,0.002154434690031882,1e-10,-35019903.66731729,,,
T3,2.0,4.328761281083057,0.002154434690031882,1e-09,-4131298.418963991,,,
T3,2.0,4.328761281083057,0.002154434690031882,1e-08,-787350.5949784629,,,
T3,2.0,4.328761281083057,0.002154434690031882,1e-07,-321907.96471073374,,,
T3,2.0,4.328761281083057,0.002154434690031882,1e-06,-75466.40823448819,,,
T3,2.0,4.328761281083057,0.002154434690031882,1e-05,-9389.70041295471,,,
T3,2.0,4.328761281083057,0.002154434690031882,0.0001,-1171.4131521280588,,,
T3,2.0,4.328761281083057,0.002154434690031882,0.001,-193.5484417684857,,,
T3,2.0,4.328761281083057,0.002154434690031882,0.01,-23.736433266205886,,,
T3,2.0,4.328761281083057,0.002154434690031882,0.1,-2.3746553927443452,,,
T3,2.0,4.328761281083057,0.002154434690031882,1.0,-1.1808683547349301,,,
T3,2.0,4.328761281083057,0.002154434690031882,10.0,-2.096437912121832,,,
T3,2.0,4.328761281083057,0.01,1e-10,-31599554.529001467,,,
T3,2.0,4.328761281083057,0.01,1e-09,-3658776.6518751755,,,
T3,2.0,4.328761281083057,0.01,1e-08,-466050.62492143235,,,
T3,2.0,4.328761281083057,0.01,1e-07,-121167.97007766487,,,
T3,2.0,4.328761281083057,0.01,1e-06,-47959.68488737479,,,
T3,2.0,4.328761281083057,0.01,1e-05,-8355.056342238531,,,
T3,2.0,4.328761281083057,0.01,0.0001,-985.2624650384074,,,
T3,2.0,4.328761281083057,0.01,0.001,-134.46196782263365,,,
T3,2.0,4.328761281083057,0.01,0.01,-20.94314219910915,,,
T3,2.0,4.328761281083057,0.01,0.1,-2.349502684437014,,,
T3,2.0,4.328761281083057,0.01,1.0,-1.1836524474518848,,,
T3,2.0,4.328761281083057,0.01,10.0,-2.0968170038950356,,,
T3,2.0,4.328761281083057,0.046415888336127774,1e-10,-27203884.60436066,,,
T3,2.0,4.328761281083057,0.046415888336127774,1e-09,-3339599.153328657,,,
T3,2.0,4.328761281083057,0.046415888336127774,1e-08,-384476.9820716079,,,
T3,2.0,4.328761281083057,0.046415888336127774,1e-07,-57200.92368290934,,,
T3,2.0,4.328761281083057,0.046415888336127774,1e-06,-19867.21705239737,,,
T3,2.0,4.328761281083057,0.046415888336127774,1e-05,-6343.26310059249,,,
T3,2.0,4.328761281083057,0.046415888336127774,0.0001,-889.1997198250853,,,
T3,2.0,4.328761281083057,0.046415888336127774,0.001,-103.42659430697759,,,
T3,2.0,4.328761281083057,0.046415888336127774,0.01,-15.164335243735113,,,
T3,2.0,4.328761281083057,0.046415888336127774,0.1,-2.213649993734426,,,
T3,2.0,4.328761281083057,0.046415888336127774,1.0,-1.1908725670501652,,,
T3,2.0,4.328761281083057,0.046415888336127774,10.0,-2.0984394746962187,,,
T3,2.0,4.328761281083057,0.21544346900318823,1e-10,-20682811.602843504,,,
T3,2.0,4.328761281083057,0.21544346900318823,1e-09,-2958584.652681482,,,
T3,2.0,4.328761281083057,0.21544346900318823,1e-08,-350191.7244010725,,,
T3,2.0,4.328761281083057,0.21544346900318823,1e-07,-41306.58007627691,,,
T3,2.0,4.328761281083057,0.21544346900318823,1e-06,-7868.0724783141295,,,
T3,2.0,4.328761281083057,0.21544346900318823,1e-05,-3214.658789716572,,,
T3,2.0,4.328761281083057,0.21544346900318823,0.0001,-751.2850708238167,,,
T3,2.0,4.328761281083057,0.21544346900318823,0.001,-91.58039264670427,,,
T3,2.0,4.328761281083057,0.21544346900318823,0.01,-10.476572841572517,,,
T3,2.0,4.328761281083057,0.21544346900318823,0.1,-1.789942500191469,,,
T3,2.0,4.328761281083057,0.21544346900318823,1.0,-1.198852598092795,,,
T3,2.0,4.328761281083057,0.21544346900318823,10.0,-2.1040297915211346,,,
T3,2.0,4.328761281083057,1.0,1e-10,-13086212.557686286,,,
T3,2.0,4.328761281083057,1.0,1e-09,-2424220.905217561,,,
T3,2.0,4.328761281083057,1.0,1e-08,-315988.43375967495,,,
T3,2.0,4.328761281083057,1.0,1e-07,-36581.50736765367,,,
T3,2.0,4.328761281083057,1.0,1e-06,-4655.179865847142,,,
T3,2.0,4.328761281083057,1.0,1e-05,-1207.3396884669694,,,
T3,2.0,4.328761281083057,1.0,0.0001,-476.2803975442469,,,
T3,2.0,4.328761281083057,1.0,0.001,-81.28341470506737,,,
T3,2.0,4.328761281083057,1.0,0.01,-8.654093556825979,,,
T3,2.0,4.328761281083057,1.0,0.1,-1.2292399583479265,,,
T3,2.0,4.328761281083057,1.0,1.0,-1.191363342692108,,,
T3,2.0,4.328761281083057,1.0,10.0,-2.1162617274393347,,,
T3,2.0,4.328761281083057,4.641588833612772,1e-10,-6869713.44619572,,,
T3,2.0,4.328761281083057,4.641588833612772,1e-09,-1682354.8348720155,,,
T3,2.0,4.328761281083057,4.641588833612772,1e-08,-272031.99356500024,,,
T3,2.0,4.328761281083057,4.641588833612772,1e-07,-33389.91163470798,,,
T3,2.0,4.328761281083057,4.641588833612772,1e-06,-3839.5742002141415,,,
T3,2.0,4.328761281083057,4.641588833612772,1e-05,-567.7664822856772,,,
T3,2.0,4.328761281083057,4.641588833612772,0.0001,-195.4297058934896,,,
T3,2.0,4.328761281083057,4.641588833612772,0.001,-61.223456987658174,,,
T3,2.0,4.328761281083057,4.641588833612772,0.01,-7.738820902266144,,,
T3,2.0,4.328761281083057,4.641588833612772,0.1,-0.9553704929075891,,,
T3,2.0,4.328761281083057,4.641588833612772,1.0,-1.1600249841271713,,,
T3,2.0,4.328761281083057,4.641588833612772,10.0,-2.133038239497022,,,
T3,2.0,4.328761281083057,21.54434690031882,1e-10,-2680917.531204568,,,
T3,2.0,4.328761281083057,21.54434690031882,1e-09,-974280.948819248,,,
T3,2.0,4.328761281083057,21.54434690031882,1e-08,-206821.48536922957,,,
T3,2.0,4.328761281083057,21.54434690031882,1e-07,-29579.9905523895,,,
T3,2.0,4.328761281083057,21.54434690031882,1e-06,-3496.8827167461764,,,
T3,2.0,4.328761281083057,21.54434690031882,1e-05,-408.9412440816319,,,
T3,2.0,4.328761281083057,21.54434690031882,0.0001,-75.52681245264657,,,
T3,2.0,4.328761281083057,21.54434690031882,0.001,-30.00528974029794,,,
T3,2.0,4.328761281083057,21.54434690031882,0.01,-6.413398428813187,,,
T3,2.0,4.328761281083057,21.54434690031882,0.1,-0.8787516856842853,,,
T3,2.0,4.328761281083057,21.54434690031882,1.0,-1.146766290771614,,,
T3,2.0,4.328761281083057,21.54434690031882,10.0,-2.151916749572358,,,
T3,2.0,4.328761281083057,100.0,1e-10,-743708.5713162702,,,
T3,2.0,4.328761281083057,100.0,1e-09,-449318.1119928374,,,
T3,2.0,4.328761281083057,100.0,1e-08,-130855.96041938341,,,
T3,2.0,4.328761281083057,100.0,1e-07,-24236.634327649423,,,
T3,2.0,4.328761281083057,100.0,1e-06,-3155.0498175423413,,,
T3,2.0,4.328761281083057,100.0,1e-05,-361.8355065576784,,,
T3,2.0,4.328761281083057,100.0,0.0001,-43.50497473859436,,,
T3,2.0,4.328761281083057,100.0,0.001,-10.012943814023513,,,
T3,2.0,4.328761281083057,100.0,0.01,-3.725911888029244,,,
T3,2.0,4.328761281083057,100.0,0.1,-0.8252446717894941,,,
T3,2.0,4.328761281083057,100.0,1.0,-1.167569084074194,,,
T3,2.0,4.328761281083057,100.0,10.0,-2.1764719217691746,,,
T3,2.0,4.328761281083057,464.1588833612773,1e-10,-172030.65685584547,,,
T3,2.0,4.328761281083057,464.1588833612773,1e-09,-146193.2218225551,,,
T3,2.0,4.328761281083057,464.1588833612773,1e-08,-68691.48973441994,,,
T3,2.0,4.328761281083057,464.1588833612773,1e-07,-16818.31764108242,,,
T3,2.0,4.328761281083057,464.1588833612773,1e-06,-2715.735263380215,,,
T3,2.0,4.328761281083057,464.1588833612773,1e-05,-330.0989044692189,,,
T3,2.0,4.328761281083057,464.1588833612773,0.0001,-35.47968286483251,,,
T3,2.0,4.328761281083057,464.1588833612773,0.001,-3.714469473624118,,,
T3,2.0,4.328761281083057,464.1588833612773,0.01,-0.9913916704152641,,,
T3,2.0,4.328761281083057,464.1588833612773,0.1,-0.6826197937335873,,,
T3,2.0,4.328761281083057,464.1588833612773,1.0,-1.2037711551024484,,,
T3,2.0,4.328761281083057,464.1588833612773,10.0,-2.2102174968309996,,,
T3,2.0,4.328761281083057,2154.4346900318824,1e-10,-37675.385497291536,,,
T3,2.0,4.328761281083057,2154.4346900318824,1e-09,-36200.646792481464,,,
T3,2.0,4.328761281083057,2154.4346900318824,1e-08,-26804.723496767,,,
T3,2.0,4.328761281083057,2154.4346900318824,1e-07,-9738.079537978154,,,
T3,2.0,4.328761281083057,2154.4346900318824,1e-06,-2063.945656438905,,,
T3,2.0,4.328761281083057,2154.4346900318824,1e-05,-292.2231648054732,,,
T3,2.0,4.328761281083057,2154.4346900318824,0.0001,-32.213869110630334,,,
T3,2.0,4.328761281083057,2154.4346900318824,0.001,-2.244414834425241,,,
T3,2.0,4.328761281083057,2154.4346900318824,0.01,0.11908496633842222,,,
T3,2.0,4.328761281083057,2154.4346900318824,0.1,-0.4383139822640498,,,
T3,2.0,4.328761281083057,2154.4346900318824,1.0,-1.244240946901637,,,
T3,2.0,4.328761281083057,2154.4346900318824,10.0,-2.2512945181375583,,,
T3,2.0,4.328761281083057,10000.0,1e-10,-8142.766452312241,,,
T3,2.0,4.328761281083057,10000.0,1e-09,-8070.74039994144,,,
T3,2.0,4.328761281083057,10000.0,1e-08,-7432.781505331675,,,
T3,2.0,4.328761281083057,10000.0,1e-07,-4488.956881920217,,,
T3,2.0,4.328761281083057,10000.0,1e-06,-1304.684364306027,,,
T3,2.0,4.328761281083057,10000.0,1e-05,-239.069753721135,,,
T3,2.0,4.328761281083057,10000.0,0.0001,-28.995579234429535,,,
T3,2.0,4.328761281083057,10000.0,0.001,-1.9183475710634723,,,
T3,2.0,4.328761281083057,10000.0,0.01,0.33221492940525293,,,
T3,2.0,4.328761281083057,10000.0,0.1,-0.3192356097128721,,,
T3,2.0,4.328761281083057,10000.0,1.0,-1.2799262735330499,,,
T3,2.0,4.328761281083057,10000.0,10.0,-2.300222213520794,,,
T3,2.0,12.32846739442066,0.0001,1e-10,-559434027.3810781,,,
T3,2.0,12.32846739442066,0.0001,1e-09,-85559909.99144007,,,
T3,2.0,12.32846739442066,0.0001,1e-08,-9459718.713896882,,,
T3,2.0,12.32846739442066,0.0001,1e-07,-1011943.6530855724,,,
T3,2.0,12.32846739442066,0.0001,1e-06,-131316.3789078951,,,
T3,2.0,12.32846739442066,0.0001,1e-05,-21568.018892232147,,,
T3,2.0,12.32846739442066,0.0001,0.0001,-2545.6863045804366,,,
T3,2.0,12.32846739442066,0.0001,0.001,-257.8260455063085,,,
T3,2.0,12.32846739442066,0.0001,0.01,-24.713448985454413,,,
T3,2.0,12.32846739442066,0.0001,0.1,-2.3781208176526305,,,
T3,2.0,12.32846739442066,0.0001,1.0,-1.1799943736643859,,,
T3,2.0,12.32846739442066,0.0001,10.0,-2.0963367482875865,,,
T3,2.0,12.32846739442066,0.00046415888336127773,1e-10,-253326345.61009496,,,
T3,2.0,12.32846739442066,0.00046415888336127773,1e-09,-69964637.18429549,,,
T3,2.0,12.32846739442066,0.00046415888336127773,1e-08,-8937780.775354711,,,
T3,2.0,12.32846739442066,0.00046415888336127773,1e-07,-965716.3678662817,,,
T3,2.0,12.32846739442066,0.00046415888336127773,1e-06,-105980.57168979474,,,
T3,2.0,12.32846739442066,0.00046415888336127773,1e-05,-15632.190320347023,,,
T3,2.0,12.32846739442066,0.00046415888336127773,0.0001,-2359.468390007888,,,
T3,2.0,12.32846739442066,0.00046415888336127773,0.001,-255.60679334348256,,,
T3,2.0,12.32846739442066,0.00046415888336127773,0.01,-24.697694348800386,,,
T3,2.0,12.32846739442066,0.00046415888336127773,0.1,-2.3794683761242945,,,
T3,2.0,12.32846739442066,0.00046415888336127773,1.0,-1.1801713842662727,,,
T3,2.0,12.32846739442066,0.00046415888336127773,10.0,-2.096354905153621,,,
T3,2.0,12.32846739442066,0.002154434690031882,1e-10,-96853997.17263901,,,
T3,2.0,12.32846739442066,0.002154434690031882,1e-09,-39686854.35613845,,,
T3,2.0,12.32846739442066,0.002154434690031882,1e-08,-7961996.394457209,,,
T3,2.0,12.32846739442066,0.002154434690031882,1e-07,-922410.1635945952,,,
T3,2.0,12.32846739442066,0.002154434690031882,1e-06,-98505.18226856278,,,
T3,2.0,12.32846739442066,0.002154434690031882,1e-05,-11502.939403442564,,,
T3,2.0,12.32846739442066,0.002154434690031882,0.0001,-1867.406122561427,,,
T3,2.0,12.32846739442066,0.002154434690031882,0.001,-246.03133056521887,,,
T3,2.0,12.32846739442066,0.002154434690031882,0.01,-24.60699396924488,,,
T3,2.0,12.32846739442066,0.002154434690031882,0.1,-2.3838922896513868,,,
T3,2.0,12.32846739442066,0.002154434690031882,1.0,-1.1809609573245237,,,
T3,2.0,12.32846739442066,0.002154434690031882,10.0,-2.0964388380585683,,,
T3,2.0,12.32846739442066,0.01,1e-10,-51662860.14454688,,,
T3,2.0,12.32846739442066,0.01,1e-09,-15426493.046635335,,,
T3,2.0,12.32846739442066,0.01,1e-08,-5594332.490572939,,,
T3,2.0,12.32846739442066,0.01,1e-07,-855592.3679563014,,,
T3,2.0,12.32846739442066,0.01,1e-06,-94591.51976989445,,,
T3,2.0,12.32846739442066,0.01,1e-05,-10114.847582779807,,,
T3,2.0,12.32846739442066,0.01,0.0001,-1309.6596150621544,,,
T3,2.0,12.32846739442066,0.01,0.001,-213.2718025460459,,,
T3,2.0,12.32846739442066,0.01,0.01,-24.156487770864533,,,
T3,2.0,12.32846739442066,0.01,0.1,-2.3912104453252896,,,
T3,2.0,12.32846739442066,0.01,1.0,-1.184074685225319,,,
T3,2.0,12.32846739442066,0.01,10.0,-2.096821202546006,,,
T3,2.0,12.32846739442066,0.046415888336127774,1e-10,-40201175.59784212,,,
T3,2.0,12.32846739442066,0.046415888336127774,1e-09,-6675474.704922213,,,
T3,2.0,12.32846739442066,0.046415888336127774,1e-08,-2533255.744536165,,,
T3,2.0,12.32846739442066,0.046415888336127774,1e-07,-699639.697976695,,,
T3,2.0,12.32846739442066,0.046415888336127774,1e-06,-89372.18871421789,,,
T3,2.0,12.32846739442066,0.046415888336127774,1e-05,-9652.614565024061,,,
T3,2.0,12.32846739442066,0.046415888336127774,0.0001,-1056.3375723122388,,,
T3,2.0,12.32846739442066,0.046415888336127774,0.001,-153.94113602961127,,,
T3,2.0,12.32846739442066,0.046415888336127774,0.01,-22.31462563726528,,,
T3,2.0,12.32846739442066,0.046415888336127774,0.1,-2.386071021051617,,,
T3,2.0,12.32846739442066,0.046415888336127774,1.0,-1.1927555681038904,,,
T3,2.0,12.32846739442066,0.046415888336127774,10.0,-2.09845714211666,,,
T3,2.0,12.32846739442066,0.21544346900318823,1e-10,-36240337.026372805,,,
T3,2.0,12.32846739442066,0.21544346900318823,1e-09,-4412513.472680439,,,
T3,2.0,12.32846739442066,0.21544346900318823,1e-08,-968532.3472918167,,,
T3,2.0,12.32846739442066,0.21544346900318823,1e-07,-396861.9354178511,,,
T3,2.0,12.32846739442066,0.21544346900318823,1e-06,-79614.40009594282,,,
T3,2.0,12.32846739442066,0.21544346900318823,1e-05,-9219.597261808396,,,
T3,2.0,12.32846739442066,0.21544346900318823,0.0001,-981.6221812519119,,,
T3,2.0,12.32846739442066,0.21544346900318823,0.001,-112.68261243640261,,,
T3,2.0,12.32846739442066,0.21544346900318823,0.01,-17.418373268022858,,,
T3,2.0,12.32846739442066,0.21544346900318823,0.1,-2.3095689493486047,,,
T3,2.0,12.32846739442066,0.21544346900318823,1.0,-1.2069481633502899,,,
T3,2.0,12.32846739442066,0.21544346900318823,10.0,-2.1040896936746334,,,
T3,2.0,12.32846739442066,1.0,1e-10,-33058005.15098556,,,
T3,2.0,12.32846739442066,1.0,1e-09,-3790280.8558433885,,,
T3,2.0,12.32846739442066,1.0,1e-08,-516621.079430711,,,
T3,2.0,12.32846739442066,1.0,1e-07,-154258.39927650912,,,
T3,2.0,12.32846739442066,1.0,1e-06,-55937.82255682388,,,
T3,2.0,12.32846739442066,1.0,1e-05,-8551.471272170027,,,
T3,2.0,12.32846739442066,1.0,0.0001,-942.5273879386234,,,
T3,2.0,12.32846739442066,1.0,0.001,-98.83908699477605,,,
T3,2.0,12.32846739442066,1.0,0.01,-11.871981375908334,,,
T3,2.0,12.32846739442066,1.0,0.1,-2.0038908912489233,,,
T3,2.0,12.32846739442066,1.0,1.0,-1.2207488448328756,,,
T3,2.0,12.32846739442066,1.0,10.0,-2.116421336779564,,,
T3,2.0,12.32846739442066,4.641588833612772,1e-10,-29168912.500463177,,,
T3,2.0,12.32846739442066,4.641588833612772,1e-09,-3470654.3057571994,,,
T3,2.0,12.32846739442066,4.641588833612772,1e-08,-402004.36555834085,,,
T3,2.0,12.32846739442066,4.641588833612772,1e-07,-66748.30737856065,,,
T3,2.0,12.32846739442066,4.641588833612772,1e-06,-25327.12602639725,,,
T3,2.0,12.32846739442066,4.641588833612772,1e-05,-6992.002730030028,,,
T3,2.0,12.32846739442066,4.641588833612772,0.0001,-890.3824076144643,,,
T3,2.0,12.32846739442066,4.641588833612772,0.001,-94.25659125607329,,,
T3,2.0,12.32846739442066,4.641588833612772,0.01,-9.374790379504528,,,
T3,2.0,12.32846739442066,4.641588833612772,0.1,-1.4382034285018581,,,
T3,2.0,12.32846739442066,4.641588833612772,1.0,-1.2226472356230946,,,
T3,2.0,12.32846739442066,4.641588833612772,10.0,-2.133423039891414,,,
T3,2.0,12.32846739442066,21.54434690031882,1e-10,-23624864.742530823,,,
T3,2.0,12.32846739442066,21.54434690031882,1e-09,-3122858.709653196,,,
T3,2.0,12.32846739442066,21.54434690031882,1e-08,-362396.04698827385,,,
T3,2.0,12.32846739442066,21.54434690031882,1e-07,-44118.80322402531,,,
T3,2.0,12.32846739442066,21.54434690031882,1e-06,-9679.975752846014,,,
T3,2.0,12.32846739442066,21.54434690031882,1e-05,-3964.290825827434,,,
T3,2.0,12.32846739442066,21.54434690031882,0.0001,-792.859708534107,,,
T3,2.0,12.32846739442066,21.54434690031882,0.001,-89.97115771192571,,,
T3,2.0,12.32846739442066,21.54434690031882,0.01,-8.666139620233196,,,
T3,2.0,12.32846739442066,21.54434690031882,0.1,-1.0596037684027055,,,
T3,2.0,12.32846739442066,21.54434690031882,1.0,-1.198055017153285,,,
T3,2.0,12.32846739442066,21.54434690031882,10.0,-2.1519105752537575,,,
T3,2.0,12.32846739442066,100.0,1e-10,-16116054.526664143,,,
T3,2.0,12.32846739442066,100.0,1e-09,-2669996.85772065,,,
T3,2.0,12.32846739442066,100.0,1e-08,-330573.2176920789,,,
T3,2.0,12.32846739442066,100.0,1e-07,-37896.61724444564,,,
T3,2.0,12.32846739442066,100.0,1e-06,-5160.9632506398175,,,
T3,2.0,12.32846739442066,100.0,1e-05,-1538.3324065526563,,,
T3,2.0,12.32846739442066,100.0,0.0001,-556.1554247506768,,,
T3,2.0,12.32846739442066,100.0,0.001,-83.3418644398646,,,
T3,2.0,12.32846739442066,100.0,0.01,-8.317023359905074,,,
T3,2.0,12.32846739442066,100.0,0.1,-0.9585612789635325,,,
T3,2.0,12.32846739442066,100.0,1.0,-1.1736642811096651,,,
T3,2.0,12.32846739442066,100.0,10.0,-2.1707710167650545,,,
T3,2.0,12.32846739442066,464.1588833612773,1e-10,-9185038.911589365,,,
T3,2.0,12.32846739442066,464.1588833612773,1e-09,-1998065.393043965,,,
T3,2.0,12.32846739442066,464.1588833612773,1e-08,-291679.0050332855,,,
T3,2.0,12.32846739442066,464.1588833612773,1e-07,-34700.48539059728,,,
T3,2.0,12.32846739442066,464.1588833612773,1e-06,-4014.9172417038812,,,
T3,2.0,12.32846739442066,464.1588833612773,1e-05,-663.3228903973223,,,
T3,2.0,12.32846739442066,464.1588833612773,0.0001,-250.11939316773623,,,
T3,2.0,12.32846739442066,464.1588833612773,0.001,-67.80533696302396,,,
T3,2.0,12.32846739442066,464.1588833612773,0.01,-7.843903799694329,,,
T3,2.0,12.32846739442066,464.1588833612773,0.1,-0.9525707605858298,,,
T3,2.0,12.32846739442066,464.1588833612773,1.0,-1.1847218022425319,,,
T3,2.0,12.32846739442066,464.1588833612773,10.0,-2.1927333445548833,,,
T3,2.0,12.32846739442066,2154.4346900318824,1e-10,-4123786.2991223685,,,
T3,2.0,12.32846739442066,2154.4346900318824,1e-09,-1243920.269485014,,,
T3,2.0,12.32846739442066,2154.4346900318824,1e-08,-236237.64059527923,,,
T3,2.0,12.32846739442066,2154.4346900318824,1e-07,-31222.74952653821,,,
T3,2.0,12.32846739442066,2154.4346900318824,1e-06,-3618.9836299829126,,,
T3,2.0,12.32846739442066,2154.4346900318824,1e-05,-437.13791792135,,,
T3,2.0,12.32846739442066,2154.4346900318824,0.0001,-93.73160327424063,,,
T3,2.0,12.32846739442066,2154.4346900318824,0.001,-37.593939028164606,,,
T3,2.0,12.32846739442066,2154.4346900318824,0.01,-6.923863891237303,,,
T3,2.0,12.32846739442066,2154.4346900318824,0.1,-0.9544559131715827,,,
T3,2.0,12.32846739442066,2154.4346900318824,1.0,-1.2161384459770441,,,
T3,2.0,12.32846739442066,2154.4346900318824,10.0,-2.22293292378397,,,
T3,2.0,12.32846739442066,10000.0,1e-10,-1303092.5751344417,,,
T3,2.0,12.32846739442066,10000.0,1e-09,-640112.7606444223,,,
T3,2.0,12.32846739442066,10000.0,1e-08,-161162.6039016418,,,
T3,2.0,12.32846739442066,10000.0,1e-07,-26694.47234855399,,,
T3,2.0,12.32846739442066,10000.0,1e-06,-3300.934931961062,,,
T3,2.0,12.32846739442066,10000.0,1e-05,-375.0500836169418,,,
T3,2.0,12.32846739442066,10000.0,0.0001,-48.64162200812943,,,
T3,2.0,12.32846739442066,10000.0,0.001,-13.41129567721355,,,
T3,2.0,12.32846739442066,10000.0,0.01,-4.618312662807381,,,
T3,2.0,12.32846739442066,10000.0,0.1,-0.9401296049385433,,,
T3,2.0,12.32846739442066,10000.0,1.0,-1.254478956180375,,,
T3,2.0,12.32846739442066,10000.0,10.0,-2.259315263869477,,,
T3,2.0,35.11191734215127,0.0001,1e-10,-936878985.2595809,,,
T3,2.0,35.11191734215127,0.0001,1e-09,-97366897.16111827,,,
T3,2.0,35.11191734215127,0.0001,1e-08,-10099598.65609374,,,
T3,2.0,35.11191734215127,0.0001,1e-07,-1261531.7779525379,,,
T3,2.0,35.11191734215127,0.0001,1e-06,-208486.9266242129,,,
T3,2.0,35.11191734215127,0.0001,1e-05,-25352.46811966203,,,
T3,2.0,35.11191734215127,0.0001,0.0001,-2598.203771151767,,,
T3,2.0,35.11191734215127,0.0001,0.001,-258.37115372227674,,,
T3,2.0,35.11191734215127,0.0001,0.01,-24.718909298955502,,,
T3,2.0,35.11191734215127,0.0001,0.1,-2.3781753815212405,,,
T3,2.0,35.11191734215127,0.0001,1.0,-1.1799949192382209,,,
T3,2.0,35.11191734215127,0.0001,10.0,-2.0963367537432567,,,
T3,2.0,35.11191734215127,0.00046415888336127773,1e-10,-897770863.2564157,,,
T3,2.0,35.11191734215127,0.00046415888336127773,1e-09,-95324212.27525,,,
T3,2.0,35.11191734215127,0.00046415888336127773,1e-08,-9810710.415749243,,,
T3,2.0,35.11191734215127,0.00046415888336127773,1e-07,-1047625.3363154603,,,
T3,2.0,35.11191734215127,0.00046415888336127773,1e-06,-148740.18912660383,,,
T3,2.0,35.11191734215127,0.00046415888336127773,1e-05,-23149.112292534825,,,
T3,2.0,35.11191734215127,0.00046415888336127773,0.0001,-2570.7996497635204,,,
T3,2.0,35.11191734215127,0.00046415888336127773,0.001,-258.09939394886203,,,
T3,2.0,35.11191734215127,0.00046415888336127773,0.01,-24.723028726113647,,,
T3,2.0,35.11191734215127,0.00046415888336127773,0.1,-2.3797214957501773,,,
T3,2.0,35.11191734215127,0.00046415888336127773,1.0,-1.1801739139395488,,,
T3,2.0,35.11191734215127,0.00046415888336127773,10.0,-2.0963549304484466,,,
T3,2.0,35.11191734215127,0.002154434690031882,1e-10,-835156285.4339004,,,
T3,2.0,35.11191734215127,0.002154434690031882,1e-09,-91791261.22106725,,,
T3,2.0,35.11191734215127,0.002154434690031882,1e-08,-9652609.984795764,,,
T3,2.0,35.11191734215127,0.002154434690031882,1e-07,-991220.9009036245,,,
T3,2.0,35.11191734215127,0.002154434690031882,1e-06,-112246.21909723924,,,
T3,2.0,35.11191734215127,0.002154434690031882,1e-05,-17846.44975966341,,,
T3,2.0,35.11191734215127,0.002154434690031882,0.0001,-2454.8083686776254,,,
T3,2.0,35.11191734215127,0.002154434690031882,0.001,-256.82552724822204,,,
T3,2.0,35.11191734215127,0.002154434690031882,0.01,-24.723824201105348,,,
T3,2.0,35.11191734215127,0.002154434690031882,0.1,-2.3850650135055993,,,
T3,2.0,35.11191734215127,0.002154434690031882,1.0,-1.1809726460498842,,,
T3,2.0,35.11191734215127,0.002154434690031882,10.0,-2.0964389548651914,,,
T3,2.0,35.11191734215127,0.01,1e-10,-659532156.1599091,,,
T3,2.0,35.11191734215127,0.01,1e-09,-87328503.09220973,,,
T3,2.0,35.11191734215127,0.01,1e-08,-9368781.99458995,,,
T3,2.0,35.11191734215127,0.01,1e-07,-973662.1913379582,,,
T3,2.0,35.11191734215127,0.01,1e-06,-100990.28838536305,,,
T3,2.0,35.11191734215127,0.01,1e-05,-12610.704412089406,,,
T3,2.0,35.11191734215127,0.01,0.0001,-2081.3503608899014,,,
T3,2.0,35.11191734215127,0.01,0.001,-251.11286368958986,,,
T3,2.0,35.11191734215127,0.01,0.01,-24.681265954234682,,,
T3,2.0,35.11191734215127,0.01,0.1,-2.3966283956569385,,,
T3,2.0,35.11191734215127,0.01,1.0,-1.1841281031257636,,,
T3,2.0,35.11191734215127,0.01,10.0,-2.0968217322286535,,,
T3,2.0,35.11191734215127,0.046415888336127774,1e-10,-348171101.77188975,,,
T3,2.0,35.11191734215127,0.046415888336127774,1e-09,-76875107.28149512,,,
T3,2.0,35.11191734215127,0.046415888336127774,1e-08,-8977700.823235724,,,
T3,2.0,35.11191734215127,0.046415888336127774,1e-07,-953235.3835899802,,,
T3,2.0,35.11191734215127,0.046415888336127774,1e-06,-98101.44415147984,,,
T3,2.0,35.11191734215127,0.046415888336127774,1e-05,-10471.676206245376,,,
T3,2.0,35.11191734215127,0.046415888336127774,0.0001,-1483.9115715561584,,,
T3,2.0,35.11191734215127,0.046415888336127774,0.001,-229.10016372779455,,,
T3,2.0,35.11191734215127,0.046415888336127774,0.01,-24.426192530009338,,,
T3,2.0,35.11191734215127,0.046415888336127774,0.1,-2.410816014236851,,,
T3,2.0,35.11191734215127,0.046415888336127774,1.0,-1.1929964047673267,,,
T3,2.0,35.11191734215127,0.046415888336127774,10.0,-2.098459371787483,,,
T3,2.0,35.11191734215127,0.21544346900318823,1e-10,-132901437.78381689,,,
T3,2.0,35.11191734215127,0.21544346900318823,1e-09,-50897936.4925677,,,
T3,2.0,35.11191734215127,0.21544346900318823,1e-08,-8351555.0817039665,,,
T3,2.0,35.11191734215127,0.21544346900318823,1e-07,-917905.9196224647,,,
T3,2.0,35.11191734215127,0.21544346900318823,1e-06,-96520.4794175794,,,
T3,2.0,35.11191734215127,0.21544346900318823,1e-05,-9907.669593327128,,,
T3,2.0,35.11191734215127,0.21544346900318823,0.0001,-1119.0063976319234,,,
T3,2.0,35.11191734215127,0.21544346900318823,0.001,-176.09877387522224,,,
T3,2.0,35.11191734215127,0.21544346900318823,0.01,-23.286157044225668,,,
T3,2.0,35.11191734215127,0.21544346900318823,0.1,-2.4166656299605673,,,
T3,2.0,35.11191734215127,0.21544346900318823,1.0,-1.2080367100882898,,,
T3,2.0,35.11191734215127,0.21544346900318823,10.0,-2.104097284670918,,,
T3,2.0,35.11191734215127,1.0,1e-10,-61338223.08874132,,,
T3,2.0,35.11191734215127,1.0,1e-09,-21751748.648606382,,,
T3,2.0,35.11191734215127,1.0,1e-08,-6595313.941814454,,,
T3,2.0,35.11191734215127,1.0,1e-07,-873278.3905575214,,,
T3,2.0,35.11191734215127,1.0,1e-06,-93682.24312472748,,,
T3,2.0,35.11191734215127,1.0,1e-05,-9732.121192667524,,,
T3,2.0,35.11191734215127,1.0,0.0001,-1006.4842677169406,,,
T3,2.0,35.11191734215127,1.0,0.001,-123.77323592538671,,,
T3,2.0,35.11191734215127,1.0,0.01,-19.574157498701354,,,
T3,2.0,35.11191734215127,1.0,0.1,-2.3788703719283086,,,
T3,2.0,35.11191734215127,1.0,1.0,-1.2256001443233995,,,
T3,2.0,35.11191734215127,1.0,10.0,-2.116442384454847,,,
T3,2.0,35.11191734215127,4.641588833612772,1e-10,-42932019.25038226,,,
T3,2.0,35.11191734215127,4.641588833612772,1e-09,-8568882.991907928,,,
T3,2.0,35.11191734215127,4.641588833612772,1e-08,-3481703.389135269,,,
T3,2.0,35.11191734215127,4.641588833612772,1e-07,-768744.4850564352,,,
T3,2.0,35.11191734215127,4.641588833612772,1e-06,-89771.48178503441,,,
T3,2.0,35.11191734215127,4.641588833612772,1e-05,-9527.894239126306,,,
T3,2.0,35.11191734215127,4.641588833612772,0.0001,-977.6339954350138,,,
T3,2.0,35.11191734215127,4.641588833612772,0.001,-102.4191643993714,,,
T3,2.0,35.11191734215127,4.641588833612772,0.01,-13.62835524774987,,,
T3,2.0,35.11191734215127,4.641588833612772,0.1,-2.1796016817886716,,,
T3,2.0,35.11191734215127,4.641588833612772,1.0,-1.2420171997382892,,,
T3,2.0,35.11191734215127,4.641588833612772,10.0,-2.133489476954704,,,
T3,2.0,35.11191734215127,21.54434690031882,1e-10,-37546970.643090434,,,
T3,2.0,35.11191734215127,21.54434690031882,1e-09,-4912394.613471283,,,
T3,2.0,35.11191734215127,21.54434690031882,1e-08,-1329006.6570423436,,,
T3,2.0,35.11191734215127,21.54434690031882,1e-07,-508972.8163135699,,,
T3,2.0,35.11191734215127,21.54434690031882,1e-06,-83510.07903496522,,,
T3,2.0,35.11191734215127,21.54434690031882,1e-05,-9174.646479120182,,,
T3,2.0,35.11191734215127,21.54434690031882,0.0001,-961.8639229892306,,,
T3,2.0,35.11191734215127,21.54434690031882,0.001,-96.81683948680029,,,
T3,2.0,35.11191734215127,21.54434690031882,0.01,-10.01382987768441,,,
T3,2.0,35.11191734215127,21.54434690031882,0.1,-1.6748232593977235,,,
T3,2.0,35.11191734215127,21.54434690031882,1.0,-1.2504941699555232,,,
T3,2.0,35.11191734215127,21.54434690031882,10.0,-2.152136255841802,,,
T3,2.0,35.11191734215127,100.0,1e-10,-34419335.3800158,,,
T3,2.0,35.11191734215127,100.0,1e-09,-3960306.073217059,,,
T3,2.0,35.11191734215127,100.0,1e-08,-613374.922201413,,,
T3,2.0,35.11191734215127,100.0,1e-07,-217511.0435281122,,,
T3,2.0,35.11191734215127,100.0,1e-06,-65947.72996738249,,,
T3,2.0,35.11191734215127,100.0,1e-05,-8728.4246176326,,,
T3,2.0,35.11191734215127,100.0,0.0001,-933.5251563831965,,,
T3,2.0,35.11191734215127,100.0,0.001,-95.1000505496014,,,
T3,2.0,35.11191734215127,100.0,0.01,-8.925785780389178,,,
T3,2.0,35.11191734215127,100.0,0.1,-1.1834834058123278,,,
T3,2.0,35.11191734215127,100.0,1.0,-1.2359547068536625,,,
T3,2.0,35.11191734215127,100.0,10.0,-2.171089680815812,,,
T3,2.0,35.11191734215127,464.1588833612773,1e-10,-30887604.46825937,,,
T3,2.0,35.11191734215127,464.1588833612773,1e-09,-3595366.384296353,,,
T3,2.0,35.11191734215127,464.1588833612773,1e-08,-429310.1257067833,,,
T3,2.0,35.11191734215127,464.1588833612773,1e-07,-85682.40934419839,,,
T3,2.0,35.11191734215127,464.1588833612773,1e-06,-34811.68952912789,,,
T3,2.0,35.11191734215127,464.1588833612773,1e-05,-7683.143302726427,,,
T3,2.0,35.11191734215127,464.1588833612773,0.0001,-894.4679377483453,,,
T3,2.0,35.11191734215127,464.1588833612773,0.001,-93.09890514497647,,,
T3,2.0,35.11191734215127,464.1588833612773,0.01,-8.675453119971767,,,
T3,2.0,35.11191734215127,464.1588833612773,0.1,-1.0061532230988437,,,
T3,2.0,35.11191734215127,464.1588833612773,1.0,-1.20508232673195,,,
T3,2.0,35.11191734215127,464.1588833612773,10.0,-2.18995530339279,,,
T3,2.0,35.11191734215127,2154.4346900318824,1e-10,-26275991.027715467,,,
T3,2.0,35.11191734215127,2154.4346900318824,1e-09,-3273382.8573972005,,,
T3,2.0,35.11191734215127,2154.4346900318824,1e-08,-375420.95460403885,,,
T3,2.0,35.11191734215127,2154.4346900318824,1e-07,-49117.460019747945,,,
T3,2.0,35.11191734215127,2154.4346900318824,1e-06,-13284.80185540453,,,
T3,2.0,35.11191734215127,2154.4346900318824,1e-05,-5085.489741532893,,,
T3,2.0,35.11191734215127,2154.4346900318824,0.0001,-831.9096445834272,,,
T3,2.0,35.11191734215127,2154.4346900318824,0.001,-89.61331620726583,,,
T3,2.0,35.11191734215127,2154.4346900318824,0.01,-8.557327380945683,,,
T3,2.0,35.11191734215127,2154.4346900318824,0.1,-0.9878711916588833,,,
T3,2.0,35.11191734215127,2154.4346900318824,1.0,-1.2034634421922854,,,
T3,2.0,35.11191734215127,2154.4346900318824,10.0,-2.210142995295775,,,
T3,2.0,35.11191734215127,10000.0,1e-10,-19593784.861467365,,,
T3,2.0,35.11191734215127,10000.0,1e-09,-2878405.744176249,,,
T3,2.0,35.11191734215127,10000.0,1e-08,-344093.17676102545,,,
T3,2.0,35.11191734215127,10000.0,1e-07,-39596.40972431579,,,
T3,2.0,35.11191734215127,10000.0,1e-06,-6128.574560515935,,,
T3,2.0,35.11191734215127,10000.0,1e-05,-2170.9445340587813,,,
T3,2.0,35.11191734215127,10000.0,0.0001,-656.3460913265433,,,
T3,2.0,35.11191734215127,10000.0,0.001,-85.20451086323327,,,
T3,2.0,35.11191734215127,10000.0,0.01,-8.317536162421856,,,
T3,2.0,35.11191734215127,10000.0,0.1,-1.0093983713351944,,,
T3,2.0,35.11191734215127,10000.0,1.0,-1.2297602030988237,,,
T3,2.0,35.11191734215127,10000.0,10.0,-2.237145122680717,,,
T3,2.0,100.0,0.0001,1e-10,-978890359.5853503,,,
T3,2.0,100.0,0.0001,1e-09,-100455142.41490743,,,
T3,2.0,100.0,0.0001,1e-08,-12158151.141242968,,,
T3,2.0,100.0,0.0001,1e-07,-2007691.4603381504,,,
T3,2.0,100.0,0.0001,1e-06,-251939.51876573294,,,
T3,2.0,100.0,0.0001,1e-05,-25995.703553609743,,,
T3,2.0,100.0,0.0001,0.0001,-2604.9435468810107,,,
T3,2.0,100.0,0.0001,0.001,-258.4388265404283,,,
T3,2.0,100.0,0.0001,0.01,-24.719584877784577,,,
T3,2.0,100.0,0.0001,0.1,-2.3781821301242214,,,
T3,2.0,100.0,0.0001,1.0,-1.1799949867138841,,,
T3,2.0,100.0,0.0001,10.0,-2.0963367544180023,,,
T3,2.0,100.0,0.00046415888336127773,1e-10,-972994837.7962383,,,
T3,2.0,100.0,0.00046415888336127773,1e-09,-98267502.19603893,,,
T3,2.0,100.0,0.00046415888336127773,1e-08,-10352049.940715272,,,
T3,2.0,100.0,0.00046415888336127773,1e-07,-1417071.1858842922,,,
T3,2.0,100.0,0.00046415888336127773,1e-06,-226134.94729379634,,,
T3,2.0,100.0,0.00046415888336127773,1e-05,-25659.687758123597,,,
T3,2.0,100.0,0.00046415888336127773,0.0001,-2601.4920651352936,,,
T3,2.0,100.0,0.00046415888336127773,0.001,-258.41306559671034,,,
T3,2.0,100.0,0.00046415888336127773,0.01,-24.726167549519616,,,
T3,2.0,100.0,0.00046415888336127773,0.1,-2.3797528066083133,,,
T3,2.0,100.0,0.00046415888336127773,1.0,-1.180174226809356,,,
T3,2.0,100.0,0.00046415888336127773,10.0,-2.096354933576858,,,
T3,2.0,100.0,0.002154434690031882,1e-10,-958929190.3887546,,,
T3,2.0,100.0,0.002154434690031882,1e-09,-97618363.76764122,,,
T3,2.0,100.0,0.002154434690031882,1e-08,-9898158.053345736,,,
T3,2.0,100.0,0.002154434690031882,1e-07,-1097334.9454074404,,,
T3,2.0,100.0,0.002154434690031882,1e-06,-169997.3984509931,,,
T3,2.0,100.0,0.002154434690031882,1e-05,-24266.234300762437,,,
T3,2.0,100.0,0.002154434690031882,0.0001,-2585.6390535929095,,,
T3,2.0,100.0,0.002154434690031882,0.001,-258.2687082320762,,,
T3,2.0,100.0,0.002154434690031882,0.01,-24.73839101430408,,,
T3,2.0,100.0,0.002154434690031882,0.1,-2.3852101724780974,,,
T3,2.0,100.0,0.002154434690031882,1.0,-1.1809740917979037,,,
T3,2.0,100.0,0.002154434690031882,10.0,-2.0964389693116052,,,
T3,2.0,100.0,0.01,1e-10,-929425840.0982962,,,
T3,2.0,100.0,0.01,1e-09,-96778776.026776,,,
T3,2.0,100.0,0.01,1e-08,-9788895.70772706,,,
T3,2.0,100.0,0.01,1e-07,-1004544.6171799628,,,
T3,2.0,100.0,0.01,1e-06,-121575.78893383409,,,
T3,2.0,100.0,0.01,1e-05,-20072.285305848876,,,
T3,2.0,100.0,0.01,0.0001,-2515.872188350083,,,
T3,2.0,100.0,0.01,0.001,-257.5447188256922,,,
T3,2.0,100.0,0.01,0.01,-24.748613728657567,,,
T3,2.0,100.0,0.01,0.1,-2.3973010154925456,,,
T3,2.0,100.0,0.01,1.0,-1.184134712157328,,,
T3,2.0,100.0,0.01,10.0,-2.0968217977390973,,,
T3,2.0,100.0,0.046415888336127774,1e-10,-899669766.7892106,,,
T3,2.0,100.0,0.046415888336127774,1e-09,-94560975.97519423,,,
T3,2.0,100.0,0.046415888336127774,1e-08,-9729940.512208987,,,
T3,2.0,100.0,0.046415888336127774,1e-07,-982668.25271948,,,
T3,2.0,100.0,0.046415888336127774,1e-06,-103514.81341790961,,,
T3,2.0,100.0,0.046415888336127774,1e-05,-14166.11209236607,,,
T3,2.0,100.0,0.046415888336127774,0.0001,-2257.847733450733,,,
T3,2.0,100.0,0.046415888336127774,0.001,-254.20379189004058,,,
T3,2.0,100.0,0.046415888336127774,0.01,-24.73288241275977,,,
T3,2.0,100.0,0.046415888336127774,0.1,-2.413930134033125,,,
T3,2.0,100.0,0.046415888336127774,1.0,-1.1930262435675867,,,
T3,2.0,100.0,0.046415888336127774,10.0,-2.0984596475624206,,,
T3,2.0,100.0,0.21544346900318823,1e-10,-861991675.621175,,,
T3,2.0,100.0,0.21544346900318823,1e-09,-91367775.96977434,,,
T3,2.0,100.0,0.21544346900318823,1e-08,-9589284.060984697,,,
T3,2.0,100.0,0.21544346900318823,1e-07,-976176.9059757187,,,
T3,2.0,100.0,0.21544346900318823,1e-06,-98975.93220810383,,,
T3,2.0,100.0,0.21544346900318823,1e-05,-10968.784743450607,,,
T3,2.0,100.0,0.21544346900318823,0.0001,-1696.4983530868763,,,
T3,2.0,100.0,0.21544346900318823,0.001,-240.2893840328767,,,
T3,2.0,100.0,0.21544346900318823,0.01,-24.593417734281008,,,
T3,2.0,100.0,0.21544346900318823,0.1,-2.430988661292069,,,
T3,2.0,100.0,0.21544346900318823,1.0,-1.208172467613289,,,
T3,2.0,100.0,0.21544346900318823,10.0,-2.104098224039415,,,
T3,2.0,100.0,1.0,1e-10,-746919526.1630551,,,
T3,2.0,100.0,1.0,1e-09,-88463326.74056794,,,
T3,2.0,100.0,1.0,1e-08,-9294250.39179426,,,
T3,2.0,100.0,1.0,1e-07,-967781.0647656294,,,
T3,2.0,100.0,1.0,1e-06,-97883.3467678339,,,
T3,2.0,100.0,1.0,1e-05,-10040.918730213714,,,
T3,2.0,100.0,1.0,0.0001,-1212.3149697059957,,,
T3,2.0,100.0,1.0,0.001,-198.3731147661489,,,
T3,2.0,100.0,1.0,0.01,-23.91528181829718,,,
T3,2.0,100.0,1.0,0.1,-2.442689719915512,,,
T3,2.0,100.0,1.0,1.0,-1.2262236391980808,,,
T3,2.0,100.0,1.0,10.0,-2.1164450023072936,,,
T3,2.0,100.0,4.641588833612772,1e-10,-471161103.07840794,,,
T3,2.0,100.0,4.641588833612772,1e-09,-82102400.5577651,,,
T3,2.0,100.0,4.641588833612772,1e-08,-8996690.419742431,,,
T3,2.0,100.0,4.641588833612772,1e-07,-945603.1105515333,,,
T3,2.0,100.0,4.641588833612772,1e-06,-97293.83352893633,,,
T3,2.0,100.0,4.641588833612772,1e-05,-9822.19297597704,,,
T3,2.0,100.0,4.641588833612772,0.0001,-1031.741705598422,,,
T3,2.0,100.0,4.641588833612772,0.001,-139.34091371341623,,,
T3,2.0,100.0,4.641588833612772,0.01,-21.3562970898212,,,
T3,2.0,100.0,4.641588833612772,0.1,-2.428511469774942,,,
T3,2.0,100.0,4.641588833612772,1.0,-1.244849827598556,,,
T3,2.0,100.0,4.641588833612772,10.0,-2.13349802147046,,,
T3,2.0,100.0,21.54434690031882,1e-10,-194168391.72433737,,,
T3,2.0,100.0,21.54434690031882,1e-09,-62755869.535516955,,,
T3,2.0,100.0,21.54434690031882,1e-08,-8619916.64607491,,,
T3,2.0,100.0,21.54434690031882,1e-07,-913671.2042401864,,,
T3,2.0,100.0,21.54434690031882,1e-06,-95887.30969549224,,,
T3,2.0,100.0,21.54434690031882,1e-05,-9757.317750526217,,,
T3,2.0,100.0,21.54434690031882,0.0001,-986.3905639350738,,,
T3,2.0,100.0,21.54434690031882,0.001,-107.40269612856419,,,
T3,2.0,100.0,21.54434690031882,0.01,-15.76891135136816,,,
T3,2.0,100.0,21.54434690031882,0.1,-2.309494107665686,,,
T3,2.0,100.0,21.54434690031882,1.0,-1.262520617758789,,,
T3,2.0,100.0,21.54434690031882,10.0,-2.152170707648081,,,
T3,2.0,100.0,100.0,1e-10,-78725437.48199825,,,
T3,2.0,100.0,100.0,1e-09,-31436328.65749807,,,
T3,2.0,100.0,100.0,1e-08,-7469169.464269826,,,
T3,2.0,100.0,100.0,1e-07,-884626.6605376698,,,
T3,2.0,100.0,100.0,1e-06,-92937.0137217964,,,
T3,2.0,100.0,100.0,1e-05,-9673.398491850236,,,
T3,2.0,100.0,100.0,0.0001,-975.5027544992918,,,
T3,2.0,100.0,100.0,0.001,-98.16130535773884,,,
T3,2.0,100.0,100.0,0.01,-10.959789311156808,,,
T3,2.0,100.0,100.0,0.1,-1.913552097424072,,,
T3,2.0,100.0,100.0,1.0,-1.2752719950443165,,,
T3,2.0,100.0,100.0,10.0,-2.171228670921862,,,
T3,2.0,100.0,464.1588833612773,1e-10,-47420962.245253235,,,
T3,2.0,100.0,464.1588833612773,1e-09,-11946426.100713126,,,
T3,2.0,100.0,464.1588833612773,1e-08,-4711618.775183032,,,
T3,2.0,100.0,464.1588833612773,1e-07,-821017.8058560167,,,
T3,2.0,100.0,464.1588833612773,1e-06,-89961.47080636711,,,
T3,2.0,100.0,464.1588833612773,1e-05,-9451.661518749986,,,
T3,2.0,100.0,464.1588833612773,0.0001,-969.6461820413745,,,
T3,2.0,100.0,464.1588833612773,0.001,-96.0119362817911,,,
T3,2.0,100.0,464.1588833612773,0.01,-9.190547707366946,,,
T3,2.0,100.0,464.1588833612773,0.1,-1.352761168772732,,,
T3,2.0,100.0,464.1588833612773,1.0,-1.270941968270924,,,
T3,2.0,100.0,464.1588833612773,10.0,-2.190317907636362,,,
T3,2.0,100.0,2154.4346900318824,1e-10,-38941860.78342821,,,
T3,2.0,100.0,2154.4346900318824,1e-09,-5790474.908920478,,,
T3,2.0,100.0,2154.4346900318824,1e-08,-1941653.818946009,,,
T3,2.0,100.0,2154.4346900318824,1e-07,-627551.5826990427,,,
T3,2.0,100.0,2154.4346900318824,1e-06,-86193.72739567209,,,
T3,2.0,100.0,2154.4346900318824,1e-05,-9132.390627521585,,,
T3,2.0,100.0,2154.4346900318824,0.0001,-955.6213267705922,,,
T3,2.0,100.0,2154.4346900318824,0.001,-95.40141718623714,,,
T3,2.0,100.0,2154.4346900318824,0.01,-8.774706665519867,,,
T3,2.0,100.0,2154.4346900318824,0.1,-1.0684348968741948,,,
T3,2.0,100.0,2154.4346900318824,1.0,-1.2411761759975897,,,
T3,2.0,100.0,2154.4346900318824,10.0,-2.2092544504747207,,,
T3,2.0,100.0,10000.0,1e-10,-34840095.658149615,,,
T3,2.0,100.0,10000.0,1e-09,-4187777.7566929706,,,
T3,2.0,100.0,10000.0,1e-08,-787290.5952228906,,,
T3,2.0,100.0,10000.0,1e-07,-314359.11128496926,,,
T3,2.0,100.0,10000.0,1e-06,-74686.50546796805,,,
T3,2.0,100.0,10000.0,1e-05,-8842.000042307795,,,
T3,2.0,100.0,10000.0,0.0001,-926.163806068831,,,
T3,2.0,100.0,10000.0,0.001,-94.60141767094072,,,
T3,2.0,100.0,10000.0,0.01,-8.703873884671326,,,
T3,2.0,100.0,10000.0,0.1,-1.013290354059946,,,
T3,2.0,100.0,10000.0,1.0,-1.2257967493009956,,,
T3,2.0,100.0,10000.0,10.0,-2.228515712801504,,,
